v -0.0020000000949949026 -0.006000889930874109 0.001265570055693388
v -0.0020000000949949026 -0.007454540580511093 0.005041670054197311
v -0.0020000000949949026 -0.008467620238661766 0.003049680031836033
v -0.0020000000949949026 -0.008957600221037865 0.0008792700828053057
v -0.0020000000949949026 -0.006000889930874109 0.001265570055693388
v -0.0020000000949949026 -0.008467620238661766 0.003049680031836033
v -0.0020000000949949026 -0.005981810390949249 0.006722670514136553
v -0.0020000000949949026 -0.007454540580511093 0.005041670054197311
v -0.0020000000949949026 -0.006000889930874109 0.001265570055693388
v -0.0020000000949949026 -0.006000889930874109 0.001265570055693388
v -0.0020000000949949026 -0.005870410241186619 0.0020811802241951227
v -0.0020000000949949026 -0.005981810390949249 0.006722670514136553
v -0.0020000000949949026 -0.005981810390949249 0.006722670514136553
v -0.0020000000949949026 -0.005870410241186619 0.0020811802241951227
v -0.0020000000949949026 -0.005493170116096735 0.002702070167288184
v -0.0020000000949949026 -0.005981810390949249 0.006722670514136553
v -0.0020000000949949026 -0.005493170116096735 0.002702070167288184
v -0.0020000000949949026 -0.0049199303612113 0.0031468700617551804
v -0.0020000000949949026 -0.005981810390949249 0.006722670514136553
v -0.0020000000949949026 -0.0049199303612113 0.0031468700617551804
v -0.0020000000949949026 -0.004225070122629404 0.0033580700401216745
v -0.0020000000949949026 -0.004140300210565329 0.007989670149981976
v -0.0020000000949949026 -0.005981810390949249 0.006722670514136553
v -0.0020000000949949026 -0.004225070122629404 0.0033580700401216745
v -0.0020000000949949026 -0.004225070122629404 0.0033580700401216745
v -0.0020000000949949026 -0.0035008902195841074 0.0033071700017899275
v -0.0020000000949949026 -0.004140300210565329 0.007989670149981976
v -0.0020000000949949026 -0.004140300210565329 0.007989670149981976
v -0.0020000000949949026 -0.0035008902195841074 0.0033071700017899275
v -0.0019958000630140305 0.0010491100838407874 0.002954469993710518
v -0.0020000000949949026 -0.0020435701590031385 0.008762669749557972
v -0.0020000000949949026 -0.004140300210565329 0.007989670149981976
v -0.0019958000630140305 0.0010491100838407874 0.002954469993710518
v -0.0020000000949949026 0.00017908999870996922 0.008995670825242996
v -0.0020000000949949026 -0.0020435701590031385 0.008762669749557972
v -0.0019958000630140305 0.0010491100838407874 0.002954469993710518
v -0.0020000000949949026 0.002390640089288354 0.008673680946230888
v -0.0020000000949949026 0.00017908999870996922 0.008995670825242996
v -0.0019958000630140305 0.0010491100838407874 0.002954469993710518
v -0.0020000000949949026 0.002390640089288354 0.008673680946230888
v -0.0019958000630140305 0.0010491100838407874 0.002954469993710518
v -0.0018660000059753656 0.0047793202102184296 0.003432470140978694
v -0.0020000000949949026 0.004454730078577995 0.007817670702934265
v -0.0020000000949949026 0.002390640089288354 0.008673680946230888
v -0.0018660000059753656 0.0047793202102184296 0.003432470140978694
v -0.0018660000059753656 0.0047793202102184296 0.003432470140978694
v -0.0020000000949949026 0.005042500328272581 0.004355269949883223
v -0.0020000000949949026 0.004454730078577995 0.007817670702934265
v -0.0020000000949949026 0.004454730078577995 0.007817670702934265
v -0.0020000000949949026 0.005042500328272581 0.004355269949883223
v -0.0020000000949949026 0.0058583603240549564 0.004749570041894913
v -0.0020000000949949026 0.006244140677154064 0.006478680297732353
v -0.0020000000949949026 0.004454730078577995 0.007817670702934265
v -0.0020000000949949026 0.0058583603240549564 0.004749570041894913
v -0.0020000000949949026 0.0058583603240549564 0.004749570041894913
v -0.0020000000949949026 0.0067537203431129456 0.004882170353084803
v -0.0020000000949949026 0.006244140677154064 0.006478680297732353
v -0.0020000000949949026 0.007647070102393627 0.00474197044968605
v -0.0020000000949949026 0.006244140677154064 0.006478680297732353
v -0.0020000000949949026 0.0067537203431129456 0.004882170353084803
v -0.006000000052154064 0.007998830638825893 -6.943000335013494e-05
v -0.006000000052154064 0.007708890363574028 -0.0021376300137490034
v -0.006000000052154064 0.00774360029026866 0.0020033700857311487
v -0.006000000052154064 0.006960600148886442 0.003939480055123568
v -0.006000000052154064 0.00774360029026866 0.0020033700857311487
v -0.006000000052154064 0.007708890363574028 -0.0021376300137490034
v -0.006000000052154064 0.007708890363574028 -0.0021376300137490034
v -0.006000000052154064 0.006893540266901255 -0.004060229752212763
v -0.006000000052154064 0.006960600148886442 0.003939480055123568
v -0.006000000052154064 0.005703190341591835 0.005606670398265123
v -0.006000000052154064 0.006960600148886442 0.003939480055123568
v -0.006000000052154064 0.006893540266901255 -0.004060229752212763
v -0.006000000052154064 0.006893540266901255 -0.004060229752212763
v -0.006000000052154064 0.005608340725302696 -0.005706430412828922
v -0.006000000052154064 0.005703190341591835 0.005606670398265123
v -0.006000000052154064 0.004057050216943026 0.006891670636832714
v -0.006000000052154064 0.005703190341591835 0.005606670398265123
v -0.006000000052154064 0.005608340725302696 -0.005706430412828922
v -0.006000000052154064 0.005608340725302696 -0.005706430412828922
v -0.006000000052154064 0.003940890077501535 -0.006963830441236496
v -0.006000000052154064 0.004057050216943026 0.006891670636832714
v -0.006000000052154064 0.0021343701519072056 0.007707670796662569
v -0.006000000052154064 0.004057050216943026 0.006891670636832714
v -0.006000000052154064 0.003940890077501535 -0.006963830441236496
v -0.006000000052154064 0.003940890077501535 -0.006963830441236496
v -0.006000000052154064 0.002004810143262148 -0.007746830582618713
v -0.006000000052154064 0.0021343701519072056 0.007707670796662569
v -0.006000000052154064 0.0021343701519072056 0.007707670796662569
v -0.006000000052154064 0.002004810143262148 -0.007746830582618713
v -0.006000000052154064 -8.900000807443575e-07 -2.330000143047073e-06
v -0.006000000052154064 6.618000043090433e-05 0.007997670210897923
v -0.006000000052154064 0.0021343701519072056 0.007707670796662569
v -0.006000000052154064 -8.900000807443575e-07 -2.330000143047073e-06
v -0.006000000052154064 0.002004810143262148 -0.007746830582618713
v -0.006000000052154064 -6.79500080877915e-05 -0.008002030663192272
v -0.006000000052154064 -8.900000807443575e-07 -2.330000143047073e-06
v -0.006000000052154064 -6.79500080877915e-05 -0.008002030663192272
v -0.006000000052154064 -0.0021361499093472958 -0.007712130434811115
v -0.006000000052154064 -8.900000807443575e-07 -2.330000143047073e-06
v -0.003605599980801344 0.004599110223352909 -0.0077379303984344006
v -0.003605599980801344 0.0058747101575136185 -0.006819719914346933
v 0.0036055000964552164 0.004599110223352909 -0.0077379303984344006
v 0.0036055000964552164 0.0058747101575136185 -0.006819730158895254
v 0.0036055000964552164 0.004599110223352909 -0.0077379303984344006
v -0.003605599980801344 0.0058747101575136185 -0.006819719914346933
v -0.003605599980801344 0.0058747101575136185 -0.006819719914346933
v -0.003605599980801344 0.006971120368689299 -0.005693630315363407
v 0.0036055000964552164 0.0058747101575136185 -0.006819730158895254
v 0.0036055000964552164 0.006971110124140978 -0.005693630315363407
v 0.0036055000964552164 0.0058747101575136185 -0.006819730158895254
v -0.003605599980801344 0.006971120368689299 -0.005693630315363407
v -0.003605599980801344 0.006971120368689299 -0.005693630315363407
v -0.003605599980801344 0.007854900322854519 -0.004393930081278086
v 0.0036055000964552164 0.006971110124140978 -0.005693630315363407
v 0.0036055000964552164 0.007854900322854519 -0.004393930081278086
v 0.0036055000964552164 0.006971110124140978 -0.005693630315363407
v -0.003605599980801344 0.007854900322854519 -0.004393930081278086
v -0.003605599980801344 0.007854900322854519 -0.004393930081278086
v -0.003605599980801344 0.00849911104887724 -0.002960330108180642
v 0.0036055000964552164 0.007854900322854519 -0.004393930081278086
v 0.0036055000964552164 0.00849911104887724 -0.002960330108180642
v 0.0036055000964552164 0.007854900322854519 -0.004393930081278086
v -0.003605599980801344 0.00849911104887724 -0.002960330108180642
v -0.003605599980801344 -0.0050008902326226234 -0.007485630456358194
v -0.003605599980801344 -0.0034453002735972404 -0.008317120373249054
v 0.0036055000964552164 -0.0050008902326226234 -0.007485630456358194
v 0.0036055000964552164 -0.003444960340857506 -0.008317230269312859
v 0.0036055000964552164 -0.0050008902326226234 -0.007485630456358194
v -0.003605599980801344 -0.0034453002735972404 -0.008317120373249054
v -0.003605599980801344 -0.0034453002735972404 -0.008317120373249054
v -0.003605599980801344 -0.001757370075210929 -0.008829220198094845
v 0.0036055000964552164 -0.003444960340857506 -0.008317230269312859
v 0.0036055000964552164 -0.0017566500464454293 -0.008829429745674133
v 0.0036055000964552164 -0.003444960340857506 -0.008317230269312859
v -0.003605599980801344 -0.001757370075210929 -0.008829220198094845
v -0.003605599980801344 -0.001757370075210929 -0.008829220198094845
v -0.003605599980801344 -8.900000807443575e-07 -0.009002330712974072
v 0.0036055000964552164 -0.0017566500464454293 -0.008829429745674133
v 0.0036055000964552164 -8.900000807443575e-07 -0.009002330712974072
v 0.0036055000964552164 -0.0017566500464454293 -0.008829429745674133
v -0.003605599980801344 -8.900000807443575e-07 -0.009002330712974072
v -0.003605599980801344 0.0074936505407094955 0.004980870522558689
v -0.0020000000949949026 0.007647070102393627 0.00474197044968605
v -0.001896000117994845 0.008009200915694237 0.004101170226931572
v -0.003605599980801344 0.0074936505407094955 0.004980870522558689
v -0.001896000117994845 0.008009200915694237 0.004101170226931572
v -0.0017068000743165612 0.008238750509917736 0.003617869922891259
v -0.003605599980801344 0.0074936505407094955 0.004980870522558689
v -0.0017068000743165612 0.008238750509917736 0.003617869922891259
v -0.001341800088994205 0.00849911104887724 0.00295567000284791
v -0.003605599980801344 0.00849911104887724 0.00295567000284791
v -0.003605599980801344 0.0074936505407094955 0.004980870522558689
v -0.001341800088994205 0.00849911104887724 0.00295567000284791
v -0.0020000000949949026 0.006244140677154064 0.006478680297732353
v -0.0020000000949949026 0.007647070102393627 0.00474197044968605
v -0.003605599980801344 0.0074936505407094955 0.004980870522558689
v -0.003605599980801344 0.0074936505407094955 0.004980870522558689
v -0.003605599980801344 0.00601519038900733 0.006691670045256615
v -0.0020000000949949026 0.006244140677154064 0.006478680297732353
v -0.0020000000949949026 0.004454730078577995 0.007817670702934265
v -0.0020000000949949026 0.006244140677154064 0.006478680297732353
v -0.003605599980801344 0.00601519038900733 0.006691670045256615
v -0.003605599980801344 0.00601519038900733 0.006691670045256615
v -0.003605599980801344 0.0041570402681827545 0.00797968078404665
v -0.0020000000949949026 0.004454730078577995 0.007817670702934265
v -0.0020000000949949026 0.002390640089288354 0.008673680946230888
v -0.0020000000949949026 0.004454730078577995 0.007817670702934265
v -0.003605599980801344 0.0041570402681827545 0.00797968078404665
v -0.003605599980801344 0.0041570402681827545 0.00797968078404665
v -0.003605599980801344 0.002036469988524914 0.008763669990003109
v -0.0020000000949949026 0.002390640089288354 0.008673680946230888
v -0.0020000000949949026 0.00017908999870996922 0.008995670825242996
v -0.0020000000949949026 0.002390640089288354 0.008673680946230888
v -0.003605599980801344 0.002036469988524914 0.008763669990003109
v -0.003605599980801344 0.002036469988524914 0.008763669990003109
v -0.003605599980801344 -0.00021260000357870013 0.008995670825242996
v -0.0020000000949949026 0.00017908999870996922 0.008995670825242996
v -0.0020000000949949026 -0.0020435701590031385 0.008762669749557972
v -0.0020000000949949026 0.00017908999870996922 0.008995670825242996
v -0.003605599980801344 -0.00021260000357870013 0.008995670825242996
v -0.003605599980801344 -0.00021260000357870013 0.008995670825242996
v -0.003605599980801344 -0.0024484803434461355 0.008658680133521557
v -0.0020000000949949026 -0.0020435701590031385 0.008762669749557972
v -0.0020000000949949026 -0.004140300210565329 0.007989670149981976
v -0.0020000000949949026 -0.0020435701590031385 0.008762669749557972
v -0.003605599980801344 -0.0024484803434461355 0.008658680133521557
v -0.003605599980801344 -0.0024484803434461355 0.008658680133521557
v -0.003605599980801344 -0.004529760219156742 0.007774670608341694
v -0.0020000000949949026 -0.004140300210565329 0.007989670149981976
v -0.0020000000949949026 -0.005981810390949249 0.006722670514136553
v -0.0020000000949949026 -0.004140300210565329 0.007989670149981976
v -0.003605599980801344 -0.004529760219156742 0.007774670608341694
v -0.003605599980801344 -0.004529760219156742 0.007774670608341694
v -0.003605599980801344 -0.006325250491499901 0.006400670390576124
v -0.0020000000949949026 -0.005981810390949249 0.006722670514136553
v -0.0020000000949949026 -0.007454540580511093 0.005041670054197311
v -0.0020000000949949026 -0.005981810390949249 0.006722670514136553
v -0.003605599980801344 -0.006325250491499901 0.006400670390576124
v -0.003605599980801344 -0.0077215805649757385 0.004622670356184244
v -0.0020000000949949026 -0.007454540580511093 0.005041670054197311
v -0.003605599980801344 -0.006325250491499901 0.006400670390576124
v -0.0020000000949949026 -0.008467620238661766 0.003049680031836033
v -0.0020000000949949026 -0.007454540580511093 0.005041670054197311
v -0.003605599980801344 -0.0077215805649757385 0.004622670356184244
v -0.003605599980801344 -0.0077215805649757385 0.004622670356184244
v -0.003605599980801344 -0.008630650117993355 0.0025524802040308714
v -0.0020000000949949026 -0.008467620238661766 0.003049680031836033
v -0.0020000000949949026 -0.008957600221037865 0.0008792700828053057
v -0.0020000000949949026 -0.008467620238661766 0.003049680031836033
v -0.003605599980801344 -0.008630650117993355 0.0025524802040308714
v -0.003605599980801344 -0.008630650117993355 0.0025524802040308714
v -0.003605599980801344 -0.00899508036673069 0.000321080005960539
v -0.0020000000949949026 -0.008957600221037865 0.0008792700828053057
v -0.003605599980801344 -0.008791860193014145 -0.0019307200564071536
v -0.0026748001109808683 -0.008874800056219101 -0.001503520063124597
v -0.002180900191888213 -0.008999730460345745 -0.00014673001714982092
v -0.0031522000208497047 -0.008549950085580349 -0.0028154300525784492
v -0.0026748001109808683 -0.008874800056219101 -0.001503520063124597
v -0.003605599980801344 -0.008791860193014145 -0.0019307200564071536
v -0.003605599980801344 -0.008791860193014145 -0.0019307200564071536
v -0.003605599980801344 -0.008033829741179943 -0.004060930106788874
v -0.0031522000208497047 -0.008549950085580349 -0.0028154300525784492
v 0.0013747999910265207 -0.0050008902326226234 -0.000584330060519278
v 0.0010000000474974513 -0.0050008902326226234 0.001106170006096363
v 0.0 -0.0050008902326226234 -2.330000143047073e-06
v 0.0 -0.0050008902326226234 -2.330000143047073e-06
v -0.0010000000474974513 -0.0050008902326226234 0.0009311800240539014
v -0.001259000157006085 -0.0050008902326226234 -0.0005375300534069538
v 0.0036055000964552164 -0.0050008902326226234 -0.007485630456358194
v 0.0013747999910265207 -0.0050008902326226234 -0.000584330060519278
v 0.0 -0.0050008902326226234 -2.330000143047073e-06
v -0.003605599980801344 -0.0050008902326226234 -0.007485630456358194
v 0.0036055000964552164 -0.0050008902326226234 -0.007485630456358194
v 0.0 -0.0050008902326226234 -2.330000143047073e-06
v -0.001259000157006085 -0.0050008902326226234 -0.0005375300534069538
v -0.003605599980801344 -0.0050008902326226234 -0.007485630456358194
v 0.0 -0.0050008902326226234 -2.330000143047073e-06
v -0.002313000150024891 -0.006000889930874109 -0.0005097300163470209
v -0.0026748001109808683 -0.008874800056219101 -0.001503520063124597
v -0.0031522000208497047 -0.008549950085580349 -0.0028154300525784492
v -0.002313000150024891 -0.006000889930874109 -0.0005097300163470209
v -0.0031522000208497047 -0.008549950085580349 -0.0028154300525784492
v -0.003605599980801344 -0.008033829741179943 -0.004060930106788874
v -0.002313000150024891 -0.006000889930874109 -0.0005097300163470209
v -0.003605599980801344 -0.008033829741179943 -0.004060930106788874
v -0.004178199917078018 -0.0069502005353569984 -0.00563412019982934
v -0.002313000150024891 -0.006000889930874109 -0.0005097300163470209
v -0.004178199917078018 -0.0069502005353569984 -0.00563412019982934
v -0.004347899928689003 -0.006492550019174814 -0.006100520491600037
v -0.0045417002402246 -0.005780340638011694 -0.006704830564558506
v -0.002313000150024891 -0.006000889930874109 -0.0005097300163470209
v -0.004347899928689003 -0.006492550019174814 -0.006100520491600037
v -0.002180900191888213 -0.008999730460345745 -0.00014673001714982092
v -0.0026748001109808683 -0.008874800056219101 -0.001503520063124597
v -0.002313000150024891 -0.006000889930874109 -0.0005097300163470209
v -0.0010000000474974513 -0.0047473302111029625 0.00203607021830976
v -0.0010000000474974513 -0.0050008902326226234 0.0013706700410693884
v 0.0010000000474974513 -0.0050008902326226234 0.0013706700410693884
v 0.0010000000474974513 -0.0050008902326226234 0.0013706700410693884
v 0.0010000000474974513 -0.004745520185679197 0.0020381701178848743
v -0.0010000000474974513 -0.0047473302111029625 0.00203607021830976
v -0.0010000000474974513 -0.0037508902605623007 0.002338870195671916
v -0.0010000000474974513 -0.0047473302111029625 0.00203607021830976
v 0.0010000000474974513 -0.004745520185679197 0.0020381701178848743
v 0.0010000000474974513 -0.004745520185679197 0.0020381701178848743
v 0.0010000000474974513 -0.0037508902605623007 0.002338870195671916
v -0.0010000000474974513 -0.0037508902605623007 0.002338870195671916
v 0.0010000000474974513 0.005171590019017458 0.0031223802361637354
v 0.0010000000474974513 0.005578840617090464 0.0035101701505482197
v -0.0010000000474974513 0.005171590019017458 0.0031223802361637354
v -0.0010000000474974513 0.005578930024057627 0.0035101701505482197
v -0.0010000000474974513 0.005171590019017458 0.0031223802361637354
v 0.0010000000474974513 0.005578840617090464 0.0035101701505482197
v 0.0010000000474974513 0.005578840617090464 0.0035101701505482197
v 0.0010000000474974513 0.006079040467739105 0.003769570030272007
v -0.0010000000474974513 0.005578930024057627 0.0035101701505482197
v -0.0010000000474974513 0.00607915036380291 0.0037696801591664553
v -0.0010000000474974513 0.005578930024057627 0.0035101701505482197
v 0.0010000000474974513 0.006079040467739105 0.003769570030272007
v 0.0010000000474974513 0.006079040467739105 0.003769570030272007
v 0.0010000000474974513 0.006631050258874893 0.0038791701663285494
v -0.0010000000474974513 0.00607915036380291 0.0037696801591664553
v -0.0010000000474974513 0.006631150376051664 0.0038791701663285494
v -0.0010000000474974513 0.00607915036380291 0.0037696801591664553
v 0.0010000000474974513 0.006631050258874893 0.0038791701663285494
v 0.0010000000474974513 0.006631050258874893 0.0038791701663285494
v 0.0010000000474974513 0.0071912300772964954 0.0038307702634483576
v -0.0010000000474974513 0.006631150376051664 0.0038791701663285494
v -0.0010000000474974513 0.007191310171037912 0.0038307702634483576
v -0.0010000000474974513 0.006631150376051664 0.0038791701663285494
v 0.0010000000474974513 0.0071912300772964954 0.0038307702634483576
v 0.0010000000474974513 0.0071912300772964954 0.0038307702634483576
v 0.0010000000474974513 0.007715900428593159 0.0036283701192587614
v -0.0010000000474974513 0.007191310171037912 0.0038307702634483576
v -0.0010000000474974513 0.007716010324656963 0.0036282700020819902
v -0.0010000000474974513 0.007191310171037912 0.0038307702634483576
v 0.0010000000474974513 0.007715900428593159 0.0036283701192587614
v 0.0010000000474974513 0.007715900428593159 0.0036283701192587614
v 0.0010000000474974513 0.008163941092789173 0.003287270199507475
v -0.0010000000474974513 0.007716010324656963 0.0036282700020819902
v -0.0010000000474974513 0.008164060302078724 0.0032871700823307037
v -0.0010000000474974513 0.007716010324656963 0.0036282700020819902
v 0.0010000000474974513 0.008163941092789173 0.003287270199507475
v 0.0010000000474974513 0.008163941092789173 0.003287270199507475
v 0.0010000000474974513 0.00849911104887724 0.002835080260410905
v -0.0010000000474974513 0.008164060302078724 0.0032871700823307037
v -0.0010000000474974513 0.00849911104887724 0.002835080260410905
v -0.0010000000474974513 0.008164060302078724 0.0032871700823307037
v 0.0010000000474974513 0.00849911104887724 0.002835080260410905
v -0.0020000000949949026 -0.008957600221037865 0.0008792700828053057
v -0.002313000150024891 -0.006000889930874109 -0.0005097300163470209
v -0.0020000000949949026 -0.006000889930874109 0.001265570055693388
v -0.0020000000949949026 -0.008957600221037865 0.0008792700828053057
v -0.002180900191888213 -0.008999730460345745 -0.00014673001714982092
v -0.002313000150024891 -0.006000889930874109 -0.0005097300163470209
v -0.001673300052061677 -0.005079650320112705 -0.0005384300020523369
v -0.00411050021648407 -0.005058360286056995 -0.007395130582153797
v -0.003605599980801344 -0.0050008902326226234 -0.007485630456358194
v -0.001259000157006085 -0.0050008902326226234 -0.0005375300534069538
v -0.001673300052061677 -0.005079650320112705 -0.0005384300020523369
v -0.003605599980801344 -0.0050008902326226234 -0.007485630456358194
v -0.00432460056617856 -0.00519024021923542 -0.007248330395668745
v -0.00411050021648407 -0.005058360286056995 -0.007395130582153797
v -0.001673300052061677 -0.005079650320112705 -0.0005384300020523369
v -0.001673300052061677 -0.005079650320112705 -0.0005384300020523369
v -0.0020121000707149506 -0.005298060365021229 -0.0005269200191833079
v -0.00432460056617856 -0.00519024021923542 -0.007248330395668745
v -0.004455700051039457 -0.005358200520277023 -0.007080530282109976
v -0.00432460056617856 -0.00519024021923542 -0.007248330395668745
v -0.0020121000707149506 -0.005298060365021229 -0.0005269200191833079
v -0.002313000150024891 -0.006000889930874109 -0.0005097300163470209
v -0.0045417002402246 -0.005780340638011694 -0.006704830564558506
v -0.004455700051039457 -0.005358200520277023 -0.007080530282109976
v -0.0020121000707149506 -0.005298060365021229 -0.0005269200191833079
v -0.002313000150024891 -0.006000889930874109 -0.0005097300163470209
v -0.004455700051039457 -0.005358200520277023 -0.007080530282109976
v -0.0010000000474974513 -0.0050008902326226234 0.0013706700410693884
v -0.0017114001093432307 -0.005298060365021229 0.001178869977593422
v -0.0010000000474974513 -0.0050008902326226234 0.0009311800240539014
v -0.0017070999601855874 -0.004792620427906513 0.0023927802685648203
v -0.0020000000949949026 -0.005493170116096735 0.002702070167288184
v -0.0020000000949949026 -0.005870410241186619 0.0020811802241951227
v -0.0017070999601855874 -0.004792620427906513 0.0023927802685648203
v -0.0020000000949949026 -0.005870410241186619 0.0020811802241951227
v -0.0020000000949949026 -0.006000889930874109 0.001265570055693388
v -0.0017070999601855874 -0.004792620427906513 0.0023927802685648203
v -0.0020000000949949026 -0.006000889930874109 0.001265570055693388
v -0.0017114001093432307 -0.005298060365021229 0.001178869977593422
v -0.0017114001093432307 -0.005298060365021229 0.001178869977593422
v -0.0010000000474974513 -0.0050008902326226234 0.0013706700410693884
v -0.0010000000474974513 -0.0047473302111029625 0.00203607021830976
v -0.0017070999601855874 -0.004792620427906513 0.0023927802685648203
v -0.0017114001093432307 -0.005298060365021229 0.001178869977593422
v -0.0010000000474974513 -0.0047473302111029625 0.00203607021830976
v -0.0010000000474974513 -0.0047473302111029625 0.00203607021830976
v -0.0010000000474974513 -0.0037508902605623007 0.002338870195671916
v -0.0017070999601855874 -0.004792620427906513 0.0023927802685648203
v -0.0020000000949949026 -0.0049199303612113 0.0031468700617551804
v -0.0020000000949949026 -0.005493170116096735 0.002702070167288184
v -0.0017070999601855874 -0.004792620427906513 0.0023927802685648203
v -0.0017070999601855874 -0.004792620427906513 0.0023927802685648203
v -0.0010000000474974513 -0.0037508902605623007 0.002338870195671916
v -0.0016830001259222627 -0.0036716400645673275 0.002645870205014944
v -0.0016830001259222627 -0.0036716400645673275 0.002645870205014944
v -0.0020000000949949026 -0.004225070122629404 0.0033580700401216745
v -0.0020000000949949026 -0.0049199303612113 0.0031468700617551804
v -0.0017070999601855874 -0.004792620427906513 0.0023927802685648203
v -0.0016830001259222627 -0.0036716400645673275 0.002645870205014944
v -0.0020000000949949026 -0.0049199303612113 0.0031468700617551804
v -0.0020000000949949026 -0.0035008902195841074 0.0033071700017899275
v -0.0020000000949949026 -0.004225070122629404 0.0033580700401216745
v -0.0016830001259222627 -0.0036716400645673275 0.002645870205014944
v -0.0010000000474974513 0.005171590019017458 0.0031223802361637354
v -0.0010000000474974513 0.005578930024057627 0.0035101701505482197
v -0.001500000013038516 0.005066480487585068 0.003205470275133848
v -0.0017070999601855874 0.005924600176513195 0.004024970345199108
v -0.0020000000949949026 0.005042500328272581 0.004355269949883223
v -0.0018660000059753656 0.0047793202102184296 0.003432470140978694
v -0.001500000013038516 0.005066480487585068 0.003205470275133848
v -0.0017070999601855874 0.005924600176513195 0.004024970345199108
v -0.0018660000059753656 0.0047793202102184296 0.003432470140978694
v -0.0017070999601855874 0.005924600176513195 0.004024970345199108
v -0.001500000013038516 0.005066480487585068 0.003205470275133848
v -0.0010000000474974513 0.005578930024057627 0.0035101701505482197
v -0.0010000000474974513 0.005578930024057627 0.0035101701505482197
v -0.0010000000474974513 0.00607915036380291 0.0037696801591664553
v -0.0017070999601855874 0.005924600176513195 0.004024970345199108
v -0.0020000000949949026 0.0058583603240549564 0.004749570041894913
v -0.0020000000949949026 0.005042500328272581 0.004355269949883223
v -0.0017070999601855874 0.005924600176513195 0.004024970345199108
v -0.0017070999601855874 0.007138000335544348 0.004140370059758425
v -0.0020000000949949026 0.0067537203431129456 0.004882170353084803
v -0.0020000000949949026 0.0058583603240549564 0.004749570041894913
v -0.0017070999601855874 0.005924600176513195 0.004024970345199108
v -0.0017070999601855874 0.007138000335544348 0.004140370059758425
v -0.0020000000949949026 0.0058583603240549564 0.004749570041894913
v -0.0017070999601855874 0.005924600176513195 0.004024970345199108
v -0.0010000000474974513 0.00607915036380291 0.0037696801591664553
v -0.0010000000474974513 0.006631150376051664 0.0038791701663285494
v -0.0017070999601855874 0.007138000335544348 0.004140370059758425
v -0.0017070999601855874 0.005924600176513195 0.004024970345199108
v -0.0010000000474974513 0.006631150376051664 0.0038791701663285494
v -0.0010000000474974513 0.006631150376051664 0.0038791701663285494
v -0.0010000000474974513 0.007191310171037912 0.0038307702634483576
v -0.0017070999601855874 0.007138000335544348 0.004140370059758425
v -0.0020000000949949026 0.007647070102393627 0.00474197044968605
v -0.0020000000949949026 0.0067537203431129456 0.004882170353084803
v -0.0017070999601855874 0.007138000335544348 0.004140370059758425
v -0.001896000117994845 0.008009200915694237 0.004101170226931572
v -0.0020000000949949026 0.007647070102393627 0.00474197044968605
v -0.0017070999601855874 0.007138000335544348 0.004140370059758425
v -0.0017068000743165612 0.008238750509917736 0.003617869922891259
v -0.001896000117994845 0.008009200915694237 0.004101170226931572
v -0.0017070999601855874 0.007138000335544348 0.004140370059758425
v -0.0017070999601855874 0.007138000335544348 0.004140370059758425
v -0.0010000000474974513 0.007191310171037912 0.0038307702634483576
v -0.0010000000474974513 0.007716010324656963 0.0036282700020819902
v -0.0017068000743165612 0.008238750509917736 0.003617869922891259
v -0.0017070999601855874 0.007138000335544348 0.004140370059758425
v -0.0010000000474974513 0.007716010324656963 0.0036282700020819902
v -0.0010000000474974513 0.008164060302078724 0.0032871700823307037
v -0.001341800088994205 0.00849911104887724 0.00295567000284791
v -0.0017068000743165612 0.008238750509917736 0.003617869922891259
v -0.0010000000474974513 0.007716010324656963 0.0036282700020819902
v -0.0010000000474974513 0.008164060302078724 0.0032871700823307037
v -0.0017068000743165612 0.008238750509917736 0.003617869922891259
v -0.0010000000474974513 0.008164060302078724 0.0032871700823307037
v -0.0010000000474974513 0.00849911104887724 0.002835080260410905
v -0.001341800088994205 0.00849911104887724 0.00295567000284791
v -0.0017114001093432307 -0.005298060365021229 0.001178869977593422
v -0.001673300052061677 -0.005079650320112705 -0.0005384300020523369
v -0.001259000157006085 -0.0050008902326226234 -0.0005375300534069538
v -0.0017114001093432307 -0.005298060365021229 0.001178869977593422
v -0.001259000157006085 -0.0050008902326226234 -0.0005375300534069538
v -0.0010000000474974513 -0.0050008902326226234 0.0009311800240539014
v -0.0020121000707149506 -0.005298060365021229 -0.0005269200191833079
v -0.001673300052061677 -0.005079650320112705 -0.0005384300020523369
v -0.0017114001093432307 -0.005298060365021229 0.001178869977593422
v -0.0017114001093432307 -0.005298060365021229 0.001178869977593422
v -0.0020000000949949026 -0.006000889930874109 0.001265570055693388
v -0.0020121000707149506 -0.005298060365021229 -0.0005269200191833079
v -0.002313000150024891 -0.006000889930874109 -0.0005097300163470209
v -0.0020121000707149506 -0.005298060365021229 -0.0005269200191833079
v -0.0020000000949949026 -0.006000889930874109 0.001265570055693388
v 0.005150800570845604 0.00849911104887724 0.001101969974115491
v 0.0052547999657690525 0.00849911104887724 -2.330000143047073e-06
v 0.005150800570845604 0.00849911104887724 -0.0011066299630329013
v 0.004977799952030182 0.00849911104887724 -0.0016995200421661139
v 0.005072000436484814 0.00849911104887724 0.0014136701356619596
v 0.005150800570845604 0.00849911104887724 0.001101969974115491
v 0.005150800570845604 0.00849911104887724 -0.0011066299630329013
v 0.004977799952030182 0.00849911104887724 -0.0016995200421661139
v 0.005150800570845604 0.00849911104887724 0.001101969974115491
v 0.004965899977833033 0.00849911104887724 0.001725470181554556
v 0.005072000436484814 0.00849911104887724 0.0014136701356619596
v 0.004977799952030182 0.00849911104887724 -0.0016995200421661139
v 0.004729500040411949 0.00849911104887724 -0.0022079201880842447
v 0.004823500290513039 0.00849911104887724 0.0020387701224535704
v 0.004965899977833033 0.00849911104887724 0.001725470181554556
v 0.004977799952030182 0.00849911104887724 -0.0016995200421661139
v 0.004729500040411949 0.00849911104887724 -0.0022079201880842447
v 0.004965899977833033 0.00849911104887724 0.001725470181554556
v 0.004632400348782539 0.00849911104887724 0.002347369911149144
v 0.004823500290513039 0.00849911104887724 0.0020387701224535704
v 0.004729500040411949 0.00849911104887724 -0.0022079201880842447
v 0.004729500040411949 0.00849911104887724 -0.0022079201880842447
v 0.004407200030982494 0.00849911104887724 -0.002609630348160863
v 0.004632400348782539 0.00849911104887724 0.002347369911149144
v 0.004367600195109844 0.00849911104887724 0.0026411700528115034
v 0.004632400348782539 0.00849911104887724 0.002347369911149144
v 0.004407200030982494 0.00849911104887724 -0.002609630348160863
v 0.004407200030982494 0.00849911104887724 -0.002609630348160863
v 0.004013700410723686 0.00849911104887724 -0.0028743301518261433
v 0.004367600195109844 0.00849911104887724 0.0026411700528115034
v 0.004009400028735399 0.00849911104887724 0.0028715701773762703
v 0.004367600195109844 0.00849911104887724 0.0026411700528115034
v 0.004013700410723686 0.00849911104887724 -0.0028743301518261433
v 0.004013700410723686 0.00849911104887724 -0.0028743301518261433
v 0.0036055000964552164 0.00849911104887724 -0.002960330108180642
v 0.004009400028735399 0.00849911104887724 0.0028715701773762703
v 0.0036055000964552164 0.00849911104887724 0.00295567000284791
v 0.004009400028735399 0.00849911104887724 0.0028715701773762703
v 0.0036055000964552164 0.00849911104887724 -0.002960330108180642
v -0.0010000000474974513 0.00849911104887724 0.002835080260410905
v 0.0010000000474974513 0.00849911104887724 0.002835080260410905
v 0.0 0.00849911104887724 -2.330000143047073e-06
v -0.003605599980801344 0.00849911104887724 -0.002960330108180642
v -0.001341800088994205 0.00849911104887724 0.00295567000284791
v -0.0010000000474974513 0.00849911104887724 0.002835080260410905
v -0.003605599980801344 0.00849911104887724 -0.002960330108180642
v -0.0010000000474974513 0.00849911104887724 0.002835080260410905
v 0.0 0.00849911104887724 -2.330000143047073e-06
v 0.0 0.00849911104887724 -2.330000143047073e-06
v 0.0010000000474974513 0.00849911104887724 0.002835080260410905
v 0.001341800088994205 0.00849911104887724 0.00295567000284791
v 0.0 0.00849911104887724 -2.330000143047073e-06
v 0.001341800088994205 0.00849911104887724 0.00295567000284791
v 0.0036055000964552164 0.00849911104887724 0.00295567000284791
v 0.0 0.00849911104887724 -2.330000143047073e-06
v 0.0036055000964552164 0.00849911104887724 0.00295567000284791
v 0.0036055000964552164 0.00849911104887724 -0.002960330108180642
v 0.0036055000964552164 0.00849911104887724 -0.002960330108180642
v -0.003605599980801344 0.00849911104887724 -0.002960330108180642
v 0.0 0.00849911104887724 -2.330000143047073e-06
v -0.003605599980801344 0.00849911104887724 0.00295567000284791
v -0.001341800088994205 0.00849911104887724 0.00295567000284791
v -0.003605599980801344 0.00849911104887724 -0.002960330108180642
v -0.004012499935925007 0.00849911104887724 -0.0028749199118465185
v -0.00401070062071085 0.00849911104887724 0.0028709701728075743
v -0.003605599980801344 0.00849911104887724 0.00295567000284791
v -0.003605599980801344 0.00849911104887724 -0.002960330108180642
v -0.004012499935925007 0.00849911104887724 -0.0028749199118465185
v -0.003605599980801344 0.00849911104887724 0.00295567000284791
v -0.004403200466185808 0.00849911104887724 0.002608870156109333
v -0.00401070062071085 0.00849911104887724 0.0028709701728075743
v -0.004012499935925007 0.00849911104887724 -0.0028749199118465185
v -0.004012499935925007 0.00849911104887724 -0.0028749199118465185
v -0.004408800508826971 0.00849911104887724 -0.002608230337500572
v -0.004403200466185808 0.00849911104887724 0.002608870156109333
v -0.004726700019091368 0.00849911104887724 0.0022077702451497316
v -0.004403200466185808 0.00849911104887724 0.002608870156109333
v -0.004408800508826971 0.00849911104887724 -0.002608230337500572
v -0.004408800508826971 0.00849911104887724 -0.002608230337500572
v -0.0047285002656280994 0.00849911104887724 -0.0022096300963312387
v -0.004726700019091368 0.00849911104887724 0.0022077702451497316
v -0.004726700019091368 0.00849911104887724 0.0022077702451497316
v -0.0047285002656280994 0.00849911104887724 -0.0022096300963312387
v -0.004976600408554077 0.00849911104887724 -0.0017024300759658217
v -0.004976700060069561 0.00849911104887724 0.0016975702019408345
v -0.004726700019091368 0.00849911104887724 0.0022077702451497316
v -0.004976600408554077 0.00849911104887724 -0.0017024300759658217
v -0.004976600408554077 0.00849911104887724 -0.0017024300759658217
v -0.005150800570845604 0.00849911104887724 -0.0011066299630329013
v -0.004976700060069561 0.00849911104887724 0.0016975702019408345
v -0.005150800570845604 0.00849911104887724 0.001101969974115491
v -0.004976700060069561 0.00849911104887724 0.0016975702019408345
v -0.005150800570845604 0.00849911104887724 -0.0011066299630329013
v -0.005150800570845604 0.00849911104887724 -0.0011066299630329013
v -0.0052547999657690525 0.00849911104887724 -2.3400000372930663e-06
v -0.005150800570845604 0.00849911104887724 0.001101969974115491
v -0.006000000052154064 -0.0021361499093472958 -0.007712130434811115
v -0.006000000052154064 -6.79500080877915e-05 -0.008002030663192272
v -0.005150800570845604 -0.0011678400915116072 -0.008493930101394653
v -0.005150800570845604 -0.0011678400915116072 -0.008493930101394653
v -0.005150800570845604 -0.002393420087173581 -0.008233020082116127
v -0.006000000052154064 -0.0021361499093472958 -0.007712130434811115
v -0.006000000052154064 -0.0021361499093472958 -0.007712130434811115
v -0.005150800570845604 -0.002393420087173581 -0.008233020082116127
v -0.005150800570845604 -0.003697700100019574 -0.0077355303801596165
v -0.006000000052154064 -0.004058829974383116 -0.006896730046719313
v -0.006000000052154064 -0.0021361499093472958 -0.007712130434811115
v -0.005150800570845604 -0.003697700100019574 -0.0077355303801596165
v -0.005150800570845604 -0.003697700100019574 -0.0077355303801596165
v -0.005150800570845604 -0.005032500252127647 -0.006941530387848616
v -0.006000000052154064 -0.004058829974383116 -0.006896730046719313
v -0.006000000052154064 -0.005704970099031925 -0.005611530039459467
v -0.006000000052154064 -0.004058829974383116 -0.006896730046719313
v -0.005150800570845604 -0.005032500252127647 -0.006941530387848616
v -0.005150800570845604 -0.005032500252127647 -0.006941530387848616
v -0.005150800570845604 -0.006339350249618292 -0.0057723200879991055
v -0.006000000052154064 -0.005704970099031925 -0.005611530039459467
v -0.006000000052154064 -0.00696238037198782 -0.003944130148738623
v -0.006000000052154064 -0.005704970099031925 -0.005611530039459467
v -0.005150800570845604 -0.006339350249618292 -0.0057723200879991055
v -0.005150800570845604 -0.006339350249618292 -0.0057723200879991055
v -0.005150800570845604 -0.0074829705990850925 -0.004184230230748653
v -0.006000000052154064 -0.00696238037198782 -0.003944130148738623
v -0.006000000052154064 -0.00696238037198782 -0.003944130148738623
v -0.005150800570845604 -0.0074829705990850925 -0.004184230230748653
v -0.005150800570845604 -0.008266080170869827 -0.002273030113428831
v -0.006000000052154064 -0.007745380513370037 -0.0020080299582332373
v -0.006000000052154064 -0.00696238037198782 -0.003944130148738623
v -0.005150800570845604 -0.008266080170869827 -0.002273030113428831
v -0.005150800570845604 -0.008266080170869827 -0.002273030113428831
v -0.005150800570845604 -0.008570610545575619 -0.00017332000425085425
v -0.006000000052154064 -0.007745380513370037 -0.0020080299582332373
v -0.006000000052154064 -0.008000610396265984 6.476999988080934e-05
v -0.006000000052154064 -0.007745380513370037 -0.0020080299582332373
v -0.005150800570845604 -0.008570610545575619 -0.00017332000425085425
v -0.005150800570845604 -0.008570610545575619 -0.00017332000425085425
v -0.005150800570845604 -0.008348560892045498 0.0019433700945228338
v -0.006000000052154064 -0.008000610396265984 6.476999988080934e-05
v -0.006000000052154064 -0.0077106705866754055 0.002132970141246915
v -0.006000000052154064 -0.008000610396265984 6.476999988080934e-05
v -0.005150800570845604 -0.008348560892045498 0.0019433700945228338
v -0.005150800570845604 -0.008348560892045498 0.0019433700945228338
v -0.005150800570845604 -0.007658310234546661 0.0038490802980959415
v -0.006000000052154064 -0.0077106705866754055 0.002132970141246915
v -0.006000000052154064 -0.006895320490002632 0.004055570345371962
v -0.006000000052154064 -0.0077106705866754055 0.002132970141246915
v -0.005150800570845604 -0.007658310234546661 0.0038490802980959415
v -0.005150800570845604 -0.007658310234546661 0.0038490802980959415
v -0.005150800570845604 -0.0066525498405098915 0.0054036700166761875
v -0.006000000052154064 -0.006895320490002632 0.004055570345371962
v -0.006000000052154064 -0.005610120017081499 0.005701680667698383
v -0.006000000052154064 -0.006895320490002632 0.004055570345371962
v -0.005150800570845604 -0.0066525498405098915 0.0054036700166761875
v -0.005150800570845604 -0.0066525498405098915 0.0054036700166761875
v -0.005150800570845604 -0.005484459921717644 0.006585670169442892
v -0.006000000052154064 -0.005610120017081499 0.005701680667698383
v -0.006000000052154064 -0.005610120017081499 0.005701680667698383
v -0.005150800570845604 -0.005484459921717644 0.006585670169442892
v -0.005150800570845604 -0.004274819977581501 0.007427670527249575
v -0.006000000052154064 -0.003942669834941626 0.006958670448511839
v -0.006000000052154064 -0.005610120017081499 0.005701680667698383
v -0.005150800570845604 -0.004274819977581501 0.007427670527249575
v -0.005150800570845604 -0.004274819977581501 0.007427670527249575
v -0.005150800570845604 -0.0030793300829827785 0.007997670210897923
v -0.006000000052154064 -0.003942669834941626 0.006958670448511839
v -0.006000000052154064 -0.002006589900702238 0.00774168036878109
v -0.006000000052154064 -0.003942669834941626 0.006958670448511839
v -0.005150800570845604 -0.0030793300829827785 0.007997670210897923
v -0.005150800570845604 -0.0030793300829827785 0.007997670210897923
v -0.005150800570845604 -0.0019297100370749831 0.00834967102855444
v -0.006000000052154064 -0.002006589900702238 0.00774168036878109
v -0.006000000052154064 -0.002006589900702238 0.00774168036878109
v -0.005150800570845604 -0.0019297100370749831 0.00834967102855444
v -0.005150800570845604 -0.0008649200899526477 0.008525670506060123
v -0.006000000052154064 -0.002006589900702238 0.00774168036878109
v -0.005150800570845604 -0.0008649200899526477 0.008525670506060123
v -0.005150800570845604 7.097000343492255e-05 0.008568670600652695
v -0.006000000052154064 6.618000043090433e-05 0.007997670210897923
v -0.006000000052154064 -0.002006589900702238 0.00774168036878109
v -0.005150800570845604 7.097000343492255e-05 0.008568670600652695
v -0.003605599980801344 0.006971120368689299 -0.005693630315363407
v -0.003605599980801344 0.0058747101575136185 -0.006819719914346933
v -0.005150800570845604 0.005866320338100195 -0.0062509202398359776
v -0.005150800570845604 0.005866320338100195 -0.0062509202398359776
v -0.005150800570845604 0.007132630329579115 -0.004754419904202223
v -0.003605599980801344 0.006971120368689299 -0.005693630315363407
v -0.003605599980801344 0.007854900322854519 -0.004393930081278086
v -0.003605599980801344 0.006971120368689299 -0.005693630315363407
v -0.005150800570845604 0.007132630329579115 -0.004754419904202223
v -0.005150800570845604 0.007132630329579115 -0.004754419904202223
v -0.005150800570845604 0.008025851100683212 -0.003009120235219598
v -0.003605599980801344 0.007854900322854519 -0.004393930081278086
v -0.003605599980801344 0.00849911104887724 -0.002960330108180642
v -0.003605599980801344 0.007854900322854519 -0.004393930081278086
v -0.005150800570845604 0.008025851100683212 -0.003009120235219598
v -0.004012499935925007 0.00849911104887724 -0.0028749199118465185
v -0.003605599980801344 0.00849911104887724 -0.002960330108180642
v -0.005150800570845604 0.008025851100683212 -0.003009120235219598
v -0.004408800508826971 0.00849911104887724 -0.002608230337500572
v -0.004012499935925007 0.00849911104887724 -0.0028749199118465185
v -0.005150800570845604 0.008025851100683212 -0.003009120235219598
v -0.0047285002656280994 0.00849911104887724 -0.0022096300963312387
v -0.004408800508826971 0.00849911104887724 -0.002608230337500572
v -0.005150800570845604 0.008025851100683212 -0.003009120235219598
v -0.004976600408554077 0.00849911104887724 -0.0017024300759658217
v -0.0047285002656280994 0.00849911104887724 -0.0022096300963312387
v -0.005150800570845604 0.008025851100683212 -0.003009120235219598
v -0.005150800570845604 0.008025851100683212 -0.003009120235219598
v -0.005150800570845604 0.00849911104887724 -0.0011066299630329013
v -0.004976600408554077 0.00849911104887724 -0.0017024300759658217
v -0.005150800570845604 0.008015460334718227 0.003032070118933916
v -0.003605599980801344 0.00849911104887724 0.00295567000284791
v -0.00401070062071085 0.00849911104887724 0.0028709701728075743
v -0.005150800570845604 0.008015460334718227 0.003032070118933916
v -0.00401070062071085 0.00849911104887724 0.0028709701728075743
v -0.004403200466185808 0.00849911104887724 0.002608870156109333
v -0.005150800570845604 0.008015460334718227 0.003032070118933916
v -0.004403200466185808 0.00849911104887724 0.002608870156109333
v -0.004726700019091368 0.00849911104887724 0.0022077702451497316
v -0.005150800570845604 0.008015460334718227 0.003032070118933916
v -0.004726700019091368 0.00849911104887724 0.0022077702451497316
v -0.004976700060069561 0.00849911104887724 0.0016975702019408345
v -0.005150800570845604 0.00849911104887724 0.001101969974115491
v -0.005150800570845604 0.008015460334718227 0.003032070118933916
v -0.004976700060069561 0.00849911104887724 0.0016975702019408345
v -0.003605599980801344 0.00849911104887724 0.00295567000284791
v -0.005150800570845604 0.008015460334718227 0.003032070118933916
v -0.005150800570845604 0.007137000560760498 0.004743169993162155
v -0.003605599980801344 0.0074936505407094955 0.004980870522558689
v -0.003605599980801344 0.00849911104887724 0.00295567000284791
v -0.005150800570845604 0.007137000560760498 0.004743169993162155
v -0.005150800570845604 0.007137000560760498 0.004743169993162155
v -0.005150800570845604 0.005989160388708115 0.006128670647740364
v -0.003605599980801344 0.0074936505407094955 0.004980870522558689
v -0.003605599980801344 0.00601519038900733 0.006691670045256615
v -0.003605599980801344 0.0074936505407094955 0.004980870522558689
v -0.005150800570845604 0.005989160388708115 0.006128670647740364
v -0.005150800570845604 0.005989160388708115 0.006128670647740364
v -0.005150800570845604 0.004737070295959711 0.007140669971704483
v -0.003605599980801344 0.00601519038900733 0.006691670045256615
v -0.003605599980801344 0.0041570402681827545 0.00797968078404665
v -0.003605599980801344 0.00601519038900733 0.006691670045256615
v -0.005150800570845604 0.004737070295959711 0.007140669971704483
v -0.005150800570845604 0.004737070295959711 0.007140669971704483
v -0.005150800570845604 0.003477520076557994 0.007831670343875885
v -0.003605599980801344 0.0041570402681827545 0.00797968078404665
v -0.003605599980801344 0.0041570402681827545 0.00797968078404665
v -0.005150800570845604 0.003477520076557994 0.007831670343875885
v -0.005150800570845604 0.002252500271424651 0.008267669938504696
v -0.003605599980801344 0.002036469988524914 0.008763669990003109
v -0.003605599980801344 0.0041570402681827545 0.00797968078404665
v -0.005150800570845604 0.002252500271424651 0.008267669938504696
v -0.005150800570845604 0.002252500271424651 0.008267669938504696
v -0.005150800570845604 0.00110237009357661 0.008497670292854309
v -0.003605599980801344 0.002036469988524914 0.008763669990003109
v -0.003605599980801344 0.002036469988524914 0.008763669990003109
v -0.005150800570845604 0.00110237009357661 0.008497670292854309
v -0.005150800570845604 7.097000343492255e-05 0.008568670600652695
v -0.003605599980801344 -0.00021260000357870013 0.008995670825242996
v -0.003605599980801344 0.002036469988524914 0.008763669990003109
v -0.005150800570845604 7.097000343492255e-05 0.008568670600652695
v -0.005150800570845604 7.097000343492255e-05 0.008568670600652695
v -0.005150800570845604 -0.0008649200899526477 0.008525670506060123
v -0.003605599980801344 -0.00021260000357870013 0.008995670825242996
v -0.003605599980801344 -0.00021260000357870013 0.008995670825242996
v -0.005150800570845604 -0.0008649200899526477 0.008525670506060123
v -0.005150800570845604 -0.0019297100370749831 0.00834967102855444
v -0.003605599980801344 -0.0024484803434461355 0.008658680133521557
v -0.003605599980801344 -0.00021260000357870013 0.008995670825242996
v -0.005150800570845604 -0.0019297100370749831 0.00834967102855444
v -0.005150800570845604 -0.0019297100370749831 0.00834967102855444
v -0.005150800570845604 -0.0030793300829827785 0.007997670210897923
v -0.003605599980801344 -0.0024484803434461355 0.008658680133521557
v -0.003605599980801344 -0.0024484803434461355 0.008658680133521557
v -0.005150800570845604 -0.0030793300829827785 0.007997670210897923
v -0.005150800570845604 -0.004274819977581501 0.007427670527249575
v -0.003605599980801344 -0.004529760219156742 0.007774670608341694
v -0.003605599980801344 -0.0024484803434461355 0.008658680133521557
v -0.005150800570845604 -0.004274819977581501 0.007427670527249575
v -0.005150800570845604 -0.004274819977581501 0.007427670527249575
v -0.005150800570845604 -0.005484459921717644 0.006585670169442892
v -0.003605599980801344 -0.004529760219156742 0.007774670608341694
v -0.003605599980801344 -0.006325250491499901 0.006400670390576124
v -0.003605599980801344 -0.004529760219156742 0.007774670608341694
v -0.005150800570845604 -0.005484459921717644 0.006585670169442892
v -0.005150800570845604 -0.005484459921717644 0.006585670169442892
v -0.005150800570845604 -0.0066525498405098915 0.0054036700166761875
v -0.003605599980801344 -0.006325250491499901 0.006400670390576124
v -0.003605599980801344 -0.0077215805649757385 0.004622670356184244
v -0.003605599980801344 -0.006325250491499901 0.006400670390576124
v -0.005150800570845604 -0.0066525498405098915 0.0054036700166761875
v -0.005150800570845604 -0.0066525498405098915 0.0054036700166761875
v -0.005150800570845604 -0.007658310234546661 0.0038490802980959415
v -0.003605599980801344 -0.0077215805649757385 0.004622670356184244
v -0.003605599980801344 -0.008630650117993355 0.0025524802040308714
v -0.003605599980801344 -0.0077215805649757385 0.004622670356184244
v -0.005150800570845604 -0.007658310234546661 0.0038490802980959415
v -0.005150800570845604 -0.007658310234546661 0.0038490802980959415
v -0.005150800570845604 -0.008348560892045498 0.0019433700945228338
v -0.003605599980801344 -0.008630650117993355 0.0025524802040308714
v -0.003605599980801344 -0.00899508036673069 0.000321080005960539
v -0.003605599980801344 -0.008630650117993355 0.0025524802040308714
v -0.005150800570845604 -0.008348560892045498 0.0019433700945228338
v -0.005150800570845604 -0.008348560892045498 0.0019433700945228338
v -0.005150800570845604 -0.008570610545575619 -0.00017332000425085425
v -0.003605599980801344 -0.00899508036673069 0.000321080005960539
v -0.003605599980801344 -0.008791860193014145 -0.0019307200564071536
v -0.003605599980801344 -0.00899508036673069 0.000321080005960539
v -0.005150800570845604 -0.008570610545575619 -0.00017332000425085425
v -0.005150800570845604 -0.008570610545575619 -0.00017332000425085425
v -0.005150800570845604 -0.008266080170869827 -0.002273030113428831
v -0.003605599980801344 -0.008791860193014145 -0.0019307200564071536
v -0.003605599980801344 -0.008033829741179943 -0.004060930106788874
v -0.003605599980801344 -0.008791860193014145 -0.0019307200564071536
v -0.005150800570845604 -0.008266080170869827 -0.002273030113428831
v -0.005150800570845604 -0.008266080170869827 -0.002273030113428831
v -0.005150800570845604 -0.0074829705990850925 -0.004184230230748653
v -0.003605599980801344 -0.008033829741179943 -0.004060930106788874
v -0.005150800570845604 -0.006339350249618292 -0.0057723200879991055
v -0.004178199917078018 -0.0069502005353569984 -0.00563412019982934
v -0.003605599980801344 -0.008033829741179943 -0.004060930106788874
v -0.005150800570845604 -0.0074829705990850925 -0.004184230230748653
v -0.005150800570845604 -0.006339350249618292 -0.0057723200879991055
v -0.003605599980801344 -0.008033829741179943 -0.004060930106788874
v -0.004347899928689003 -0.006492550019174814 -0.006100520491600037
v -0.004178199917078018 -0.0069502005353569984 -0.00563412019982934
v -0.005150800570845604 -0.006339350249618292 -0.0057723200879991055
v -0.005150800570845604 -0.005032500252127647 -0.006941530387848616
v -0.004455700051039457 -0.005358200520277023 -0.007080530282109976
v -0.0045417002402246 -0.005780340638011694 -0.006704830564558506
v -0.005150800570845604 -0.005032500252127647 -0.006941530387848616
v -0.0045417002402246 -0.005780340638011694 -0.006704830564558506
v -0.004347899928689003 -0.006492550019174814 -0.006100520491600037
v -0.005150800570845604 -0.006339350249618292 -0.0057723200879991055
v -0.005150800570845604 -0.005032500252127647 -0.006941530387848616
v -0.004347899928689003 -0.006492550019174814 -0.006100520491600037
v -0.00432460056617856 -0.00519024021923542 -0.007248330395668745
v -0.004455700051039457 -0.005358200520277023 -0.007080530282109976
v -0.005150800570845604 -0.005032500252127647 -0.006941530387848616
v -0.005150800570845604 -0.003697700100019574 -0.0077355303801596165
v -0.003605599980801344 -0.0050008902326226234 -0.007485630456358194
v -0.00411050021648407 -0.005058360286056995 -0.007395130582153797
v -0.005150800570845604 -0.003697700100019574 -0.0077355303801596165
v -0.00411050021648407 -0.005058360286056995 -0.007395130582153797
v -0.00432460056617856 -0.00519024021923542 -0.007248330395668745
v -0.005150800570845604 -0.005032500252127647 -0.006941530387848616
v -0.005150800570845604 -0.003697700100019574 -0.0077355303801596165
v -0.00432460056617856 -0.00519024021923542 -0.007248330395668745
v -0.003605599980801344 -0.0034453002735972404 -0.008317120373249054
v -0.003605599980801344 -0.0050008902326226234 -0.007485630456358194
v -0.005150800570845604 -0.003697700100019574 -0.0077355303801596165
v -0.005150800570845604 -0.003697700100019574 -0.0077355303801596165
v -0.005150800570845604 -0.002393420087173581 -0.008233020082116127
v -0.003605599980801344 -0.0034453002735972404 -0.008317120373249054
v -0.003605599980801344 -0.001757370075210929 -0.008829220198094845
v -0.003605599980801344 -0.0034453002735972404 -0.008317120373249054
v -0.005150800570845604 -0.002393420087173581 -0.008233020082116127
v -0.005150800570845604 -0.002393420087173581 -0.008233020082116127
v -0.005150800570845604 -0.0011678400915116072 -0.008493930101394653
v -0.003605599980801344 -0.001757370075210929 -0.008829220198094845
v -0.003605599980801344 -0.001757370075210929 -0.008829220198094845
v -0.005150800570845604 -0.0011678400915116072 -0.008493930101394653
v -0.005150800570845604 2.6670000806916505e-05 -0.00857373047620058
v -0.005150800570845604 0.00110237009357661 0.008497670292854309
v -0.006000000052154064 6.618000043090433e-05 0.007997670210897923
v -0.005150800570845604 7.097000343492255e-05 0.008568670600652695
v -0.006000000052154064 6.618000043090433e-05 0.007997670210897923
v -0.005150800570845604 0.00110237009357661 0.008497670292854309
v -0.005150800570845604 0.002252500271424651 0.008267669938504696
v -0.006000000052154064 0.0021343701519072056 0.007707670796662569
v -0.006000000052154064 6.618000043090433e-05 0.007997670210897923
v -0.005150800570845604 0.002252500271424651 0.008267669938504696
v -0.005150800570845604 0.002252500271424651 0.008267669938504696
v -0.005150800570845604 0.003477520076557994 0.007831670343875885
v -0.006000000052154064 0.0021343701519072056 0.007707670796662569
v -0.006000000052154064 0.004057050216943026 0.006891670636832714
v -0.006000000052154064 0.0021343701519072056 0.007707670796662569
v -0.005150800570845604 0.003477520076557994 0.007831670343875885
v -0.005150800570845604 0.003477520076557994 0.007831670343875885
v -0.005150800570845604 0.004737070295959711 0.007140669971704483
v -0.006000000052154064 0.004057050216943026 0.006891670636832714
v -0.006000000052154064 0.004057050216943026 0.006891670636832714
v -0.005150800570845604 0.004737070295959711 0.007140669971704483
v -0.005150800570845604 0.005989160388708115 0.006128670647740364
v -0.006000000052154064 0.005703190341591835 0.005606670398265123
v -0.006000000052154064 0.004057050216943026 0.006891670636832714
v -0.005150800570845604 0.005989160388708115 0.006128670647740364
v -0.005150800570845604 0.005989160388708115 0.006128670647740364
v -0.005150800570845604 0.007137000560760498 0.004743169993162155
v -0.006000000052154064 0.005703190341591835 0.005606670398265123
v -0.006000000052154064 0.006960600148886442 0.003939480055123568
v -0.006000000052154064 0.005703190341591835 0.005606670398265123
v -0.005150800570845604 0.007137000560760498 0.004743169993162155
v -0.005150800570845604 0.007137000560760498 0.004743169993162155
v -0.005150800570845604 0.008015460334718227 0.003032070118933916
v -0.006000000052154064 0.006960600148886442 0.003939480055123568
v -0.006000000052154064 0.00774360029026866 0.0020033700857311487
v -0.006000000052154064 0.006960600148886442 0.003939480055123568
v -0.005150800570845604 0.008015460334718227 0.003032070118933916
v -0.005150800570845604 0.008015460334718227 0.003032070118933916
v -0.005150800570845604 0.00849911104887724 0.001101969974115491
v -0.006000000052154064 0.00774360029026866 0.0020033700857311487
v -0.006000000052154064 0.00774360029026866 0.0020033700857311487
v -0.005150800570845604 0.00849911104887724 0.001101969974115491
v -0.0052547999657690525 0.00849911104887724 -2.3400000372930663e-06
v -0.006000000052154064 0.007998830638825893 -6.943000335013494e-05
v -0.006000000052154064 0.00774360029026866 0.0020033700857311487
v -0.0052547999657690525 0.00849911104887724 -2.3400000372930663e-06
v -0.006000000052154064 0.007998830638825893 -6.943000335013494e-05
v -0.0052547999657690525 0.00849911104887724 -2.3400000372930663e-06
v -0.005150800570845604 0.00849911104887724 -0.0011066299630329013
v -0.006000000052154064 0.007708890363574028 -0.0021376300137490034
v -0.006000000052154064 0.007998830638825893 -6.943000335013494e-05
v -0.005150800570845604 0.00849911104887724 -0.0011066299630329013
v -0.005150800570845604 0.00849911104887724 -0.0011066299630329013
v -0.005150800570845604 0.008025851100683212 -0.003009120235219598
v -0.006000000052154064 0.007708890363574028 -0.0021376300137490034
v -0.006000000052154064 0.006893540266901255 -0.004060229752212763
v -0.006000000052154064 0.007708890363574028 -0.0021376300137490034
v -0.005150800570845604 0.008025851100683212 -0.003009120235219598
v -0.005150800570845604 0.008025851100683212 -0.003009120235219598
v -0.005150800570845604 0.007132630329579115 -0.004754419904202223
v -0.006000000052154064 0.006893540266901255 -0.004060229752212763
v -0.006000000052154064 0.005608340725302696 -0.005706430412828922
v -0.006000000052154064 0.006893540266901255 -0.004060229752212763
v -0.005150800570845604 0.007132630329579115 -0.004754419904202223
v -0.005150800570845604 0.007132630329579115 -0.004754419904202223
v -0.005150800570845604 0.005866320338100195 -0.0062509202398359776
v -0.006000000052154064 0.005608340725302696 -0.005706430412828922
v -0.006000000052154064 0.005608340725302696 -0.005706430412828922
v -0.005150800570845604 0.005866320338100195 -0.0062509202398359776
v -0.005150800570845604 0.004292690195143223 -0.007420829962939024
v -0.006000000052154064 0.003940890077501535 -0.006963830441236496
v -0.006000000052154064 0.005608340725302696 -0.005706430412828922
v -0.005150800570845604 0.004292690195143223 -0.007420829962939024
v -0.006000000052154064 0.002004810143262148 -0.007746830582618713
v -0.006000000052154064 0.003940890077501535 -0.006963830441236496
v -0.005150800570845604 0.0020404800307005644 -0.008327131159603596
v 0.0020000000949949026 0.006261460017412901 0.006461670156568289
v 0.0020000000949949026 0.007647070102393627 0.00474197044968605
v 0.0020000000949949026 0.0067540802992880344 0.004882170353084803
v 0.0020000000949949026 0.0067540802992880344 0.004882170353084803
v 0.0020000000949949026 0.005858950316905975 0.004749670159071684
v 0.0020000000949949026 0.006261460017412901 0.006461670156568289
v 0.0020000000949949026 0.006261460017412901 0.006461670156568289
v 0.0020000000949949026 0.005858950316905975 0.004749670159071684
v 0.0020000000949949026 0.005043160170316696 0.004355770535767078
v 0.0020000000949949026 0.004496389999985695 0.007793670520186424
v 0.0020000000949949026 0.006261460017412901 0.006461670156568289
v 0.0020000000949949026 0.005043160170316696 0.004355770535767078
v 0.0020000000949949026 0.005043160170316696 0.004355770535767078
v 0.0020000000949949026 0.004387050401419401 0.003742470173165202
v 0.0020000000949949026 0.004496389999985695 0.007793670520186424
v 0.0020000000949949026 0.0024599500466138124 0.008654669858515263
v 0.0020000000949949026 0.004496389999985695 0.007793670520186424
v 0.0020000000949949026 0.004387050401419401 0.003742470173165202
v 0.0020000000949949026 0.004387050401419401 0.003742470173165202
v 0.0019916000310331583 0.0010358401341363788 0.002946270164102316
v 0.0020000000949949026 0.0024599500466138124 0.008654669858515263
v 0.0020000000949949026 0.00027493000379763544 0.008993680588901043
v 0.0020000000949949026 0.0024599500466138124 0.008654669858515263
v 0.0019916000310331583 0.0010358401341363788 0.002946270164102316
v 0.0020000000949949026 -0.00192679010797292 0.008789670653641224
v 0.0020000000949949026 0.00027493000379763544 0.008993680588901043
v 0.0019916000310331583 0.0010358401341363788 0.002946270164102316
v 0.0019916000310331583 0.0010358401341363788 0.002946270164102316
v 0.0020000000949949026 -0.0035008902195841074 0.0033071700017899275
v 0.0020000000949949026 -0.00192679010797292 0.008789670653641224
v 0.0020000000949949026 -0.004012330435216427 0.008054670877754688
v 0.0020000000949949026 -0.00192679010797292 0.008789670653641224
v 0.0020000000949949026 -0.0035008902195841074 0.0033071700017899275
v 0.0020000000949949026 -0.0035008902195841074 0.0033071700017899275
v 0.0020000000949949026 -0.0042181904427707195 0.0033587701618671417
v 0.0020000000949949026 -0.004012330435216427 0.008054670877754688
v 0.0020000000949949026 -0.004012330435216427 0.008054670877754688
v 0.0020000000949949026 -0.0042181904427707195 0.0033587701618671417
v 0.0020000000949949026 -0.004914520308375359 0.0031496703159064054
v 0.0020000000949949026 -0.004012330435216427 0.008054670877754688
v 0.0020000000949949026 -0.004914520308375359 0.0031496703159064054
v 0.0020000000949949026 -0.005489620380103588 0.002706069964915514
v 0.0020000000949949026 -0.0058557805605232716 0.006832670420408249
v 0.0020000000949949026 -0.004012330435216427 0.008054670877754688
v 0.0020000000949949026 -0.005489620380103588 0.002706069964915514
v 0.0020000000949949026 -0.005489620380103588 0.002706069964915514
v 0.0020000000949949026 -0.005868390202522278 0.002086469903588295
v 0.0020000000949949026 -0.0058557805605232716 0.006832670420408249
v 0.0020000000949949026 -0.0058557805605232716 0.006832670420408249
v 0.0020000000949949026 -0.005868390202522278 0.002086469903588295
v 0.0020000000949949026 -0.006000889930874109 0.001265570055693388
v 0.0020000000949949026 -0.007345810066908598 0.005198670085519552
v 0.0020000000949949026 -0.0058557805605232716 0.006832670420408249
v 0.0020000000949949026 -0.006000889930874109 0.001265570055693388
v 0.0020000000949949026 -0.008932370692491531 0.001106170006096363
v 0.0020000000949949026 -0.00839242059737444 0.003250670153647661
v 0.0020000000949949026 -0.007345810066908598 0.005198670085519552
v 0.0020000000949949026 -0.006000889930874109 0.001265570055693388
v 0.0020000000949949026 -0.008932370692491531 0.001106170006096363
v 0.0020000000949949026 -0.007345810066908598 0.005198670085519552
v 0.006000000052154064 -0.007478390354663134 0.002841480076313019
v 0.006000000052154064 -0.007959620095789433 0.0008091700728982687
v 0.006000000052154064 -0.007898480631411076 -0.0012783299898728728
v 0.006000000052154064 -0.007898480631411076 -0.0012783299898728728
v 0.006000000052154064 -0.007299130316823721 -0.0032789302058517933
v 0.006000000052154064 -0.007478390354663134 0.002841480076313019
v 0.006000000052154064 -0.006487580016255379 0.004679870326071978
v 0.006000000052154064 -0.007478390354663134 0.002841480076313019
v 0.006000000052154064 -0.007299130316823721 -0.0032789302058517933
v 0.006000000052154064 -0.007299130316823721 -0.0032789302058517933
v 0.006000000052154064 -0.006202410440891981 -0.005056130234152079
v 0.006000000052154064 -0.006487580016255379 0.004679870326071978
v 0.006000000052154064 -0.00505470996722579 0.006199680268764496
v 0.006000000052154064 -0.006487580016255379 0.004679870326071978
v 0.006000000052154064 -0.006202410440891981 -0.005056130234152079
v 0.006000000052154064 -0.006202410440891981 -0.005056130234152079
v 0.006000000052154064 -0.004683080594986677 -0.006489030085504055
v 0.006000000052154064 -0.00505470996722579 0.006199680268764496
v 0.006000000052154064 -0.003277440322563052 0.007295670453459024
v 0.006000000052154064 -0.00505470996722579 0.006199680268764496
v 0.006000000052154064 -0.004683080594986677 -0.006489030085504055
v 0.006000000052154064 -0.004683080594986677 -0.006489030085504055
v 0.006000000052154064 -0.0028446600772440434 -0.007479830179363489
v 0.006000000052154064 -0.003277440322563052 0.007295670453459024
v 0.006000000052154064 -0.003277440322563052 0.007295670453459024
v 0.006000000052154064 -0.0028446600772440434 -0.007479830179363489
v 0.006000000052154064 -8.900000807443575e-07 -2.330000143047073e-06
v 0.006000000052154064 -0.0012768700253218412 0.007895680144429207
v 0.006000000052154064 -0.003277440322563052 0.007295670453459024
v 0.006000000052154064 -8.900000807443575e-07 -2.330000143047073e-06
v 0.006000000052154064 -0.0028446600772440434 -0.007479830179363489
v 0.006000000052154064 -0.0008124300511553884 -0.0079610301181674
v 0.006000000052154064 -8.900000807443575e-07 -2.330000143047073e-06
v 0.006000000052154064 0.0008106600143946707 0.007956670597195625
v 0.006000000052154064 -0.0012768700253218412 0.007895680144429207
v 0.006000000052154064 -8.900000807443575e-07 -2.330000143047073e-06
v 0.006000000052154064 -0.0008124300511553884 -0.0079610301181674
v 0.006005490198731422 0.0010991101153194904 -0.007992410100996494
v 0.006000000052154064 -8.900000807443575e-07 -2.330000143047073e-06
v 0.006000000052154064 0.0028428700752556324 0.007475670427083969
v 0.006000000052154064 0.0008106600143946707 0.007956670597195625
v 0.006000000052154064 -8.900000807443575e-07 -2.330000143047073e-06
v 0.006000000052154064 0.0032756500877439976 -0.007300530094653368
v 0.006000000052154064 0.0028428700752556324 0.007475670427083969
v 0.006000000052154064 -8.900000807443575e-07 -2.330000143047073e-06
v 0.006005490198731422 0.0010991101153194904 -0.007992410100996494
v 0.006000000052154064 0.0032756500877439976 -0.007300530094653368
v 0.006000000052154064 -8.900000807443575e-07 -2.330000143047073e-06
v 0.006000000052154064 0.004681290592998266 0.00648467056453228
v 0.006000000052154064 0.0028428700752556324 0.007475670427083969
v 0.006000000052154064 0.0032756500877439976 -0.007300530094653368
v 0.006000000052154064 0.0032756500877439976 -0.007300530094653368
v 0.006000000052154064 0.0050529302097857 -0.006203830242156982
v 0.006000000052154064 0.004681290592998266 0.00648467056453228
v 0.006000000052154064 0.006200630683451891 0.005051670130342245
v 0.006000000052154064 0.004681290592998266 0.00648467056453228
v 0.006000000052154064 0.0050529302097857 -0.006203830242156982
v 0.006000000052154064 0.0050529302097857 -0.006203830242156982
v 0.006000000052154064 0.0064858002588152885 -0.0046845306642353535
v 0.006000000052154064 0.006200630683451891 0.005051670130342245
v 0.006000000052154064 0.0072973500937223434 0.00327416998334229
v 0.006000000052154064 0.006200630683451891 0.005051670130342245
v 0.006000000052154064 0.0064858002588152885 -0.0046845306642353535
v 0.006000000052154064 0.0064858002588152885 -0.0046845306642353535
v 0.006000000052154064 0.0074766105972230434 -0.0028461299370974302
v 0.006000000052154064 0.0072973500937223434 0.00327416998334229
v 0.006000000052154064 0.00789669994264841 0.0012736700009554625
v 0.006000000052154064 0.0072973500937223434 0.00327416998334229
v 0.006000000052154064 0.0074766105972230434 -0.0028461299370974302
v 0.006000000052154064 0.0074766105972230434 -0.0028461299370974302
v 0.006000000052154064 0.007957840338349342 -0.0008138300618156791
v 0.006000000052154064 0.00789669994264841 0.0012736700009554625
v 0.001341800088994205 0.00849911104887724 0.00295567000284791
v 0.001657600048929453 0.008282991126179695 0.0035157701931893826
v 0.0036055000964552164 0.00849911104887724 0.00295567000284791
v 0.0036055000964552164 0.00849911104887724 0.00295567000284791
v 0.001657600048929453 0.008282991126179695 0.0035157701931893826
v 0.0018988001393154263 0.008004380390048027 0.004110570065677166
v 0.0036055000964552164 0.00849911104887724 0.00295567000284791
v 0.0018988001393154263 0.008004380390048027 0.004110570065677166
v 0.0020000000949949026 0.007647070102393627 0.00474197044968605
v 0.0036055000964552164 0.007441830355674028 0.005057670176029205
v 0.0036055000964552164 0.00849911104887724 0.00295567000284791
v 0.0020000000949949026 0.007647070102393627 0.00474197044968605
v 0.0020000000949949026 0.007647070102393627 0.00474197044968605
v 0.0020000000949949026 0.006261460017412901 0.006461670156568289
v 0.0036055000964552164 0.007441830355674028 0.005057670176029205
v 0.0036055000964552164 0.005875720176845789 0.006814670283347368
v 0.0036055000964552164 0.007441830355674028 0.005057670176029205
v 0.0020000000949949026 0.006261460017412901 0.006461670156568289
v 0.0020000000949949026 0.006261460017412901 0.006461670156568289
v 0.0020000000949949026 0.004496389999985695 0.007793670520186424
v 0.0036055000964552164 0.005875720176845789 0.006814670283347368
v 0.0036055000964552164 0.003908050246536732 0.008104680106043816
v 0.0036055000964552164 0.005875720176845789 0.006814670283347368
v 0.0020000000949949026 0.004496389999985695 0.007793670520186424
v 0.0020000000949949026 0.004496389999985695 0.007793670520186424
v 0.0020000000949949026 0.0024599500466138124 0.008654669858515263
v 0.0036055000964552164 0.003908050246536732 0.008104680106043816
v 0.0036055000964552164 0.0016729000490158796 0.008840680122375488
v 0.0036055000964552164 0.003908050246536732 0.008104680106043816
v 0.0020000000949949026 0.0024599500466138124 0.008654669858515263
v 0.0020000000949949026 0.0024599500466138124 0.008654669858515263
v 0.0020000000949949026 0.00027493000379763544 0.008993680588901043
v 0.0036055000964552164 0.0016729000490158796 0.008840680122375488
v 0.0036055000964552164 -0.0006765800644643605 0.008972669951617718
v 0.0036055000964552164 0.0016729000490158796 0.008840680122375488
v 0.0020000000949949026 0.00027493000379763544 0.008993680588901043
v 0.0020000000949949026 0.00027493000379763544 0.008993680588901043
v 0.0020000000949949026 -0.00192679010797292 0.008789670653641224
v 0.0036055000964552164 -0.0006765800644643605 0.008972669951617718
v 0.0036055000964552164 -0.0029798001050949097 0.0084906704723835
v 0.0036055000964552164 -0.0006765800644643605 0.008972669951617718
v 0.0020000000949949026 -0.00192679010797292 0.008789670653641224
v 0.0020000000949949026 -0.00192679010797292 0.008789670653641224
v 0.0020000000949949026 -0.004012330435216427 0.008054670877754688
v 0.0036055000964552164 -0.0029798001050949097 0.0084906704723835
v 0.0036055000964552164 -0.005079410504549742 0.007427670527249575
v 0.0036055000964552164 -0.0029798001050949097 0.0084906704723835
v 0.0020000000949949026 -0.004012330435216427 0.008054670877754688
v 0.0020000000949949026 -0.004012330435216427 0.008054670877754688
v 0.0020000000949949026 -0.0058557805605232716 0.006832670420408249
v 0.0036055000964552164 -0.005079410504549742 0.007427670527249575
v 0.0036055000964552164 -0.0068318503908813 0.005857670214027166
v 0.0036055000964552164 -0.005079410504549742 0.007427670527249575
v 0.0020000000949949026 -0.0058557805605232716 0.006832670420408249
v 0.0020000000949949026 -0.0058557805605232716 0.006832670420408249
v 0.0020000000949949026 -0.007345810066908598 0.005198670085519552
v 0.0036055000964552164 -0.0068318503908813 0.005857670214027166
v 0.0036055000964552164 -0.008117320016026497 0.0038865702226758003
v 0.0036055000964552164 -0.0068318503908813 0.005857670214027166
v 0.0020000000949949026 -0.007345810066908598 0.005198670085519552
v 0.0020000000949949026 -0.007345810066908598 0.005198670085519552
v 0.0020000000949949026 -0.00839242059737444 0.003250670153647661
v 0.0036055000964552164 -0.008117320016026497 0.0038865702226758003
v 0.0036055000964552164 -0.008847960270941257 0.001649770070798695
v 0.0036055000964552164 -0.008117320016026497 0.0038865702226758003
v 0.0020000000949949026 -0.00839242059737444 0.003250670153647661
v 0.0020000000949949026 -0.00839242059737444 0.003250670153647661
v 0.0020000000949949026 -0.008932370692491531 0.001106170006096363
v 0.0036055000964552164 -0.008847960270941257 0.001649770070798695
v 0.0036055000964552164 -0.008847960270941257 0.001649770070798695
v 0.0020000000949949026 -0.008932370692491531 0.001106170006096363
v 0.002281100256368518 -0.008999480865895748 -0.00016173001495189965
v 0.0036055000964552164 -0.008973810821771622 -0.0007000300684012473
v 0.0036055000964552164 -0.008847960270941257 0.001649770070798695
v 0.002281100256368518 -0.008999480865895748 -0.00016173001495189965
v 0.002281100256368518 -0.008999480865895748 -0.00016173001495189965
v 0.0029559999238699675 -0.00885632075369358 -0.0016090200515463948
v 0.0036055000964552164 -0.008973810821771622 -0.0007000300684012473
v 0.0036055000964552164 -0.008486269973218441 -0.00300203007645905
v 0.0036055000964552164 -0.008973810821771622 -0.0007000300684012473
v 0.0029559999238699675 -0.00885632075369358 -0.0016090200515463948
v 0.0029559999238699675 -0.00885632075369358 -0.0016090200515463948
v 0.002281100256368518 -0.008999480865895748 -0.00016173001495189965
v 0.00234850007109344 -0.006000889930874109 -0.00030623000930063426
v 0.005125700030475855 -0.005848500411957502 -0.006289630196988583
v 0.004915600176900625 -0.0064757103100419044 -0.0058115203864872456
v 0.004529900383204222 -0.007320360746234655 -0.0049842302687466145
v 0.005125700030475855 -0.005848500411957502 -0.006289630196988583
v 0.004529900383204222 -0.007320360746234655 -0.0049842302687466145
v 0.004089700523763895 -0.008000209927558899 -0.004040230065584183
v 0.005125700030475855 -0.005848500411957502 -0.006289630196988583
v 0.004089700523763895 -0.008000209927558899 -0.004040230065584183
v 0.0036055000964552164 -0.008486269973218441 -0.00300203007645905
v 0.005125700030475855 -0.005848500411957502 -0.006289630196988583
v 0.0036055000964552164 -0.008486269973218441 -0.00300203007645905
v 0.0029559999238699675 -0.00885632075369358 -0.0016090200515463948
v 0.00234850007109344 -0.006000889930874109 -0.00030623000930063426
v 0.005125700030475855 -0.005848500411957502 -0.006289630196988583
v 0.0029559999238699675 -0.00885632075369358 -0.0016090200515463948
v 0.0020000000949949026 -0.008932370692491531 0.001106170006096363
v 0.0020000000949949026 -0.006000889930874109 0.001265570055693388
v 0.00234850007109344 -0.006000889930874109 -0.00030623000930063426
v 0.002281100256368518 -0.008999480865895748 -0.00016173001495189965
v 0.0020000000949949026 -0.008932370692491531 0.001106170006096363
v 0.00234850007109344 -0.006000889930874109 -0.00030623000930063426
v 0.0020000000949949026 -0.006000889930874109 0.001265570055693388
v 0.0020000000949949026 -0.005868390202522278 0.002086469903588295
v 0.0016830001259222627 -0.005317880306392908 0.0013706700410693884
v 0.0017070999601855874 -0.004792620427906513 0.0023927802685648203
v 0.0010000000474974513 -0.004745520185679197 0.0020381701178848743
v 0.0010000000474974513 -0.0050008902326226234 0.0013706700410693884
v 0.0017070999601855874 -0.004792620427906513 0.0023927802685648203
v 0.0010000000474974513 -0.0050008902326226234 0.0013706700410693884
v 0.0016830001259222627 -0.005317880306392908 0.0013706700410693884
v 0.0016830001259222627 -0.005317880306392908 0.0013706700410693884
v 0.0020000000949949026 -0.005868390202522278 0.002086469903588295
v 0.0020000000949949026 -0.005489620380103588 0.002706069964915514
v 0.0017070999601855874 -0.004792620427906513 0.0023927802685648203
v 0.0016830001259222627 -0.005317880306392908 0.0013706700410693884
v 0.0020000000949949026 -0.005489620380103588 0.002706069964915514
v 0.0010000000474974513 -0.0037508902605623007 0.002338870195671916
v 0.0010000000474974513 -0.004745520185679197 0.0020381701178848743
v 0.0017070999601855874 -0.004792620427906513 0.0023927802685648203
v 0.0020000000949949026 -0.005489620380103588 0.002706069964915514
v 0.0020000000949949026 -0.004914520308375359 0.0031496703159064054
v 0.0017070999601855874 -0.004792620427906513 0.0023927802685648203
v 0.0017070999601855874 -0.004792620427906513 0.0023927802685648203
v 0.0020000000949949026 -0.004914520308375359 0.0031496703159064054
v 0.0020000000949949026 -0.0042181904427707195 0.0033587701618671417
v 0.0017070999601855874 -0.004792620427906513 0.0023927802685648203
v 0.0020000000949949026 -0.0042181904427707195 0.0033587701618671417
v 0.0020000000949949026 -0.0035008902195841074 0.0033071700017899275
v 0.0017070999601855874 -0.004792620427906513 0.0023927802685648203
v 0.0020000000949949026 -0.0035008902195841074 0.0033071700017899275
v 0.0016830001259222627 -0.0036716400645673275 0.002645770087838173
v 0.0017070999601855874 -0.004792620427906513 0.0023927802685648203
v 0.0016830001259222627 -0.0036716400645673275 0.002645770087838173
v 0.0010000000474974513 -0.0037508902605623007 0.002338870195671916
v 0.0010000000474974513 -0.0050008902326226234 0.001106170006096363
v 0.0016830001259222627 -0.005317880306392908 0.0013706700410693884
v 0.0010000000474974513 -0.0050008902326226234 0.0013706700410693884
v 0.0016830001259222627 -0.005317880306392908 0.0013706700410693884
v 0.00234850007109344 -0.006000889930874109 -0.00030623000930063426
v 0.0020000000949949026 -0.006000889930874109 0.001265570055693388
v 0.0036055000964552164 -0.0050008902326226234 -0.007485630456358194
v 0.004767900332808495 -0.005044220015406609 -0.007171830628067255
v 0.0013747999910265207 -0.0050008902326226234 -0.000584330060519278
v 0.0018146000802516937 -0.005126530304551125 -0.0003792300121858716
v 0.0013747999910265207 -0.0050008902326226234 -0.000584330060519278
v 0.004767900332808495 -0.005044220015406609 -0.007171830628067255
v 0.004767900332808495 -0.005044220015406609 -0.007171830628067255
v 0.004943300504237413 -0.005149150267243385 -0.006997230462729931
v 0.0018146000802516937 -0.005126530304551125 -0.0003792300121858716
v 0.0021024001762270927 -0.005353010259568691 -0.00034243002301082015
v 0.0018146000802516937 -0.005126530304551125 -0.0003792300121858716
v 0.004943300504237413 -0.005149150267243385 -0.006997230462729931
v 0.004943300504237413 -0.005149150267243385 -0.006997230462729931
v 0.005123600363731384 -0.005463030189275742 -0.006628930568695068
v 0.0021024001762270927 -0.005353010259568691 -0.00034243002301082015
v 0.0021024001762270927 -0.005353010259568691 -0.00034243002301082015
v 0.005123600363731384 -0.005463030189275742 -0.006628930568695068
v 0.005125700030475855 -0.005848500411957502 -0.006289630196988583
v 0.00234850007109344 -0.006000889930874109 -0.00030623000930063426
v 0.0021024001762270927 -0.005353010259568691 -0.00034243002301082015
v 0.005125700030475855 -0.005848500411957502 -0.006289630196988583
v 0.0020000000949949026 0.005043160170316696 0.004355770535767078
v 0.001500000013038516 0.005066480487585068 0.003205470275133848
v 0.0020000000949949026 0.004387050401419401 0.003742470173165202
v 0.0017070999601855874 0.0059271701611578465 0.004025970119982958
v 0.0010000000474974513 0.005578840617090464 0.0035101701505482197
v 0.0010000000474974513 0.005171590019017458 0.0031223802361637354
v 0.0017070999601855874 0.0059271701611578465 0.004025970119982958
v 0.0010000000474974513 0.005171590019017458 0.0031223802361637354
v 0.001500000013038516 0.005066480487585068 0.003205470275133848
v 0.0017070999601855874 0.0059271701611578465 0.004025970119982958
v 0.001500000013038516 0.005066480487585068 0.003205470275133848
v 0.0020000000949949026 0.005043160170316696 0.004355770535767078
v 0.0010000000474974513 0.006079040467739105 0.003769570030272007
v 0.0010000000474974513 0.005578840617090464 0.0035101701505482197
v 0.0017070999601855874 0.0059271701611578465 0.004025970119982958
v 0.0020000000949949026 0.005043160170316696 0.004355770535767078
v 0.0020000000949949026 0.005858950316905975 0.004749670159071684
v 0.0017070999601855874 0.0059271701611578465 0.004025970119982958
v 0.0017070999601855874 0.0059271701611578465 0.004025970119982958
v 0.0020000000949949026 0.005858950316905975 0.004749670159071684
v 0.0020000000949949026 0.0067540802992880344 0.004882170353084803
v 0.0017070999601855874 0.00714342063292861 0.004139470402151346
v 0.0017070999601855874 0.0059271701611578465 0.004025970119982958
v 0.0020000000949949026 0.0067540802992880344 0.004882170353084803
v 0.0017070999601855874 0.00714342063292861 0.004139470402151346
v 0.0010000000474974513 0.006631050258874893 0.0038791701663285494
v 0.0010000000474974513 0.006079040467739105 0.003769570030272007
v 0.0017070999601855874 0.0059271701611578465 0.004025970119982958
v 0.0017070999601855874 0.00714342063292861 0.004139470402151346
v 0.0010000000474974513 0.006079040467739105 0.003769570030272007
v 0.0010000000474974513 0.0071912300772964954 0.0038307702634483576
v 0.0010000000474974513 0.006631050258874893 0.0038791701663285494
v 0.0017070999601855874 0.00714342063292861 0.004139470402151346
v 0.0020000000949949026 0.0067540802992880344 0.004882170353084803
v 0.0020000000949949026 0.007647070102393627 0.00474197044968605
v 0.0017070999601855874 0.00714342063292861 0.004139470402151346
v 0.0017070999601855874 0.00714342063292861 0.004139470402151346
v 0.0020000000949949026 0.007647070102393627 0.00474197044968605
v 0.0018988001393154263 0.008004380390048027 0.004110570065677166
v 0.001657600048929453 0.008282991126179695 0.0035157701931893826
v 0.0017070999601855874 0.00714342063292861 0.004139470402151346
v 0.0018988001393154263 0.008004380390048027 0.004110570065677166
v 0.001657600048929453 0.008282991126179695 0.0035157701931893826
v 0.0010000000474974513 0.007715900428593159 0.0036283701192587614
v 0.0010000000474974513 0.0071912300772964954 0.0038307702634483576
v 0.0017070999601855874 0.00714342063292861 0.004139470402151346
v 0.001657600048929453 0.008282991126179695 0.0035157701931893826
v 0.0010000000474974513 0.0071912300772964954 0.0038307702634483576
v 0.0010000000474974513 0.008163941092789173 0.003287270199507475
v 0.0010000000474974513 0.007715900428593159 0.0036283701192587614
v 0.001657600048929453 0.008282991126179695 0.0035157701931893826
v 0.001657600048929453 0.008282991126179695 0.0035157701931893826
v 0.001341800088994205 0.00849911104887724 0.00295567000284791
v 0.0010000000474974513 0.008163941092789173 0.003287270199507475
v 0.0010000000474974513 0.00849911104887724 0.002835080260410905
v 0.0010000000474974513 0.008163941092789173 0.003287270199507475
v 0.001341800088994205 0.00849911104887724 0.00295567000284791
v 0.0010000000474974513 -0.0050008902326226234 0.001106170006096363
v 0.0013747999910265207 -0.0050008902326226234 -0.000584330060519278
v 0.0018146000802516937 -0.005126530304551125 -0.0003792300121858716
v 0.0021024001762270927 -0.005353010259568691 -0.00034243002301082015
v 0.0010000000474974513 -0.0050008902326226234 0.001106170006096363
v 0.0018146000802516937 -0.005126530304551125 -0.0003792300121858716
v 0.0021024001762270927 -0.005353010259568691 -0.00034243002301082015
v 0.0016830001259222627 -0.005317880306392908 0.0013706700410693884
v 0.0010000000474974513 -0.0050008902326226234 0.001106170006096363
v 0.0021024001762270927 -0.005353010259568691 -0.00034243002301082015
v 0.00234850007109344 -0.006000889930874109 -0.00030623000930063426
v 0.0016830001259222627 -0.005317880306392908 0.0013706700410693884
v 0.006000000052154064 0.004681290592998266 0.00648467056453228
v 0.005150800570845604 0.004831800237298012 0.007076670415699482
v 0.005150800570845604 0.0039134700782597065 0.007622670382261276
v 0.006000000052154064 0.004681290592998266 0.00648467056453228
v 0.005150800570845604 0.0039134700782597065 0.007622670382261276
v 0.005150800570845604 0.0030460001435130835 0.008009670302271843
v 0.006000000052154064 0.004681290592998266 0.00648467056453228
v 0.005150800570845604 0.0030460001435130835 0.008009670302271843
v 0.006000000052154064 0.0028428700752556324 0.007475670427083969
v 0.005150800570845604 0.0057566300965845585 0.006347670219838619
v 0.005150800570845604 0.004831800237298012 0.007076670415699482
v 0.006000000052154064 0.004681290592998266 0.00648467056453228
v 0.006000000052154064 0.004681290592998266 0.00648467056453228
v 0.006000000052154064 0.006200630683451891 0.005051670130342245
v 0.005150800570845604 0.0057566300965845585 0.006347670219838619
v 0.005150800570845604 0.00664504012092948 0.0054106698371469975
v 0.005150800570845604 0.0057566300965845585 0.006347670219838619
v 0.006000000052154064 0.006200630683451891 0.005051670130342245
v 0.006000000052154064 0.0072973500937223434 0.00327416998334229
v 0.005150800570845604 0.007451160345226526 0.004232770297676325
v 0.005150800570845604 0.00664504012092948 0.0054106698371469975
v 0.006000000052154064 0.006200630683451891 0.005051670130342245
v 0.006000000052154064 0.0072973500937223434 0.00327416998334229
v 0.005150800570845604 0.00664504012092948 0.0054106698371469975
v 0.005150800570845604 0.008103730157017708 0.002787770237773657
v 0.005150800570845604 0.007451160345226526 0.004232770297676325
v 0.006000000052154064 0.0072973500937223434 0.00327416998334229
v 0.006000000052154064 0.0072973500937223434 0.00327416998334229
v 0.006000000052154064 0.00789669994264841 0.0012736700009554625
v 0.005150800570845604 0.008103730157017708 0.002787770237773657
v 0.005150800570845604 0.00849911104887724 0.001101969974115491
v 0.005150800570845604 0.008103730157017708 0.002787770237773657
v 0.006000000052154064 0.00789669994264841 0.0012736700009554625
v 0.006000000052154064 0.007957840338349342 -0.0008138300618156791
v 0.0052547999657690525 0.00849911104887724 -2.330000143047073e-06
v 0.005150800570845604 0.00849911104887724 0.001101969974115491
v 0.006000000052154064 0.00789669994264841 0.0012736700009554625
v 0.006000000052154064 0.007957840338349342 -0.0008138300618156791
v 0.005150800570845604 0.00849911104887724 0.001101969974115491
v 0.005150800570845604 0.00849911104887724 -0.0011066299630329013
v 0.0052547999657690525 0.00849911104887724 -2.330000143047073e-06
v 0.006000000052154064 0.007957840338349342 -0.0008138300618156791
v 0.006000000052154064 0.0074766105972230434 -0.0028461299370974302
v 0.005150800570845604 0.008025860413908958 -0.003009130246937275
v 0.005150800570845604 0.00849911104887724 -0.0011066299630329013
v 0.006000000052154064 0.007957840338349342 -0.0008138300618156791
v 0.006000000052154064 0.0074766105972230434 -0.0028461299370974302
v 0.005150800570845604 0.00849911104887724 -0.0011066299630329013
v 0.005150800570845604 0.007132710423320532 -0.00475433049723506
v 0.005150800570845604 0.008025860413908958 -0.003009130246937275
v 0.006000000052154064 0.0074766105972230434 -0.0028461299370974302
v 0.006000000052154064 0.0074766105972230434 -0.0028461299370974302
v 0.006000000052154064 0.0064858002588152885 -0.0046845306642353535
v 0.005150800570845604 0.007132710423320532 -0.00475433049723506
v 0.005150800570845604 0.005866570398211479 -0.006250730250030756
v 0.005150800570845604 0.007132710423320532 -0.00475433049723506
v 0.006000000052154064 0.0064858002588152885 -0.0046845306642353535
v 0.006000000052154064 0.0064858002588152885 -0.0046845306642353535
v 0.006000000052154064 0.0050529302097857 -0.006203830242156982
v 0.005150800570845604 0.005866570398211479 -0.006250730250030756
v 0.005150800570845604 0.004292690195143223 -0.007420829962939024
v 0.005150800570845604 0.005866570398211479 -0.006250730250030756
v 0.006000000052154064 0.0050529302097857 -0.006203830242156982
v 0.006000000052154064 0.0050529302097857 -0.006203830242156982
v 0.006000000052154064 0.0032756500877439976 -0.007300530094653368
v 0.005150800570845604 0.004292690195143223 -0.007420829962939024
v 0.006005490198731422 0.0010991101153194904 -0.007992410100996494
v 0.005150800570845604 0.0020404800307005644 -0.008327131159603596
v 0.005150800570845604 0.004292690195143223 -0.007420829962939024
v 0.006000000052154064 0.0032756500877439976 -0.007300530094653368
v 0.006005490198731422 0.0010991101153194904 -0.007992410100996494
v 0.005150800570845604 0.004292690195143223 -0.007420829962939024
v 0.006000000052154064 -0.0008124300511553884 -0.0079610301181674
v 0.005150800570845604 2.6670000806916505e-05 -0.00857373047620058
v 0.005150800570845604 0.0020404800307005644 -0.008327131159603596
v 0.006000000052154064 -0.0008124300511553884 -0.0079610301181674
v 0.005150800570845604 0.0020404800307005644 -0.008327131159603596
v 0.006005490198731422 0.0010991101153194904 -0.007992410100996494
v 0.005150800570845604 -0.0011422100942581892 -0.008497430011630058
v 0.005150800570845604 2.6670000806916505e-05 -0.00857373047620058
v 0.006000000052154064 -0.0008124300511553884 -0.0079610301181674
v 0.006000000052154064 -0.0028446600772440434 -0.007479830179363489
v 0.005150800570845604 -0.0021753099281340837 -0.008293330669403076
v 0.005150800570845604 -0.0011422100942581892 -0.008497430011630058
v 0.006000000052154064 -0.0008124300511553884 -0.0079610301181674
v 0.006000000052154064 -0.0028446600772440434 -0.007479830179363489
v 0.005150800570845604 -0.0011422100942581892 -0.008497430011630058
v 0.005150800570845604 -0.0021753099281340837 -0.008293330669403076
v 0.006000000052154064 -0.0028446600772440434 -0.007479830179363489
v 0.005150800570845604 -0.0030477801337838173 -0.008013919927179813
v 0.006000000052154064 -0.004683080594986677 -0.006489030085504055
v 0.005150800570845604 -0.004761670250445604 -0.007130030542612076
v 0.005150800570845604 -0.0038805902004241943 -0.007645420264452696
v 0.006000000052154064 -0.004683080594986677 -0.006489030085504055
v 0.005150800570845604 -0.0038805902004241943 -0.007645420264452696
v 0.005150800570845604 -0.0030477801337838173 -0.008013919927179813
v 0.006000000052154064 -0.0028446600772440434 -0.007479830179363489
v 0.006000000052154064 -0.004683080594986677 -0.006489030085504055
v 0.005150800570845604 -0.0030477801337838173 -0.008013919927179813
v 0.005125700030475855 -0.005848500411957502 -0.006289630196988583
v 0.005150800570845604 -0.004761670250445604 -0.007130030542612076
v 0.006000000052154064 -0.004683080594986677 -0.006489030085504055
v 0.006000000052154064 -0.004683080594986677 -0.006489030085504055
v 0.006000000052154064 -0.006202410440891981 -0.005056130234152079
v 0.005125700030475855 -0.005848500411957502 -0.006289630196988583
v 0.005150800570845604 -0.006676120217889547 -0.005379230249673128
v 0.005125700030475855 -0.005848500411957502 -0.006289630196988583
v 0.006000000052154064 -0.006202410440891981 -0.005056130234152079
v 0.006000000052154064 -0.007299130316823721 -0.0032789302058517933
v 0.005150800570845604 -0.007554190699011087 -0.004054130055010319
v 0.005150800570845604 -0.006676120217889547 -0.005379230249673128
v 0.006000000052154064 -0.006202410440891981 -0.005056130234152079
v 0.006000000052154064 -0.007299130316823721 -0.0032789302058517933
v 0.005150800570845604 -0.006676120217889547 -0.005379230249673128
v 0.005150800570845604 -0.008229520171880722 -0.0024021302815526724
v 0.005150800570845604 -0.007554190699011087 -0.004054130055010319
v 0.006000000052154064 -0.007299130316823721 -0.0032789302058517933
v 0.006000000052154064 -0.007299130316823721 -0.0032789302058517933
v 0.006000000052154064 -0.007898480631411076 -0.0012783299898728728
v 0.005150800570845604 -0.008229520171880722 -0.0024021302815526724
v 0.005150800570845604 -0.008558330126106739 -0.0004919300554320216
v 0.005150800570845604 -0.008229520171880722 -0.0024021302815526724
v 0.006000000052154064 -0.007898480631411076 -0.0012783299898728728
v 0.006000000052154064 -0.007898480631411076 -0.0012783299898728728
v 0.006000000052154064 -0.007959620095789433 0.0008091700728982687
v 0.005150800570845604 -0.008558330126106739 -0.0004919300554320216
v 0.005150800570845604 -0.008435971103608608 0.0015204701339825988
v 0.005150800570845604 -0.008558330126106739 -0.0004919300554320216
v 0.006000000052154064 -0.007959620095789433 0.0008091700728982687
v 0.006000000052154064 -0.007959620095789433 0.0008091700728982687
v 0.006000000052154064 -0.007478390354663134 0.002841480076313019
v 0.005150800570845604 -0.008435971103608608 0.0015204701339825988
v 0.005150800570845604 -0.007831860333681107 0.0034826702903956175
v 0.005150800570845604 -0.008435971103608608 0.0015204701339825988
v 0.006000000052154064 -0.007478390354663134 0.002841480076313019
v 0.006000000052154064 -0.007478390354663134 0.002841480076313019
v 0.006000000052154064 -0.006487580016255379 0.004679870326071978
v 0.005150800570845604 -0.007831860333681107 0.0034826702903956175
v 0.005150800570845604 -0.0067932503297924995 0.00522567005828023
v 0.005150800570845604 -0.007831860333681107 0.0034826702903956175
v 0.006000000052154064 -0.006487580016255379 0.004679870326071978
v 0.006000000052154064 -0.00505470996722579 0.006199680268764496
v 0.005150800570845604 -0.005466400180011988 0.006600670050829649
v 0.005150800570845604 -0.0067932503297924995 0.00522567005828023
v 0.006000000052154064 -0.006487580016255379 0.004679870326071978
v 0.006000000052154064 -0.00505470996722579 0.006199680268764496
v 0.005150800570845604 -0.0067932503297924995 0.00522567005828023
v 0.005150800570845604 -0.004020450171083212 0.007568669971078634
v 0.005150800570845604 -0.005466400180011988 0.006600670050829649
v 0.006000000052154064 -0.00505470996722579 0.006199680268764496
v 0.006000000052154064 -0.00505470996722579 0.006199680268764496
v 0.006000000052154064 -0.003277440322563052 0.007295670453459024
v 0.005150800570845604 -0.004020450171083212 0.007568669971078634
v 0.005150800570845604 -0.0025793700478971004 0.008171680383384228
v 0.005150800570845604 -0.004020450171083212 0.007568669971078634
v 0.006000000052154064 -0.003277440322563052 0.007295670453459024
v 0.006000000052154064 -0.003277440322563052 0.007295670453459024
v 0.006000000052154064 -0.0012768700253218412 0.007895680144429207
v 0.005150800570845604 -0.0025793700478971004 0.008171680383384228
v 0.005150800570845604 -0.0012217200128361583 0.00848167110234499
v 0.005150800570845604 -0.0025793700478971004 0.008171680383384228
v 0.006000000052154064 -0.0012768700253218412 0.007895680144429207
v 0.006000000052154064 0.0008106600143946707 0.007956670597195625
v 0.005150800570845604 3.3650001569185406e-05 0.008568670600652695
v 0.005150800570845604 -0.0012217200128361583 0.00848167110234499
v 0.006000000052154064 -0.0012768700253218412 0.007895680144429207
v 0.006000000052154064 0.0008106600143946707 0.007956670597195625
v 0.005150800570845604 -0.0012217200128361583 0.00848167110234499
v 0.005150800570845604 0.0011775800958275795 0.008487670682370663
v 0.005150800570845604 3.3650001569185406e-05 0.008568670600652695
v 0.006000000052154064 0.0008106600143946707 0.007956670597195625
v 0.006000000052154064 0.0028428700752556324 0.007475670427083969
v 0.005150800570845604 0.002189560094848275 0.008284680545330048
v 0.005150800570845604 0.0011775800958275795 0.008487670682370663
v 0.006000000052154064 0.0008106600143946707 0.007956670597195625
v 0.006000000052154064 0.0028428700752556324 0.007475670427083969
v 0.005150800570845604 0.0011775800958275795 0.008487670682370663
v 0.005150800570845604 0.0030460001435130835 0.008009670302271843
v 0.005150800570845604 0.002189560094848275 0.008284680545330048
v 0.006000000052154064 0.0028428700752556324 0.007475670427083969
v 0.005150800570845604 0.005866570398211479 -0.006250730250030756
v 0.005150800570845604 0.004292690195143223 -0.007420829962939024
v 0.0036055000964552164 0.0058747101575136185 -0.006819730158895254
v 0.0036055000964552164 0.0058747101575136185 -0.006819730158895254
v 0.0036055000964552164 0.006971110124140978 -0.005693630315363407
v 0.005150800570845604 0.005866570398211479 -0.006250730250030756
v 0.005150800570845604 0.007132710423320532 -0.00475433049723506
v 0.005150800570845604 0.005866570398211479 -0.006250730250030756
v 0.0036055000964552164 0.006971110124140978 -0.005693630315363407
v 0.0036055000964552164 0.006971110124140978 -0.005693630315363407
v 0.0036055000964552164 0.007854900322854519 -0.004393930081278086
v 0.005150800570845604 0.007132710423320532 -0.00475433049723506
v 0.005150800570845604 0.008025860413908958 -0.003009130246937275
v 0.005150800570845604 0.007132710423320532 -0.00475433049723506
v 0.0036055000964552164 0.007854900322854519 -0.004393930081278086
v 0.0036055000964552164 0.007854900322854519 -0.004393930081278086
v 0.0036055000964552164 0.00849911104887724 -0.002960330108180642
v 0.005150800570845604 0.008025860413908958 -0.003009130246937275
v 0.005150800570845604 0.008025860413908958 -0.003009130246937275
v 0.0036055000964552164 0.00849911104887724 -0.002960330108180642
v 0.004013700410723686 0.00849911104887724 -0.0028743301518261433
v 0.005150800570845604 0.008025860413908958 -0.003009130246937275
v 0.004013700410723686 0.00849911104887724 -0.0028743301518261433
v 0.004407200030982494 0.00849911104887724 -0.002609630348160863
v 0.005150800570845604 0.008025860413908958 -0.003009130246937275
v 0.004407200030982494 0.00849911104887724 -0.002609630348160863
v 0.004729500040411949 0.00849911104887724 -0.0022079201880842447
v 0.005150800570845604 0.008025860413908958 -0.003009130246937275
v 0.004729500040411949 0.00849911104887724 -0.0022079201880842447
v 0.004977799952030182 0.00849911104887724 -0.0016995200421661139
v 0.005150800570845604 0.00849911104887724 -0.0011066299630329013
v 0.005150800570845604 0.008025860413908958 -0.003009130246937275
v 0.004977799952030182 0.00849911104887724 -0.0016995200421661139
v 0.004767900332808495 -0.005044220015406609 -0.007171830628067255
v 0.0036055000964552164 -0.0050008902326226234 -0.007485630456358194
v 0.005150800570845604 -0.004761670250445604 -0.007130030542612076
v 0.004943300504237413 -0.005149150267243385 -0.006997230462729931
v 0.004767900332808495 -0.005044220015406609 -0.007171830628067255
v 0.005150800570845604 -0.004761670250445604 -0.007130030542612076
v 0.005123600363731384 -0.005463030189275742 -0.006628930568695068
v 0.004943300504237413 -0.005149150267243385 -0.006997230462729931
v 0.005150800570845604 -0.004761670250445604 -0.007130030542612076
v 0.005150800570845604 -0.004761670250445604 -0.007130030542612076
v 0.005125700030475855 -0.005848500411957502 -0.006289630196988583
v 0.005123600363731384 -0.005463030189275742 -0.006628930568695068
v 0.0036055000964552164 -0.003444960340857506 -0.008317230269312859
v 0.005150800570845604 -0.0038805902004241943 -0.007645420264452696
v 0.005150800570845604 -0.004761670250445604 -0.007130030542612076
v 0.0036055000964552164 -0.0050008902326226234 -0.007485630456358194
v 0.0036055000964552164 -0.003444960340857506 -0.008317230269312859
v 0.005150800570845604 -0.004761670250445604 -0.007130030542612076
v 0.005150800570845604 -0.0030477801337838173 -0.008013919927179813
v 0.005150800570845604 -0.0038805902004241943 -0.007645420264452696
v 0.0036055000964552164 -0.003444960340857506 -0.008317230269312859
v 0.0036055000964552164 -0.0017566500464454293 -0.008829429745674133
v 0.005150800570845604 -0.0021753099281340837 -0.008293330669403076
v 0.005150800570845604 -0.0030477801337838173 -0.008013919927179813
v 0.0036055000964552164 -0.003444960340857506 -0.008317230269312859
v 0.0036055000964552164 -0.0017566500464454293 -0.008829429745674133
v 0.005150800570845604 -0.0030477801337838173 -0.008013919927179813
v 0.005150800570845604 -0.0011422100942581892 -0.008497430011630058
v 0.005150800570845604 -0.0021753099281340837 -0.008293330669403076
v 0.0036055000964552164 -0.0017566500464454293 -0.008829429745674133
v 0.0036055000964552164 -0.0017566500464454293 -0.008829429745674133
v 0.0036055000964552164 -8.900000807443575e-07 -0.009002330712974072
v 0.005150800570845604 -0.0011422100942581892 -0.008497430011630058
v 0.004367600195109844 0.00849911104887724 0.0026411700528115034
v 0.004009400028735399 0.00849911104887724 0.0028715701773762703
v 0.005150800570845604 0.008103730157017708 0.002787770237773657
v 0.004632400348782539 0.00849911104887724 0.002347369911149144
v 0.004367600195109844 0.00849911104887724 0.0026411700528115034
v 0.005150800570845604 0.008103730157017708 0.002787770237773657
v 0.004823500290513039 0.00849911104887724 0.0020387701224535704
v 0.004632400348782539 0.00849911104887724 0.002347369911149144
v 0.005150800570845604 0.008103730157017708 0.002787770237773657
v 0.004965899977833033 0.00849911104887724 0.001725470181554556
v 0.004823500290513039 0.00849911104887724 0.0020387701224535704
v 0.005150800570845604 0.008103730157017708 0.002787770237773657
v 0.005072000436484814 0.00849911104887724 0.0014136701356619596
v 0.004965899977833033 0.00849911104887724 0.001725470181554556
v 0.005150800570845604 0.008103730157017708 0.002787770237773657
v 0.005150800570845604 0.008103730157017708 0.002787770237773657
v 0.005150800570845604 0.00849911104887724 0.001101969974115491
v 0.005072000436484814 0.00849911104887724 0.0014136701356619596
v 0.004009400028735399 0.00849911104887724 0.0028715701773762703
v 0.0036055000964552164 0.00849911104887724 0.00295567000284791
v 0.005150800570845604 0.008103730157017708 0.002787770237773657
v 0.005150800570845604 0.007451160345226526 0.004232770297676325
v 0.005150800570845604 0.008103730157017708 0.002787770237773657
v 0.0036055000964552164 0.00849911104887724 0.00295567000284791
v 0.0036055000964552164 0.00849911104887724 0.00295567000284791
v 0.0036055000964552164 0.007441830355674028 0.005057670176029205
v 0.005150800570845604 0.007451160345226526 0.004232770297676325
v 0.005150800570845604 0.00664504012092948 0.0054106698371469975
v 0.005150800570845604 0.007451160345226526 0.004232770297676325
v 0.0036055000964552164 0.007441830355674028 0.005057670176029205
v 0.0036055000964552164 0.005875720176845789 0.006814670283347368
v 0.005150800570845604 0.0057566300965845585 0.006347670219838619
v 0.005150800570845604 0.00664504012092948 0.0054106698371469975
v 0.0036055000964552164 0.007441830355674028 0.005057670176029205
v 0.0036055000964552164 0.005875720176845789 0.006814670283347368
v 0.005150800570845604 0.00664504012092948 0.0054106698371469975
v 0.005150800570845604 0.004831800237298012 0.007076670415699482
v 0.005150800570845604 0.0057566300965845585 0.006347670219838619
v 0.0036055000964552164 0.005875720176845789 0.006814670283347368
v 0.0036055000964552164 0.003908050246536732 0.008104680106043816
v 0.005150800570845604 0.0039134700782597065 0.007622670382261276
v 0.005150800570845604 0.004831800237298012 0.007076670415699482
v 0.0036055000964552164 0.005875720176845789 0.006814670283347368
v 0.0036055000964552164 0.003908050246536732 0.008104680106043816
v 0.005150800570845604 0.004831800237298012 0.007076670415699482
v 0.005150800570845604 0.0030460001435130835 0.008009670302271843
v 0.005150800570845604 0.0039134700782597065 0.007622670382261276
v 0.0036055000964552164 0.003908050246536732 0.008104680106043816
v 0.0036055000964552164 0.0016729000490158796 0.008840680122375488
v 0.005150800570845604 0.002189560094848275 0.008284680545330048
v 0.005150800570845604 0.0030460001435130835 0.008009670302271843
v 0.0036055000964552164 0.003908050246536732 0.008104680106043816
v 0.0036055000964552164 0.0016729000490158796 0.008840680122375488
v 0.005150800570845604 0.0030460001435130835 0.008009670302271843
v 0.005150800570845604 0.0011775800958275795 0.008487670682370663
v 0.005150800570845604 0.002189560094848275 0.008284680545330048
v 0.0036055000964552164 0.0016729000490158796 0.008840680122375488
v 0.0036055000964552164 -0.0006765800644643605 0.008972669951617718
v 0.005150800570845604 3.3650001569185406e-05 0.008568670600652695
v 0.005150800570845604 0.0011775800958275795 0.008487670682370663
v 0.0036055000964552164 0.0016729000490158796 0.008840680122375488
v 0.0036055000964552164 -0.0006765800644643605 0.008972669951617718
v 0.005150800570845604 0.0011775800958275795 0.008487670682370663
v 0.005150800570845604 -0.0012217200128361583 0.00848167110234499
v 0.005150800570845604 3.3650001569185406e-05 0.008568670600652695
v 0.0036055000964552164 -0.0006765800644643605 0.008972669951617718
v 0.0036055000964552164 -0.0029798001050949097 0.0084906704723835
v 0.005150800570845604 -0.0025793700478971004 0.008171680383384228
v 0.005150800570845604 -0.0012217200128361583 0.00848167110234499
v 0.0036055000964552164 -0.0006765800644643605 0.008972669951617718
v 0.0036055000964552164 -0.0029798001050949097 0.0084906704723835
v 0.005150800570845604 -0.0012217200128361583 0.00848167110234499
v 0.005150800570845604 -0.004020450171083212 0.007568669971078634
v 0.005150800570845604 -0.0025793700478971004 0.008171680383384228
v 0.0036055000964552164 -0.0029798001050949097 0.0084906704723835
v 0.0036055000964552164 -0.0029798001050949097 0.0084906704723835
v 0.0036055000964552164 -0.005079410504549742 0.007427670527249575
v 0.005150800570845604 -0.004020450171083212 0.007568669971078634
v 0.005150800570845604 -0.005466400180011988 0.006600670050829649
v 0.005150800570845604 -0.004020450171083212 0.007568669971078634
v 0.0036055000964552164 -0.005079410504549742 0.007427670527249575
v 0.0036055000964552164 -0.005079410504549742 0.007427670527249575
v 0.0036055000964552164 -0.0068318503908813 0.005857670214027166
v 0.005150800570845604 -0.005466400180011988 0.006600670050829649
v 0.005150800570845604 -0.0067932503297924995 0.00522567005828023
v 0.005150800570845604 -0.005466400180011988 0.006600670050829649
v 0.0036055000964552164 -0.0068318503908813 0.005857670214027166
v 0.0036055000964552164 -0.0068318503908813 0.005857670214027166
v 0.0036055000964552164 -0.008117320016026497 0.0038865702226758003
v 0.005150800570845604 -0.0067932503297924995 0.00522567005828023
v 0.005150800570845604 -0.007831860333681107 0.0034826702903956175
v 0.005150800570845604 -0.0067932503297924995 0.00522567005828023
v 0.0036055000964552164 -0.008117320016026497 0.0038865702226758003
v 0.0036055000964552164 -0.008117320016026497 0.0038865702226758003
v 0.0036055000964552164 -0.008847960270941257 0.001649770070798695
v 0.005150800570845604 -0.007831860333681107 0.0034826702903956175
v 0.005150800570845604 -0.008435971103608608 0.0015204701339825988
v 0.005150800570845604 -0.007831860333681107 0.0034826702903956175
v 0.0036055000964552164 -0.008847960270941257 0.001649770070798695
v 0.0036055000964552164 -0.008973810821771622 -0.0007000300684012473
v 0.005150800570845604 -0.008558330126106739 -0.0004919300554320216
v 0.005150800570845604 -0.008435971103608608 0.0015204701339825988
v 0.0036055000964552164 -0.008847960270941257 0.001649770070798695
v 0.0036055000964552164 -0.008973810821771622 -0.0007000300684012473
v 0.005150800570845604 -0.008435971103608608 0.0015204701339825988
v 0.005150800570845604 -0.008229520171880722 -0.0024021302815526724
v 0.005150800570845604 -0.008558330126106739 -0.0004919300554320216
v 0.0036055000964552164 -0.008973810821771622 -0.0007000300684012473
v 0.0036055000964552164 -0.008973810821771622 -0.0007000300684012473
v 0.0036055000964552164 -0.008486269973218441 -0.00300203007645905
v 0.005150800570845604 -0.008229520171880722 -0.0024021302815526724
v 0.005150800570845604 -0.008229520171880722 -0.0024021302815526724
v 0.0036055000964552164 -0.008486269973218441 -0.00300203007645905
v 0.004089700523763895 -0.008000209927558899 -0.004040230065584183
v 0.005150800570845604 -0.007554190699011087 -0.004054130055010319
v 0.005150800570845604 -0.008229520171880722 -0.0024021302815526724
v 0.004089700523763895 -0.008000209927558899 -0.004040230065584183
v 0.004089700523763895 -0.008000209927558899 -0.004040230065584183
v 0.004529900383204222 -0.007320360746234655 -0.0049842302687466145
v 0.005150800570845604 -0.007554190699011087 -0.004054130055010319
v 0.005150800570845604 -0.007554190699011087 -0.004054130055010319
v 0.004529900383204222 -0.007320360746234655 -0.0049842302687466145
v 0.004915600176900625 -0.0064757103100419044 -0.0058115203864872456
v 0.005150800570845604 -0.006676120217889547 -0.005379230249673128
v 0.005150800570845604 -0.007554190699011087 -0.004054130055010319
v 0.004915600176900625 -0.0064757103100419044 -0.0058115203864872456
v 0.005150800570845604 -0.006676120217889547 -0.005379230249673128
v 0.004915600176900625 -0.0064757103100419044 -0.0058115203864872456
v 0.005125700030475855 -0.005848500411957502 -0.006289630196988583
v 0.0036055000964552164 -8.900000807443575e-07 -0.009002330712974072
v 0.005150800570845604 0.0020404800307005644 -0.008327131159603596
v 0.005150800570845604 2.6670000806916505e-05 -0.00857373047620058
v 0.0036055000964552164 -8.900000807443575e-07 -0.009002330712974072
v 0.0036055000964552164 0.00209911004640162 -0.00875393021851778
v 0.005150800570845604 0.0020404800307005644 -0.008327131159603596
v 0.0036055000964552164 -8.900000807443575e-07 -0.009002330712974072
v -0.003605599980801344 0.00209911004640162 -0.00875393021851778
v 0.0036055000964552164 0.00209911004640162 -0.00875393021851778
v -0.003605599980801344 -8.900000807443575e-07 -0.009002330712974072
v -0.003605599980801344 0.00209911004640162 -0.00875393021851778
v 0.0036055000964552164 -8.900000807443575e-07 -0.009002330712974072
v -0.003605599980801344 -8.900000807443575e-07 -0.009002330712974072
v -0.005150800570845604 0.0020404800307005644 -0.008327131159603596
v -0.003605599980801344 0.00209911004640162 -0.00875393021851778
v -0.003605599980801344 -8.900000807443575e-07 -0.009002330712974072
v -0.005150800570845604 2.6670000806916505e-05 -0.00857373047620058
v -0.005150800570845604 0.0020404800307005644 -0.008327131159603596
v -0.003605599980801344 0.004599110223352909 -0.0077379303984344006
v -0.003605599980801344 0.00209911004640162 -0.00875393021851778
v -0.005150800570845604 0.004292690195143223 -0.007420829962939024
v -0.003605599980801344 0.00209911004640162 -0.00875393021851778
v -0.005150800570845604 0.0020404800307005644 -0.008327131159603596
v -0.005150800570845604 0.004292690195143223 -0.007420829962939024
v -0.003605599980801344 0.004599110223352909 -0.0077379303984344006
v 0.0036055000964552164 0.00209911004640162 -0.00875393021851778
v -0.003605599980801344 0.00209911004640162 -0.00875393021851778
v -0.003605599980801344 0.004599110223352909 -0.0077379303984344006
v 0.0036055000964552164 0.004599110223352909 -0.0077379303984344006
v 0.0036055000964552164 0.00209911004640162 -0.00875393021851778
v 0.0036055000964552164 0.004599110223352909 -0.0077379303984344006
v 0.005150800570845604 0.0020404800307005644 -0.008327131159603596
v 0.0036055000964552164 0.00209911004640162 -0.00875393021851778
v 0.0036055000964552164 0.004599110223352909 -0.0077379303984344006
v 0.005150800570845604 0.004292690195143223 -0.007420829962939024
v 0.005150800570845604 0.0020404800307005644 -0.008327131159603596
v -0.006000000052154064 0.002004810143262148 -0.007746830582618713
v -0.005150800570845604 2.6670000806916505e-05 -0.00857373047620058
v -0.006000000052154064 -6.79500080877915e-05 -0.008002030663192272
v -0.006000000052154064 0.002004810143262148 -0.007746830582618713
v -0.005150800570845604 0.0020404800307005644 -0.008327131159603596
v -0.005150800570845604 2.6670000806916505e-05 -0.00857373047620058
v -0.003605599980801344 0.004599110223352909 -0.0077379303984344006
v -0.005150800570845604 0.005866320338100195 -0.0062509202398359776
v -0.003605599980801344 0.0058747101575136185 -0.006819719914346933
v -0.003605599980801344 0.004599110223352909 -0.0077379303984344006
v -0.005150800570845604 0.004292690195143223 -0.007420829962939024
v -0.005150800570845604 0.005866320338100195 -0.0062509202398359776
v -0.006000000052154064 0.003940890077501535 -0.006963830441236496
v -0.005150800570845604 0.004292690195143223 -0.007420829962939024
v -0.005150800570845604 0.0020404800307005644 -0.008327131159603596
v -0.006000000052154064 -6.79500080877915e-05 -0.008002030663192272
v -0.005150800570845604 2.6670000806916505e-05 -0.00857373047620058
v -0.005150800570845604 -0.0011678400915116072 -0.008493930101394653
v -0.003605599980801344 -0.001757370075210929 -0.008829220198094845
v -0.005150800570845604 2.6670000806916505e-05 -0.00857373047620058
v -0.003605599980801344 -8.900000807443575e-07 -0.009002330712974072
v 0.0036055000964552164 -8.900000807443575e-07 -0.009002330712974072
v 0.005150800570845604 2.6670000806916505e-05 -0.00857373047620058
v 0.005150800570845604 -0.0011422100942581892 -0.008497430011630058
v 0.0036055000964552164 0.004599110223352909 -0.0077379303984344006
v 0.0036055000964552164 0.0058747101575136185 -0.006819730158895254
v 0.005150800570845604 0.004292690195143223 -0.007420829962939024
v -0.0020000000949949026 -0.008957600221037865 0.0008792700828053057
v -0.003605599980801344 -0.00899508036673069 0.000321080005960539
v -0.002180900191888213 -0.008999730460345745 -0.00014673001714982092
v -0.003605599980801344 -0.00899508036673069 0.000321080005960539
v -0.003605599980801344 -0.008791860193014145 -0.0019307200564071536
v -0.002180900191888213 -0.008999730460345745 -0.00014673001714982092
v 0.0 -0.0050008902326226234 -2.330000143047073e-06
v 0.0010000000474974513 -0.0050008902326226234 0.001106170006096363
v 0.0010000000474974513 -0.0050008902326226234 0.0013706700410693884
v 0.0 -0.0050008902326226234 -2.330000143047073e-06
v -0.0010000000474974513 -0.0050008902326226234 0.0013706700410693884
v -0.0010000000474974513 -0.0050008902326226234 0.0009311800240539014
v 0.0 -0.0050008902326226234 -2.330000143047073e-06
v 0.0010000000474974513 -0.0050008902326226234 0.0013706700410693884
v -0.0010000000474974513 -0.0050008902326226234 0.0013706700410693884
v -0.006000000052154064 -8.900000807443575e-07 -2.330000143047073e-06
v -0.006000000052154064 -0.007745380513370037 -0.0020080299582332373
v -0.006000000052154064 -0.008000610396265984 6.476999988080934e-05
v -0.006000000052154064 -8.900000807443575e-07 -2.330000143047073e-06
v -0.006000000052154064 -0.008000610396265984 6.476999988080934e-05
v -0.006000000052154064 -0.0077106705866754055 0.002132970141246915
v -0.006000000052154064 -8.900000807443575e-07 -2.330000143047073e-06
v -0.006000000052154064 -0.0077106705866754055 0.002132970141246915
v -0.006000000052154064 -0.006895320490002632 0.004055570345371962
v -0.006000000052154064 -8.900000807443575e-07 -2.330000143047073e-06
v -0.006000000052154064 -0.006895320490002632 0.004055570345371962
v -0.006000000052154064 -0.005610120017081499 0.005701680667698383
v -0.006000000052154064 -8.900000807443575e-07 -2.330000143047073e-06
v -0.006000000052154064 -0.005610120017081499 0.005701680667698383
v -0.006000000052154064 -0.003942669834941626 0.006958670448511839
v -0.006000000052154064 -8.900000807443575e-07 -2.330000143047073e-06
v -0.006000000052154064 -0.003942669834941626 0.006958670448511839
v -0.006000000052154064 -0.002006589900702238 0.00774168036878109
v -0.006000000052154064 6.618000043090433e-05 0.007997670210897923
v -0.006000000052154064 -8.900000807443575e-07 -2.330000143047073e-06
v -0.006000000052154064 -0.002006589900702238 0.00774168036878109
v -0.006000000052154064 -8.900000807443575e-07 -2.330000143047073e-06
v -0.006000000052154064 -0.00696238037198782 -0.003944130148738623
v -0.006000000052154064 -0.007745380513370037 -0.0020080299582332373
v -0.006000000052154064 -8.900000807443575e-07 -2.330000143047073e-06
v -0.006000000052154064 -0.004058829974383116 -0.006896730046719313
v -0.006000000052154064 -0.005704970099031925 -0.005611530039459467
v -0.006000000052154064 -8.900000807443575e-07 -2.330000143047073e-06
v -0.006000000052154064 -0.005704970099031925 -0.005611530039459467
v -0.006000000052154064 -0.00696238037198782 -0.003944130148738623
v -0.006000000052154064 -0.0021361499093472958 -0.007712130434811115
v -0.006000000052154064 -0.004058829974383116 -0.006896730046719313
v -0.006000000052154064 -8.900000807443575e-07 -2.330000143047073e-06
v 0.0010000000474974513 -0.0037508902605623007 0.002338870195671916
v 0.0010000000474974513 0.005171590019017458 0.0031223802361637354
v -0.0010000000474974513 0.005171590019017458 0.0031223802361637354
v -0.0010000000474974513 -0.0037508902605623007 0.002338870195671916
v 0.0010000000474974513 -0.0037508902605623007 0.002338870195671916
v -0.0010000000474974513 0.005171590019017458 0.0031223802361637354
v -0.0010000000474974513 -0.0037508902605623007 0.002338870195671916
v -0.0010000000474974513 0.005171590019017458 0.0031223802361637354
v -0.0016830001259222627 -0.0036716400645673275 0.002645870205014944
v -0.0010000000474974513 0.005171590019017458 0.0031223802361637354
v -0.001500000013038516 0.005066480487585068 0.003205470275133848
v -0.0016830001259222627 -0.0036716400645673275 0.002645870205014944
v -0.0020000000949949026 -0.0035008902195841074 0.0033071700017899275
v -0.0016830001259222627 -0.0036716400645673275 0.002645870205014944
v -0.0019958000630140305 0.0010491100838407874 0.002954469993710518
v -0.0019958000630140305 0.0010491100838407874 0.002954469993710518
v -0.0016830001259222627 -0.0036716400645673275 0.002645870205014944
v -0.001500000013038516 0.005066480487585068 0.003205470275133848
v -0.0019958000630140305 0.0010491100838407874 0.002954469993710518
v -0.001500000013038516 0.005066480487585068 0.003205470275133848
v -0.0018660000059753656 0.0047793202102184296 0.003432470140978694
v 0.0020000000949949026 0.004387050401419401 0.003742470173165202
v 0.001500000013038516 0.005066480487585068 0.003205470275133848
v 0.0019916000310331583 0.0010358401341363788 0.002946270164102316
v 0.0010000000474974513 -0.0037508902605623007 0.002338870195671916
v 0.001500000013038516 0.005066480487585068 0.003205470275133848
v 0.0010000000474974513 0.005171590019017458 0.0031223802361637354
v 0.0010000000474974513 -0.0037508902605623007 0.002338870195671916
v 0.0016830001259222627 -0.0036716400645673275 0.002645770087838173
v 0.001500000013038516 0.005066480487585068 0.003205470275133848
v 0.0019916000310331583 0.0010358401341363788 0.002946270164102316
v 0.001500000013038516 0.005066480487585068 0.003205470275133848
v 0.0016830001259222627 -0.0036716400645673275 0.002645770087838173
v 0.0019916000310331583 0.0010358401341363788 0.002946270164102316
v 0.0016830001259222627 -0.0036716400645673275 0.002645770087838173
v 0.0020000000949949026 -0.0035008902195841074 0.0033071700017899275
f 1 2 3
f 4 5 6
f 7 8 9
f 10 11 12
f 13 14 15
f 16 17 18
f 19 20 21
f 22 23 24
f 25 26 27
f 28 29 30
f 31 32 33
f 34 35 36
f 37 38 39
f 40 41 42
f 43 44 45
f 46 47 48
f 49 50 51
f 52 53 54
f 55 56 57
f 58 59 60
f 61 62 63
f 64 65 66
f 67 68 69
f 70 71 72
f 73 74 75
f 76 77 78
f 79 80 81
f 82 83 84
f 85 86 87
f 88 89 90
f 91 92 93
f 94 95 96
f 97 98 99
f 100 101 102
f 103 104 105
f 106 107 108
f 109 110 111
f 112 113 114
f 115 116 117
f 118 119 120
f 121 122 123
f 124 125 126
f 127 128 129
f 130 131 132
f 133 134 135
f 136 137 138
f 139 140 141
f 142 143 144
f 145 146 147
f 148 149 150
f 151 152 153
f 154 155 156
f 157 158 159
f 160 161 162
f 163 164 165
f 166 167 168
f 169 170 171
f 172 173 174
f 175 176 177
f 178 179 180
f 181 182 183
f 184 185 186
f 187 188 189
f 190 191 192
f 193 194 195
f 196 197 198
f 199 200 201
f 202 203 204
f 205 206 207
f 208 209 210
f 211 212 213
f 214 215 216
f 217 218 219
f 220 221 222
f 223 224 225
f 226 227 228
f 229 230 231
f 232 233 234
f 235 236 237
f 238 239 240
f 241 242 243
f 244 245 246
f 247 248 249
f 250 251 252
f 253 254 255
f 256 257 258
f 259 260 261
f 262 263 264
f 265 266 267
f 268 269 270
f 271 272 273
f 274 275 276
f 277 278 279
f 280 281 282
f 283 284 285
f 286 287 288
f 289 290 291
f 292 293 294
f 295 296 297
f 298 299 300
f 301 302 303
f 304 305 306
f 307 308 309
f 310 311 312
f 313 314 315
f 316 317 318
f 319 320 321
f 322 323 324
f 325 326 327
f 328 329 330
f 331 332 333
f 334 335 336
f 337 338 339
f 340 341 342
f 343 344 345
f 346 347 348
f 349 350 351
f 352 353 354
f 355 356 357
f 358 359 360
f 361 362 363
f 364 365 366
f 367 368 369
f 370 371 372
f 373 374 375
f 376 377 378
f 379 380 381
f 382 383 384
f 385 386 387
f 388 389 390
f 391 392 393
f 394 395 396
f 397 398 399
f 400 401 402
f 403 404 405
f 406 407 408
f 409 410 411
f 412 413 414
f 415 416 417
f 418 419 420
f 421 422 423
f 424 425 426
f 427 428 429
f 430 431 432
f 433 434 435
f 436 437 438
f 439 440 441
f 442 443 444
f 445 446 447
f 448 449 450
f 451 452 453
f 454 455 456
f 457 458 459
f 460 461 462
f 463 464 465
f 466 467 468
f 469 470 471
f 472 473 474
f 475 476 477
f 478 479 480
f 481 482 483
f 484 485 486
f 487 488 489
f 490 491 492
f 493 494 495
f 496 497 498
f 499 500 501
f 502 503 504
f 505 506 507
f 508 509 510
f 511 512 513
f 514 515 516
f 517 518 519
f 520 521 522
f 523 524 525
f 526 527 528
f 529 530 531
f 532 533 534
f 535 536 537
f 538 539 540
f 541 542 543
f 544 545 546
f 547 548 549
f 550 551 552
f 553 554 555
f 556 557 558
f 559 560 561
f 562 563 564
f 565 566 567
f 568 569 570
f 571 572 573
f 574 575 576
f 577 578 579
f 580 581 582
f 583 584 585
f 586 587 588
f 589 590 591
f 592 593 594
f 595 596 597
f 598 599 600
f 601 602 603
f 604 605 606
f 607 608 609
f 610 611 612
f 613 614 615
f 616 617 618
f 619 620 621
f 622 623 624
f 625 626 627
f 628 629 630
f 631 632 633
f 634 635 636
f 637 638 639
f 640 641 642
f 643 644 645
f 646 647 648
f 649 650 651
f 652 653 654
f 655 656 657
f 658 659 660
f 661 662 663
f 664 665 666
f 667 668 669
f 670 671 672
f 673 674 675
f 676 677 678
f 679 680 681
f 682 683 684
f 685 686 687
f 688 689 690
f 691 692 693
f 694 695 696
f 697 698 699
f 700 701 702
f 703 704 705
f 706 707 708
f 709 710 711
f 712 713 714
f 715 716 717
f 718 719 720
f 721 722 723
f 724 725 726
f 727 728 729
f 730 731 732
f 733 734 735
f 736 737 738
f 739 740 741
f 742 743 744
f 745 746 747
f 748 749 750
f 751 752 753
f 754 755 756
f 757 758 759
f 760 761 762
f 763 764 765
f 766 767 768
f 769 770 771
f 772 773 774
f 775 776 777
f 778 779 780
f 781 782 783
f 784 785 786
f 787 788 789
f 790 791 792
f 793 794 795
f 796 797 798
f 799 800 801
f 802 803 804
f 805 806 807
f 808 809 810
f 811 812 813
f 814 815 816
f 817 818 819
f 820 821 822
f 823 824 825
f 826 827 828
f 829 830 831
f 832 833 834
f 835 836 837
f 838 839 840
f 841 842 843
f 844 845 846
f 847 848 849
f 850 851 852
f 853 854 855
f 856 857 858
f 859 860 861
f 862 863 864
f 865 866 867
f 868 869 870
f 871 872 873
f 874 875 876
f 877 878 879
f 880 881 882
f 883 884 885
f 886 887 888
f 889 890 891
f 892 893 894
f 895 896 897
f 898 899 900
f 901 902 903
f 904 905 906
f 907 908 909
f 910 911 912
f 913 914 915
f 916 917 918
f 919 920 921
f 922 923 924
f 925 926 927
f 928 929 930
f 931 932 933
f 934 935 936
f 937 938 939
f 940 941 942
f 943 944 945
f 946 947 948
f 949 950 951
f 952 953 954
f 955 956 957
f 958 959 960
f 961 962 963
f 964 965 966
f 967 968 969
f 970 971 972
f 973 974 975
f 976 977 978
f 979 980 981
f 982 983 984
f 985 986 987
f 988 989 990
f 991 992 993
f 994 995 996
f 997 998 999
f 1000 1001 1002
f 1003 1004 1005
f 1006 1007 1008
f 1009 1010 1011
f 1012 1013 1014
f 1015 1016 1017
f 1018 1019 1020
f 1021 1022 1023
f 1024 1025 1026
f 1027 1028 1029
f 1030 1031 1032
f 1033 1034 1035
f 1036 1037 1038
f 1039 1040 1041
f 1042 1043 1044
f 1045 1046 1047
f 1048 1049 1050
f 1051 1052 1053
f 1054 1055 1056
f 1057 1058 1059
f 1060 1061 1062
f 1063 1064 1065
f 1066 1067 1068
f 1069 1070 1071
f 1072 1073 1074
f 1075 1076 1077
f 1078 1079 1080
f 1081 1082 1083
f 1084 1085 1086
f 1087 1088 1089
f 1090 1091 1092
f 1093 1094 1095
f 1096 1097 1098
f 1099 1100 1101
f 1102 1103 1104
f 1105 1106 1107
f 1108 1109 1110
f 1111 1112 1113
f 1114 1115 1116
f 1117 1118 1119
f 1120 1121 1122
f 1123 1124 1125
f 1126 1127 1128
f 1129 1130 1131
f 1132 1133 1134
f 1135 1136 1137
f 1138 1139 1140
f 1141 1142 1143
f 1144 1145 1146
f 1147 1148 1149
f 1150 1151 1152
f 1153 1154 1155
f 1156 1157 1158
f 1159 1160 1161
f 1162 1163 1164
f 1165 1166 1167
f 1168 1169 1170
f 1171 1172 1173
f 1174 1175 1176
f 1177 1178 1179
f 1180 1181 1182
f 1183 1184 1185
f 1186 1187 1188
f 1189 1190 1191
f 1192 1193 1194
f 1195 1196 1197
f 1198 1199 1200
f 1201 1202 1203
f 1204 1205 1206
f 1207 1208 1209
f 1210 1211 1212
f 1213 1214 1215
f 1216 1217 1218
f 1219 1220 1221
f 1222 1223 1224
f 1225 1226 1227
f 1228 1229 1230
f 1231 1232 1233
f 1234 1235 1236
f 1237 1238 1239
f 1240 1241 1242
f 1243 1244 1245
f 1246 1247 1248
f 1249 1250 1251
f 1252 1253 1254
f 1255 1256 1257
f 1258 1259 1260
f 1261 1262 1263
f 1264 1265 1266
f 1267 1268 1269
f 1270 1271 1272
f 1273 1274 1275
f 1276 1277 1278
f 1279 1280 1281
f 1282 1283 1284
f 1285 1286 1287
f 1288 1289 1290
f 1291 1292 1293
f 1294 1295 1296
f 1297 1298 1299
f 1300 1301 1302
f 1303 1304 1305
f 1306 1307 1308
f 1309 1310 1311
f 1312 1313 1314
f 1315 1316 1317
f 1318 1319 1320
f 1321 1322 1323
f 1324 1325 1326
f 1327 1328 1329
f 1330 1331 1332
f 1333 1334 1335
f 1336 1337 1338
f 1339 1340 1341
f 1342 1343 1344
f 1345 1346 1347
f 1348 1349 1350
f 1351 1352 1353
f 1354 1355 1356
f 1357 1358 1359
f 1360 1361 1362
f 1363 1364 1365
f 1366 1367 1368
f 1369 1370 1371
f 1372 1373 1374
f 1375 1376 1377
f 1378 1379 1380
f 1381 1382 1383
f 1384 1385 1386
f 1387 1388 1389
f 1390 1391 1392
f 1393 1394 1395
f 1396 1397 1398
f 1399 1400 1401
f 1402 1403 1404
f 1405 1406 1407
f 1408 1409 1410
f 1411 1412 1413
f 1414 1415 1416
f 1417 1418 1419
f 1420 1421 1422
f 1423 1424 1425
f 1426 1427 1428
f 1429 1430 1431
f 1432 1433 1434
f 1435 1436 1437
f 1438 1439 1440
f 1441 1442 1443
f 1444 1445 1446
f 1447 1448 1449
f 1450 1451 1452
f 1453 1454 1455
f 1456 1457 1458
f 1459 1460 1461
f 1462 1463 1464
f 1465 1466 1467
f 1468 1469 1470
f 1471 1472 1473
f 1474 1475 1476
f 1477 1478 1479
f 1480 1481 1482
f 1483 1484 1485
f 1486 1487 1488
f 1489 1490 1491
f 1492 1493 1494
f 1495 1496 1497
f 1498 1499 1500
f 1501 1502 1503
f 1504 1505 1506
f 1507 1508 1509
f 1510 1511 1512
f 1513 1514 1515
f 1516 1517 1518
f 1519 1520 1521
f 1522 1523 1524
f 1525 1526 1527
f 1528 1529 1530
f 1531 1532 1533
f 1534 1535 1536
f 1537 1538 1539
f 1540 1541 1542
f 1543 1544 1545
f 1546 1547 1548
f 1549 1550 1551
f 1552 1553 1554
f 1555 1556 1557
f 1558 1559 1560
f 1561 1562 1563
f 1564 1565 1566
f 1567 1568 1569
f 1570 1571 1572
f 1573 1574 1575
f 1576 1577 1578
f 1579 1580 1581
f 1582 1583 1584
f 1585 1586 1587
f 1588 1589 1590
f 1591 1592 1593
f 1594 1595 1596
f 1597 1598 1599
f 1600 1601 1602
f 1603 1604 1605
f 1606 1607 1608
f 1609 1610 1611
f 1612 1613 1614
f 1615 1616 1617
f 1618 1619 1620
f 1621 1622 1623
f 1624 1625 1626
f 1627 1628 1629
f 1630 1631 1632
f 1633 1634 1635
f 1636 1637 1638
f 1639 1640 1641
f 1642 1643 1644
f 1645 1646 1647
f 1648 1649 1650
f 1651 1652 1653
f 1654 1655 1656
f 1657 1658 1659
f 1660 1661 1662
f 1663 1664 1665
f 1666 1667 1668
f 1669 1670 1671
f 1672 1673 1674
f 1675 1676 1677
f 1678 1679 1680
f 1681 1682 1683
f 1684 1685 1686
f 1687 1688 1689
f 1690 1691 1692
f 1693 1694 1695
f 1696 1697 1698
f 1699 1700 1701
f 1702 1703 1704
f 1705 1706 1707
f 1708 1709 1710
f 1711 1712 1713
f 1714 1715 1716
f 1717 1718 1719
f 1720 1721 1722
f 1723 1724 1725
f 1726 1727 1728
f 1729 1730 1731
f 1732 1733 1734
f 1735 1736 1737
f 1738 1739 1740
f 1741 1742 1743
f 1744 1745 1746
f 1747 1748 1749
f 1750 1751 1752
f 1753 1754 1755
f 1756 1757 1758
f 1759 1760 1761
f 1762 1763 1764
f 1765 1766 1767
f 1768 1769 1770
