v -0.0021534801926463842 -0.010500400327146053 0.013225200586020947
v -0.000783480005338788 -0.010600400157272816 0.007458490319550037
v -0.0023171401116997004 -0.010600400157272816 0.007132500410079956
v 7.689000631216913e-05 -0.010500400327146053 0.013399201445281506
v 0.000784450036007911 -0.010600400157272816 0.007458490319550037
v -0.000783480005338788 -0.010600400157272816 0.007458490319550037
v 0.029297901317477226 0.004286530427634716 0.017064101994037628
v 0.030077701434493065 0.00428939051926136 0.023021001368761063
v 0.02931950055062771 0.005790249910205603 0.023031901568174362
v 0.02761940099298954 0.007124290335923433 0.017710700631141663
v 0.02931950055062771 0.005790249910205603 0.023031901568174362
v 0.028295401483774185 0.007123900111764669 0.023042701184749603
v 0.029297901317477226 0.004286530427634716 0.017064101994037628
v 0.02931950055062771 0.005790249910205603 0.023031901568174362
v 0.02761940099298954 0.007124290335923433 0.017710700631141663
v 0.025284701958298683 0.009108980186283588 0.019714200869202614
v 0.028295401483774185 0.007123900111764669 0.023042701184749603
v 0.027041001245379448 0.008243810385465622 0.023053400218486786
v 0.025284701958298683 0.009108980186283588 0.019714200869202614
v 0.027041001245379448 0.008243810385465622 0.023053400218486786
v 0.02559240162372589 0.009096390567719936 0.023033101111650467
v 0.00461565051227808 -0.010500400327146053 -0.01258070021867752
v 0.0037504800129681826 -0.010600400157272816 -0.006495610345155001
v 0.00672998046502471 -0.010500400327146053 -0.011588199995458126
v 0.00672998046502471 -0.010500400327146053 -0.011588199995458126
v 0.0037504800129681826 -0.010600400157272816 -0.006495610345155001
v 0.008639849722385406 -0.010500400327146053 -0.010243700817227364
v 0.008639849722385406 -0.010500400327146053 -0.010243700817227364
v 0.0037504800129681826 -0.010600400157272816 -0.006495610345155001
v 0.005018970463424921 -0.010600400157272816 -0.0055740103125572205
v 0.008639849722385406 -0.010500400327146053 -0.010243700817227364
v 0.005018970463424921 -0.010600400157272816 -0.0055740103125572205
v 0.010287200100719929 -0.010500400327146053 -0.008587900549173355
v 0.010287200100719929 -0.010500400327146053 -0.008587900549173355
v 0.005018970463424921 -0.010600400157272816 -0.0055740103125572205
v 0.01162210013717413 -0.010500400327146053 -0.006671240087598562
v 0.01162210013717413 -0.010500400327146053 -0.006671240087598562
v 0.005018970463424921 -0.010600400157272816 -0.0055740103125572205
v 0.006068110466003418 -0.010600400157272816 -0.0044088102877140045
v 0.01162210013717413 -0.010500400327146053 -0.006671240087598562
v 0.006068110466003418 -0.010600400157272816 -0.0044088102877140045
v 0.012603900395333767 -0.010500400327146053 -0.004551910329610109
v 0.012603900395333767 -0.010500400327146053 -0.004551910329610109
v 0.006068110466003418 -0.010600400157272816 -0.0044088102877140045
v 0.00685208011418581 -0.010600400157272816 -0.0030509501229971647
v 0.012603900395333767 -0.010500400327146053 -0.004551910329610109
v 0.00685208011418581 -0.010600400157272816 -0.0030509501229971647
v 0.013202699832618237 -0.010500400327146053 -0.0022943001240491867
v 0.013202699832618237 -0.010500400327146053 -0.0022943001240491867
v 0.00685208011418581 -0.010600400157272816 -0.0030509501229971647
v 0.007336589973419905 -0.010600400157272816 -0.0015597600722685456
v 0.013202699832618237 -0.010500400327146053 -0.0022943001240491867
v 0.007336589973419905 -0.010600400157272816 -0.0015597600722685456
v 0.007500490639358759 -0.010600400157272816 -4.200000205401011e-07
v 0.013202699832618237 -0.010500400327146053 -0.0022943001240491867
v 0.007500490639358759 -0.010600400157272816 -4.200000205401011e-07
v 0.01340040098875761 -0.010500400327146053 3.300000025774352e-05
v 0.01340040098875761 -0.010500400327146053 3.300000025774352e-05
v 0.007500490639358759 -0.010600400157272816 -4.200000205401011e-07
v 0.007336589973419905 -0.010600400157272816 0.0015589201357215643
v 0.01340040098875761 -0.010500400327146053 3.300000025774352e-05
v 0.007336589973419905 -0.010600400157272816 0.0015589201357215643
v 0.013106200844049454 -0.010467100888490677 0.003309830091893673
v 0.013106200844049454 -0.010467100888490677 0.003309830091893673
v 0.007336589973419905 -0.010600400157272816 0.0015589201357215643
v 0.00685208011418581 -0.010600400157272816 0.003050100291147828
v 0.013106200844049454 -0.010467100888490677 0.003309830091893673
v 0.00685208011418581 -0.010600400157272816 0.003050100291147828
v 0.01234420109540224 -0.010500400327146053 0.005651640240103006
v 0.011348400264978409 -0.010493201203644276 0.007121640723198652
v 0.01234420109540224 -0.010500400327146053 0.005651640240103006
v 0.00685208011418581 -0.010600400157272816 0.003050100291147828
v 0.011348400264978409 -0.010493201203644276 0.007121640723198652
v 0.00685208011418581 -0.010600400157272816 0.003050100291147828
v 0.006068120244890451 -0.010600400157272816 0.004407970234751701
v 0.00999131053686142 -0.010500400327146053 0.00892936997115612
v 0.011348400264978409 -0.010493201203644276 0.007121640723198652
v 0.006068120244890451 -0.010600400157272816 0.004407970234751701
v 0.00999131053686142 -0.010500400327146053 0.00892936997115612
v 0.006068120244890451 -0.010600400157272816 0.004407970234751701
v 0.005018970463424921 -0.010600400157272816 0.005573170259594917
v 0.00999131053686142 -0.010500400327146053 0.00892936997115612
v 0.005018970463424921 -0.010600400157272816 0.005573170259594917
v 0.008366609923541546 -0.010500400327146053 0.010466900654137135
v 0.008366609923541546 -0.010500400327146053 0.010466900654137135
v 0.005018970463424921 -0.010600400157272816 0.005573170259594917
v 0.006508690305054188 -0.010500400327146053 0.011712800711393356
v 0.006508690305054188 -0.010500400327146053 0.011712800711393356
v 0.005018970463424921 -0.010600400157272816 0.005573170259594917
v 0.0037504900246858597 -0.010600400157272816 0.0064947702921926975
v 0.006508690305054188 -0.010500400327146053 0.011712800711393356
v 0.0037504900246858597 -0.010600400157272816 0.0064947702921926975
v 0.004469300154596567 -0.010500400327146053 0.012632301077246666
v 0.008366590365767479 0.010499601252377033 0.010466900654137135
v 0.006508680060505867 0.010499601252377033 0.011712800711393356
v 0.0050189602188766 0.010599600151181221 0.005573170259594917
v 0.009991290979087353 0.010499601252377033 0.008929390460252762
v 0.008366590365767479 0.010499601252377033 0.010466900654137135
v 0.0050189602188766 0.010599600151181221 0.005573170259594917
v 0.009991290979087353 0.010499601252377033 0.008929390460252762
v 0.0050189602188766 0.010599600151181221 0.005573170259594917
v 0.006068110466003418 0.010599600151181221 0.004407970234751701
v 0.009991290979087353 0.010499601252377033 0.008929390460252762
v 0.006068110466003418 0.010599600151181221 0.004407970234751701
v 0.01133780088275671 0.010499601252377033 0.007142680697143078
v 0.01133780088275671 0.010499601252377033 0.007142680697143078
v 0.006068110466003418 0.010599600151181221 0.004407970234751701
v 0.006852070335298777 0.010599600151181221 0.003050100291147828
v 0.01133780088275671 0.010499601252377033 0.007142680697143078
v 0.006852070335298777 0.010599600151181221 0.003050100291147828
v 0.01247480046004057 0.010499601252377033 0.005267390515655279
v 0.01308900024741888 0.010478599928319454 0.0031028601806610823
v 0.01247480046004057 0.010499601252377033 0.005267390515655279
v 0.006852070335298777 0.010599600151181221 0.003050100291147828
v 0.01308900024741888 0.010478599928319454 0.0031028601806610823
v 0.006852070335298777 0.010599600151181221 0.003050100291147828
v 0.007336589973419905 0.010599600151181221 0.0015589201357215643
v 0.01340040098875761 0.010499601252377033 3.300000025774352e-05
v 0.01308900024741888 0.010478599928319454 0.0031028601806610823
v 0.007336589973419905 0.010599600151181221 0.0015589201357215643
v 0.01340040098875761 0.010499601252377033 3.300000025774352e-05
v 0.007336589973419905 0.010599600151181221 0.0015589201357215643
v 0.007500480394810438 0.010599600151181221 -4.200000205401011e-07
v 0.013202699832618237 0.010499601252377033 -0.0022943001240491867
v 0.01340040098875761 0.010499601252377033 3.300000025774352e-05
v 0.007500480394810438 0.010599600151181221 -4.200000205401011e-07
v 0.013202699832618237 0.010499601252377033 -0.0022943001240491867
v 0.007500480394810438 0.010599600151181221 -4.200000205401011e-07
v 0.007336589973419905 0.010599600151181221 -0.0015597600722685456
v 0.012603900395333767 0.010499601252377033 -0.004551910329610109
v 0.013202699832618237 0.010499601252377033 -0.0022943001240491867
v 0.007336589973419905 0.010599600151181221 -0.0015597600722685456
v 0.012603900395333767 0.010499601252377033 -0.004551910329610109
v 0.007336589973419905 0.010599600151181221 -0.0015597600722685456
v 0.006852070335298777 0.010599600151181221 -0.0030509501229971647
v 0.01162210013717413 0.010499601252377033 -0.006671240087598562
v 0.012603900395333767 0.010499601252377033 -0.004551910329610109
v 0.006852070335298777 0.010599600151181221 -0.0030509501229971647
v 0.01162210013717413 0.010499601252377033 -0.006671240087598562
v 0.006852070335298777 0.010599600151181221 -0.0030509501229971647
v 0.006068110466003418 0.010599600151181221 -0.0044088102877140045
v 0.010287200100719929 0.010499601252377033 -0.008587900549173355
v 0.01162210013717413 0.010499601252377033 -0.006671240087598562
v 0.006068110466003418 0.010599600151181221 -0.0044088102877140045
v 0.010287200100719929 0.010499601252377033 -0.008587900549173355
v 0.006068110466003418 0.010599600151181221 -0.0044088102877140045
v 0.0050189602188766 0.010599600151181221 -0.0055740103125572205
v 0.008639849722385406 0.010499601252377033 -0.010243700817227364
v 0.010287200100719929 0.010499601252377033 -0.008587900549173355
v 0.0050189602188766 0.010599600151181221 -0.0055740103125572205
v 0.00672998046502471 0.010499601252377033 -0.011588199995458126
v 0.008639849722385406 0.010499601252377033 -0.010243700817227364
v 0.0050189602188766 0.010599600151181221 -0.0055740103125572205
v 0.012603900395333767 0.010499601252377033 -0.004551910329610109
v 0.012603900395333767 -4.0000000467443897e-07 -0.004551910329610109
v 0.013058900833129883 0.000999600044451654 -0.003006660146638751
v 0.013058900833129883 0.000999600044451654 -0.003006660146638751
v 0.012603900395333767 -4.0000000467443897e-07 -0.004551910329610109
v 0.013091601431369781 -0.001000500051304698 -0.0029250902589410543
v 0.012603900395333767 -4.0000000467443897e-07 -0.004551910329610109
v 0.012603900395333767 -0.010500400327146053 -0.004551910329610109
v 0.013091601431369781 -0.001000500051304698 -0.0029250902589410543
v 0.012603900395333767 -4.0000000467443897e-07 -0.004551910329610109
v 0.012603900395333767 0.010499601252377033 -0.004551910329610109
v 0.01162210013717413 0.010499601252377033 -0.006671240087598562
v 0.012603900395333767 -0.010500400327146053 -0.004551910329610109
v 0.012603900395333767 -4.0000000467443897e-07 -0.004551910329610109
v 0.01162210013717413 0.010499601252377033 -0.006671240087598562
v 0.012603900395333767 -0.010500400327146053 -0.004551910329610109
v 0.013202699832618237 -0.010500400327146053 -0.0022943001240491867
v 0.013091601431369781 -0.001000500051304698 -0.0029250902589410543
v 0.014247200451791286 -0.003281590063124895 -0.0012582801282405853
v 0.014475100673735142 -0.005338580347597599 -0.0002109500055667013
v 0.019579600542783737 -0.004290470387786627 0.0022473300341516733
v 0.019579600542783737 -0.004290470387786627 0.0022473300341516733
v 0.014475100673735142 -0.005338580347597599 -0.0002109500055667013
v 0.014626400545239449 -0.0071748704649508 0.0012645100941881537
v 0.030416501685976982 0.000999600044451654 0.019534900784492493
v 0.030702902004122734 -0.0010007499950006604 0.023021701723337173
v 0.03069930151104927 0.0009994300780817866 0.023041700944304466
v 0.030702902004122734 -0.0010007499950006604 0.023021701723337173
v 0.030416402965784073 -0.0010004000505432487 0.019534701481461525
v 0.030543401837348938 -0.0026745102368295193 0.02301020175218582
v 0.030416402965784073 -0.0010004000505432487 0.019534701481461525
v 0.030077701434493065 -0.004290190525352955 0.023021001368761063
v 0.030543401837348938 -0.0026745102368295193 0.02301020175218582
v 0.030416501685976982 0.000999600044451654 0.019534900784492493
v 0.030416402965784073 -0.0010004000505432487 0.019534701481461525
v 0.030702902004122734 -0.0010007499950006604 0.023021701723337173
v 0.030416501685976982 0.000999600044451654 0.019534900784492493
v 0.029695602133870125 0.000999600044451654 0.016134001314640045
v 0.030416402965784073 -0.0010004000505432487 0.019534701481461525
v 0.02324650064110756 -0.009109781123697758 0.013515801168978214
v 0.021949302405118942 -0.009399380534887314 0.014240800403058529
v 0.02319520153105259 -0.009387240745127201 0.01747330091893673
v 0.02324650064110756 -0.009109781123697758 0.013515801168978214
v 0.02319520153105259 -0.009387240745127201 0.01747330091893673
v 0.024675199761986732 -0.009109781123697758 0.017118200659751892
v 0.029695602133870125 -0.0010004000505432487 0.016133802011609077
v 0.030416402965784073 -0.0010004000505432487 0.019534701481461525
v 0.029695602133870125 0.000999600044451654 0.016134001314640045
v 0.02854960225522518 0.000999600044451654 0.012851900421082973
v 0.029695602133870125 -0.0010004000505432487 0.016133802011609077
v 0.029695602133870125 0.000999600044451654 0.016134001314640045
v 0.028549501672387123 -0.0010004000505432487 0.012851600535213947
v 0.029695602133870125 -0.0010004000505432487 0.016133802011609077
v 0.02854960225522518 0.000999600044451654 0.012851900421082973
v 0.021052900701761246 -0.006406660191714764 0.02048500068485737
v 0.021301399916410446 0.006406530272215605 0.023023199290037155
v 0.021301601082086563 -0.006407500244677067 0.023039400577545166
v 0.021052900701761246 0.0064058504067361355 0.02048500068485737
v 0.021301399916410446 0.006406530272215605 0.023023199290037155
v 0.021052900701761246 -0.006406660191714764 0.02048500068485737
v 0.020454000681638718 -0.006406660191714764 0.018025999888777733
v 0.021052900701761246 0.0064058504067361355 0.02048500068485737
v 0.021052900701761246 -0.006406660191714764 0.02048500068485737
v 0.020454000681638718 0.0064058504067361355 0.018025999888777733
v 0.021052900701761246 0.0064058504067361355 0.02048500068485737
v 0.020454000681638718 -0.006406660191714764 0.018025999888777733
v 0.019514299929142 -0.006406660191714764 0.015672599896788597
v 0.020454000681638718 0.0064058504067361355 0.018025999888777733
v 0.020454000681638718 -0.006406660191714764 0.018025999888777733
v -0.0023171501234173775 0.010599600151181221 -0.007133339997380972
v -0.000783480005338788 0.010599600151181221 -0.007459340617060661
v -0.0014627000782638788 0.015399600379168987 -0.0073563102632761
v 4.799999828719592e-07 0.015399600379168987 -0.0075004203245043755
v -0.0014627000782638788 0.015399600379168987 -0.0073563102632761
v -0.000783480005338788 0.010599600151181221 -0.007459340617060661
v -0.000783480005338788 0.010599600151181221 -0.007459340617060661
v 0.000784450036007911 0.010599600151181221 -0.007459340617060661
v 4.799999828719592e-07 0.015399600379168987 -0.0075004203245043755
v 0.0014636600390076637 0.015399600379168987 -0.0073563102632761
v 4.799999828719592e-07 0.015399600379168987 -0.0075004203245043755
v 0.000784450036007911 0.010599600151181221 -0.007459340617060661
v 0.000784450036007911 0.010599600151181221 -0.007459340617060661
v 0.0023181100841611624 0.010599600151181221 -0.007133339997380972
v 0.0014636600390076637 0.015399600379168987 -0.0073563102632761
v 0.0028706102166324854 0.015399600379168987 -0.006929520517587662
v 0.0014636600390076637 0.015399600379168987 -0.0073563102632761
v 0.0023181100841611624 0.010599600151181221 -0.007133339997380972
v 0.0023181100841611624 0.010599600151181221 -0.007133339997380972
v 0.0037504800129681826 0.010599600151181221 -0.006495610345155001
v 0.0028706102166324854 0.015399600379168987 -0.006929520517587662
v 0.0041672601364552975 0.015399600379168987 -0.006236440502107143
v 0.0028706102166324854 0.015399600379168987 -0.006929520517587662
v 0.0037504800129681826 0.010599600151181221 -0.006495610345155001
v 0.0037504800129681826 0.010599600151181221 -0.006495610345155001
v 0.0050189602188766 0.010599600151181221 -0.0055740103125572205
v 0.0041672601364552975 0.015399600379168987 -0.006236440502107143
v 0.005303780548274517 0.015399600379168987 -0.005303720477968454
v 0.0041672601364552975 0.015399600379168987 -0.006236440502107143
v 0.0050189602188766 0.010599600151181221 -0.0055740103125572205
v 0.0050189602188766 0.010599600151181221 -0.0055740103125572205
v 0.006068110466003418 0.010599600151181221 -0.0044088102877140045
v 0.005303780548274517 0.015399600379168987 -0.005303720477968454
v 0.006236500106751919 0.015399600379168987 -0.004167200066149235
v 0.005303780548274517 0.015399600379168987 -0.005303720477968454
v 0.006068110466003418 0.010599600151181221 -0.0044088102877140045
v 0.006068110466003418 0.010599600151181221 -0.0044088102877140045
v 0.006852070335298777 0.010599600151181221 -0.0030509501229971647
v 0.006236500106751919 0.015399600379168987 -0.004167200066149235
v 0.006929580122232437 0.015399600379168987 -0.0028705501463264227
v 0.006236500106751919 0.015399600379168987 -0.004167200066149235
v 0.006852070335298777 0.010599600151181221 -0.0030509501229971647
v 0.006852070335298777 0.010599600151181221 -0.0030509501229971647
v 0.007336589973419905 0.010599600151181221 -0.0015597600722685456
v 0.006929580122232437 0.015399600379168987 -0.0028705501463264227
v 0.007356370333582163 0.015399600379168987 -0.0014636000851169229
v 0.006929580122232437 0.015399600379168987 -0.0028705501463264227
v 0.007336589973419905 0.010599600151181221 -0.0015597600722685456
v 0.007336589973419905 0.010599600151181221 -0.0015597600722685456
v 0.007500480394810438 0.010599600151181221 -4.200000205401011e-07
v 0.007356370333582163 0.015399600379168987 -0.0014636000851169229
v 0.007500480394810438 0.015399600379168987 -4.200000205401011e-07
v 0.007356370333582163 0.015399600379168987 -0.0014636000851169229
v 0.007500480394810438 0.010599600151181221 -4.200000205401011e-07
v -0.0019520000787451863 0.015399600379168987 -0.0040547801181674
v -0.0010008600074797869 0.015399600379168987 -0.004387600347399712
v -0.0015952400863170624 0.013899601064622402 -0.004207990597933531
v -0.0005419300287030637 0.013899601064622402 -0.004467610269784927
v -0.0015952400863170624 0.013899601064622402 -0.004207990597933531
v -0.0010008600074797869 0.015399600379168987 -0.004387600347399712
v -0.0010008600074797869 0.015399600379168987 -0.004387600347399712
v 4.799999828719592e-07 0.015399600379168987 -0.004500420298427343
v -0.0005419300287030637 0.013899601064622402 -0.004467610269784927
v 0.0005429000593721867 0.013899601064622402 -0.004467610269784927
v -0.0005419300287030637 0.013899601064622402 -0.004467610269784927
v 4.799999828719592e-07 0.015399600379168987 -0.004500420298427343
v 4.799999828719592e-07 0.015399600379168987 -0.004500420298427343
v 0.0010018199682235718 0.015399600379168987 -0.004387600347399712
v 0.0005429000593721867 0.013899601064622402 -0.004467610269784927
v 0.0015962000470608473 0.013899601064622402 -0.004207990597933531
v 0.0005429000593721867 0.013899601064622402 -0.004467610269784927
v 0.0010018199682235718 0.015399600379168987 -0.004387600347399712
v 0.0010018199682235718 0.015399600379168987 -0.004387600347399712
v 0.001952960155904293 0.015399600379168987 -0.0040547801181674
v 0.0015962000470608473 0.013899601064622402 -0.004207990597933531
v 0.002556770108640194 0.013899601064622402 -0.003703850321471691
v 0.0015962000470608473 0.013899601064622402 -0.004207990597933531
v 0.001952960155904293 0.015399600379168987 -0.0040547801181674
v 0.001952960155904293 0.015399600379168987 -0.0040547801181674
v 0.0028061901684850454 0.015399600379168987 -0.003518660319969058
v 0.002556770108640194 0.013899601064622402 -0.003703850321471691
v 0.003368780016899109 0.013899601064622402 -0.0029844699893146753
v 0.002556770108640194 0.013899601064622402 -0.003703850321471691
v 0.0028061901684850454 0.015399600379168987 -0.003518660319969058
v 0.0028061901684850454 0.015399600379168987 -0.003518660319969058
v 0.003518720157444477 0.015399600379168987 -0.0028061200864613056
v 0.003368780016899109 0.013899601064622402 -0.0029844699893146753
v 0.003985030110925436 0.013899601064622402 -0.002091670176014304
v 0.003368780016899109 0.013899601064622402 -0.0029844699893146753
v 0.003518720157444477 0.015399600379168987 -0.0028061200864613056
v 0.003518720157444477 0.015399600379168987 -0.0028061200864613056
v 0.004054840188473463 0.015399600379168987 -0.0019528999691829085
v 0.003985030110925436 0.013899601064622402 -0.002091670176014304
v 0.004369720350950956 0.013899601064622402 -0.0010773401008918881
v 0.003985030110925436 0.013899601064622402 -0.002091670176014304
v 0.004054840188473463 0.015399600379168987 -0.0019528999691829085
v 0.004054840188473463 0.015399600379168987 -0.0019528999691829085
v 0.004387660417705774 0.015399600379168987 -0.001001760014332831
v 0.004369720350950956 0.013899601064622402 -0.0010773401008918881
v 0.004500480368733406 0.013899601064622402 -4.200000205401011e-07
v 0.004369720350950956 0.013899601064622402 -0.0010773401008918881
v 0.004500480368733406 0.015399600379168987 -4.200000205401011e-07
v 0.004369720350950956 0.013899601064622402 -0.0010773401008918881
v 0.004387660417705774 0.015399600379168987 -0.001001760014332831
v 0.004500480368733406 0.015399600379168987 -4.200000205401011e-07
v 0.004500480368733406 0.015399600379168987 -4.200000205401011e-07
v 0.004387660417705774 0.015399600379168987 0.0010009299730882049
v 0.004500480368733406 0.013899601064622402 -4.200000205401011e-07
v 0.004369720350950956 0.013899601064622402 0.001076500047929585
v 0.004500480368733406 0.013899601064622402 -4.200000205401011e-07
v 0.004387660417705774 0.015399600379168987 0.0010009299730882049
v 0.004387660417705774 0.015399600379168987 0.0010009299730882049
v 0.004054840188473463 0.015399600379168987 0.0019520600326359272
v 0.004369720350950956 0.013899601064622402 0.001076500047929585
v 0.003985030110925436 0.013899601064622402 0.002090830123052001
v 0.004369720350950956 0.013899601064622402 0.001076500047929585
v 0.004054840188473463 0.015399600379168987 0.0019520600326359272
v 0.004054840188473463 0.015399600379168987 0.0019520600326359272
v 0.003518720157444477 0.015399600379168987 0.0028052800334990025
v 0.003985030110925436 0.013899601064622402 0.002090830123052001
v 0.003368780016899109 0.013899601064622402 0.002983630169183016
v 0.003985030110925436 0.013899601064622402 0.002090830123052001
v 0.003518720157444477 0.015399600379168987 0.0028052800334990025
v 0.003518720157444477 0.015399600379168987 0.0028052800334990025
v 0.0028061901684850454 0.015399600379168987 0.0035178200341761112
v 0.003368780016899109 0.013899601064622402 0.002983630169183016
v 0.002556770108640194 0.013899601064622402 0.003703010268509388
v 0.003368780016899109 0.013899601064622402 0.002983630169183016
v 0.0028061901684850454 0.015399600379168987 0.0035178200341761112
v 0.0028061901684850454 0.015399600379168987 0.0035178200341761112
v 0.001952960155904293 0.015399600379168987 0.004053940065205097
v 0.002556770108640194 0.013899601064622402 0.003703010268509388
v 0.0015962100587785244 0.013899601064622402 0.00420715007930994
v 0.002556770108640194 0.013899601064622402 0.003703010268509388
v 0.001952960155904293 0.015399600379168987 0.004053940065205097
v 0.001952960155904293 0.015399600379168987 0.004053940065205097
v 0.001001829979941249 0.015399600379168987 0.004386759828776121
v 0.0015962100587785244 0.013899601064622402 0.00420715007930994
v 0.0005429000593721867 0.013899601064622402 0.004466770216822624
v 0.0015962100587785244 0.013899601064622402 0.00420715007930994
v 0.001001829979941249 0.015399600379168987 0.004386759828776121
v 0.001001829979941249 0.015399600379168987 0.004386759828776121
v 4.799999828719592e-07 0.015399600379168987 0.00449958024546504
v 0.0005429000593721867 0.013899601064622402 0.004466770216822624
v -0.0005419300287030637 0.013899601064622402 0.004466770216822624
v 0.0005429000593721867 0.013899601064622402 0.004466770216822624
v 4.799999828719592e-07 0.015399600379168987 0.00449958024546504
v 4.799999828719592e-07 0.015399600379168987 0.00449958024546504
v -0.0010008600074797869 0.015399600379168987 0.004386759828776121
v -0.0005419300287030637 0.013899601064622402 0.004466770216822624
v -0.0015952400863170624 0.013899601064622402 0.00420715007930994
v -0.0005419300287030637 0.013899601064622402 0.004466770216822624
v -0.0010008600074797869 0.015399600379168987 0.004386759828776121
v -0.0010008600074797869 0.015399600379168987 0.004386759828776121
v -0.0019519900670275092 0.015399600379168987 0.004053940065205097
v -0.0015952400863170624 0.013899601064622402 0.00420715007930994
v 0.0005429000593721867 0.013899601064622402 -0.004467610269784927
v 0.0015962000470608473 0.013899601064622402 -0.004207990597933531
v -0.0005419300287030637 0.013899601064622402 -0.004467610269784927
v -0.0015952400863170624 0.013899601064622402 -0.004207990597933531
v -0.0005419300287030637 0.013899601064622402 -0.004467610269784927
v 0.0015962000470608473 0.013899601064622402 -0.004207990597933531
v 0.0015962000470608473 0.013899601064622402 -0.004207990597933531
v 0.002556770108640194 0.013899601064622402 -0.003703850321471691
v -0.0015952400863170624 0.013899601064622402 -0.004207990597933531
v -0.002555810147896409 0.013899601064622402 -0.003703850321471691
v -0.0015952400863170624 0.013899601064622402 -0.004207990597933531
v 0.002556770108640194 0.013899601064622402 -0.003703850321471691
v 0.002556770108640194 0.013899601064622402 -0.003703850321471691
v 0.003368780016899109 0.013899601064622402 -0.0029844699893146753
v -0.002555810147896409 0.013899601064622402 -0.003703850321471691
v -0.0033678202889859676 0.013899601064622402 -0.0029844699893146753
v -0.002555810147896409 0.013899601064622402 -0.003703850321471691
v 0.003368780016899109 0.013899601064622402 -0.0029844699893146753
v 0.003368780016899109 0.013899601064622402 -0.0029844699893146753
v 0.003985030110925436 0.013899601064622402 -0.002091670176014304
v -0.0033678202889859676 0.013899601064622402 -0.0029844699893146753
v -0.003984070383012295 0.013899601064622402 -0.002091670176014304
v -0.0033678202889859676 0.013899601064622402 -0.0029844699893146753
v 0.003985030110925436 0.013899601064622402 -0.002091670176014304
v 0.003985030110925436 0.013899601064622402 -0.002091670176014304
v 0.004369720350950956 0.013899601064622402 -0.0010773401008918881
v -0.003984070383012295 0.013899601064622402 -0.002091670176014304
v -0.004368760157376528 0.013899601064622402 -0.0010773401008918881
v -0.003984070383012295 0.013899601064622402 -0.002091670176014304
v 0.004369720350950956 0.013899601064622402 -0.0010773401008918881
v 0.004369720350950956 0.013899601064622402 -0.0010773401008918881
v 0.004500480368733406 0.013899601064622402 -4.200000205401011e-07
v -0.004368760157376528 0.013899601064622402 -0.0010773401008918881
v -0.0044995201751589775 0.013899601064622402 -4.200000205401011e-07
v -0.004368760157376528 0.013899601064622402 -0.0010773401008918881
v 0.004500480368733406 0.013899601064622402 -4.200000205401011e-07
v 0.004500480368733406 0.013899601064622402 -4.200000205401011e-07
v 0.004369720350950956 0.013899601064622402 0.001076500047929585
v -0.0044995201751589775 0.013899601064622402 -4.200000205401011e-07
v -0.004368760157376528 0.013899601064622402 0.001076500047929585
v -0.0044995201751589775 0.013899601064622402 -4.200000205401011e-07
v 0.004369720350950956 0.013899601064622402 0.001076500047929585
v 0.004369720350950956 0.013899601064622402 0.001076500047929585
v 0.003985030110925436 0.013899601064622402 0.002090830123052001
v -0.004368760157376528 0.013899601064622402 0.001076500047929585
v -0.003984070383012295 0.013899601064622402 0.002090830123052001
v -0.004368760157376528 0.013899601064622402 0.001076500047929585
v 0.003985030110925436 0.013899601064622402 0.002090830123052001
v 0.003985030110925436 0.013899601064622402 0.002090830123052001
v 0.003368780016899109 0.013899601064622402 0.002983630169183016
v -0.003984070383012295 0.013899601064622402 0.002090830123052001
v -0.0033678202889859676 0.013899601064622402 0.002983630169183016
v -0.003984070383012295 0.013899601064622402 0.002090830123052001
v 0.003368780016899109 0.013899601064622402 0.002983630169183016
v 0.003368780016899109 0.013899601064622402 0.002983630169183016
v 0.002556770108640194 0.013899601064622402 0.003703010268509388
v -0.0033678202889859676 0.013899601064622402 0.002983630169183016
v -0.002555810147896409 0.013899601064622402 0.003703010268509388
v -0.0033678202889859676 0.013899601064622402 0.002983630169183016
v 0.002556770108640194 0.013899601064622402 0.003703010268509388
v 0.002556770108640194 0.013899601064622402 0.003703010268509388
v 0.0015962100587785244 0.013899601064622402 0.00420715007930994
v -0.002555810147896409 0.013899601064622402 0.003703010268509388
v -0.0015952400863170624 0.013899601064622402 0.00420715007930994
v -0.002555810147896409 0.013899601064622402 0.003703010268509388
v 0.0015962100587785244 0.013899601064622402 0.00420715007930994
v 0.0015962100587785244 0.013899601064622402 0.00420715007930994
v 0.0005429000593721867 0.013899601064622402 0.004466770216822624
v -0.0015952400863170624 0.013899601064622402 0.00420715007930994
v -0.0005419300287030637 0.013899601064622402 0.004466770216822624
v -0.0015952400863170624 0.013899601064622402 0.00420715007930994
v 0.0005429000593721867 0.013899601064622402 0.004466770216822624
v 0.007500480394810438 0.010599600151181221 -4.200000205401011e-07
v 0.007336589973419905 0.010599600151181221 0.0015589201357215643
v 0.007500480394810438 0.015399600379168987 -4.200000205401011e-07
v 0.007336589973419905 0.010599600151181221 0.0015589201357215643
v 0.007356370333582163 0.015399600379168987 0.0014627600321546197
v 0.007500480394810438 0.015399600379168987 -4.200000205401011e-07
v 0.006929580122232437 0.015399600379168987 0.0028697100933641195
v 0.007356370333582163 0.015399600379168987 0.0014627600321546197
v 0.007336589973419905 0.010599600151181221 0.0015589201357215643
v 0.007336589973419905 0.010599600151181221 0.0015589201357215643
v 0.006852070335298777 0.010599600151181221 0.003050100291147828
v 0.006929580122232437 0.015399600379168987 0.0028697100933641195
v 0.006236509885638952 0.015399600379168987 0.004166360013186932
v 0.006929580122232437 0.015399600379168987 0.0028697100933641195
v 0.006852070335298777 0.010599600151181221 0.003050100291147828
v 0.006852070335298777 0.010599600151181221 0.003050100291147828
v 0.006068110466003418 0.010599600151181221 0.004407970234751701
v 0.006236509885638952 0.015399600379168987 0.004166360013186932
v 0.005303780548274517 0.015399600379168987 0.005302879959344864
v 0.006236509885638952 0.015399600379168987 0.004166360013186932
v 0.006068110466003418 0.010599600151181221 0.004407970234751701
v 0.006068110466003418 0.010599600151181221 0.004407970234751701
v 0.0050189602188766 0.010599600151181221 0.005573170259594917
v 0.005303780548274517 0.015399600379168987 0.005302879959344864
v 0.0041672601364552975 0.015399600379168987 0.00623560044914484
v 0.005303780548274517 0.015399600379168987 0.005302879959344864
v 0.0050189602188766 0.010599600151181221 0.005573170259594917
v 0.0050189602188766 0.010599600151181221 0.005573170259594917
v 0.0037504800129681826 0.010599600151181221 0.0064947702921926975
v 0.0041672601364552975 0.015399600379168987 0.00623560044914484
v 0.0028706102166324854 0.015399600379168987 0.006928680464625359
v 0.0041672601364552975 0.015399600379168987 0.00623560044914484
v 0.0037504800129681826 0.010599600151181221 0.0064947702921926975
v 0.0037504800129681826 0.010599600151181221 0.0064947702921926975
v 0.0023181100841611624 0.010599600151181221 0.007132500410079956
v 0.0028706102166324854 0.015399600379168987 0.006928680464625359
v 0.0014636600390076637 0.015399600379168987 0.007355470675975084
v 0.0028706102166324854 0.015399600379168987 0.006928680464625359
v 0.0023181100841611624 0.010599600151181221 0.007132500410079956
v 0.0023181100841611624 0.010599600151181221 0.007132500410079956
v 0.000784450036007911 0.010599600151181221 0.007458490319550037
v 0.0014636600390076637 0.015399600379168987 0.007355470675975084
v 4.799999828719592e-07 0.015399600379168987 0.007499580271542072
v 0.0014636600390076637 0.015399600379168987 0.007355470675975084
v 0.000784450036007911 0.010599600151181221 0.007458490319550037
v 0.000784450036007911 0.010599600151181221 0.007458490319550037
v -0.000783480005338788 0.010599600151181221 0.007458490319550037
v 4.799999828719592e-07 0.015399600379168987 0.007499580271542072
v -0.0014626900665462017 0.015399600379168987 0.007355470675975084
v 4.799999828719592e-07 0.015399600379168987 0.007499580271542072
v -0.000783480005338788 0.010599600151181221 0.007458490319550037
v -0.000783480005338788 0.010599600151181221 0.007458490319550037
v -0.0023171401116997004 0.010599600151181221 0.007132500410079956
v -0.0014626900665462017 0.015399600379168987 0.007355470675975084
v -0.000783480005338788 0.010599600151181221 -0.007459340617060661
v -0.0023171501234173775 0.010599600151181221 -0.007133339997380972
v -0.0022924700751900673 0.010499601252377033 -0.013202900998294353
v -0.0023171401116997004 0.010599600151181221 0.007132500410079956
v -0.000783480005338788 0.010599600151181221 0.007458490319550037
v -0.0021534801926463842 0.010499601252377033 0.013225200586020947
v -0.0022924700751900673 0.010499601252377033 -0.013202900998294353
v 3.4839998988900334e-05 0.010499601252377033 -0.013400500640273094
v -0.000783480005338788 0.010599600151181221 -0.007459340617060661
v 7.688000187044963e-05 0.010499601252377033 0.013399201445281506
v -0.0021534801926463842 0.010499601252377033 0.013225200586020947
v -0.000783480005338788 0.010599600151181221 0.007458490319550037
v 0.000784450036007911 0.010599600151181221 -0.007459340617060661
v -0.000783480005338788 0.010599600151181221 -0.007459340617060661
v 3.4839998988900334e-05 0.010499601252377033 -0.013400500640273094
v -0.000783480005338788 0.010599600151181221 0.007458490319550037
v 0.000784450036007911 0.010599600151181221 0.007458490319550037
v 7.688000187044963e-05 0.010499601252377033 0.013399201445281506
v 3.4839998988900334e-05 0.010499601252377033 -0.013400500640273094
v 0.0023611101787537336 0.010499601252377033 -0.013191000558435917
v 0.000784450036007911 0.010599600151181221 -0.007459340617060661
v 0.0023611101787537336 0.010499601252377033 -0.013191000558435917
v 0.0023181100841611624 0.010599600151181221 -0.007133339997380972
v 0.000784450036007911 0.010599600151181221 -0.007459340617060661
v 0.002305230125784874 0.010499601252377033 0.013199800625443459
v 7.688000187044963e-05 0.010499601252377033 0.013399201445281506
v 0.000784450036007911 0.010599600151181221 0.007458490319550037
v 0.004469289910048246 0.010499601252377033 0.012632301077246666
v 0.002305230125784874 0.010499601252377033 0.013199800625443459
v 0.0023181100841611624 0.010599600151181221 0.007132500410079956
v 0.002305230125784874 0.010499601252377033 0.013199800625443459
v 0.000784450036007911 0.010599600151181221 0.007458490319550037
v 0.0023181100841611624 0.010599600151181221 0.007132500410079956
v 0.0023611101787537336 0.010499601252377033 -0.013191000558435917
v 0.00461565051227808 0.010499601252377033 -0.01258070021867752
v 0.0023181100841611624 0.010599600151181221 -0.007133339997380972
v 0.0037504800129681826 0.010599600151181221 -0.006495610345155001
v 0.0023181100841611624 0.010599600151181221 -0.007133339997380972
v 0.00461565051227808 0.010499601252377033 -0.01258070021867752
v 0.0023181100841611624 0.010599600151181221 0.007132500410079956
v 0.0037504800129681826 0.010599600151181221 0.0064947702921926975
v 0.004469289910048246 0.010499601252377033 0.012632301077246666
v 0.006508680060505867 0.010499601252377033 0.011712800711393356
v 0.004469289910048246 0.010499601252377033 0.012632301077246666
v 0.0037504800129681826 0.010599600151181221 0.0064947702921926975
v 0.00461565051227808 0.010499601252377033 -0.01258070021867752
v 0.00672998046502471 0.010499601252377033 -0.011588199995458126
v 0.0037504800129681826 0.010599600151181221 -0.006495610345155001
v 0.00672998046502471 0.010499601252377033 -0.011588199995458126
v 0.0050189602188766 0.010599600151181221 -0.0055740103125572205
v 0.0037504800129681826 0.010599600151181221 -0.006495610345155001
v 0.0037504800129681826 0.010599600151181221 0.0064947702921926975
v 0.0050189602188766 0.010599600151181221 0.005573170259594917
v 0.006508680060505867 0.010499601252377033 0.011712800711393356
v -0.0023171401116997004 -0.010600400157272816 0.007132500410079956
v -0.000783480005338788 -0.010600400157272816 0.007458490319550037
v -0.0014626900665462017 -0.015400401316583157 0.007355470675975084
v 4.900000476482091e-07 -0.015400401316583157 0.007499580271542072
v -0.0014626900665462017 -0.015400401316583157 0.007355470675975084
v -0.000783480005338788 -0.010600400157272816 0.007458490319550037
v -0.000783480005338788 -0.010600400157272816 0.007458490319550037
v 0.000784450036007911 -0.010600400157272816 0.007458490319550037
v 4.900000476482091e-07 -0.015400401316583157 0.007499580271542072
v 0.0014636700507253408 -0.015400401316583157 0.007355470675975084
v 4.900000476482091e-07 -0.015400401316583157 0.007499580271542072
v 0.000784450036007911 -0.010600400157272816 0.007458490319550037
v 0.000784450036007911 -0.010600400157272816 0.007458490319550037
v 0.0023181100841611624 -0.010600400157272816 0.007132500410079956
v 0.0014636700507253408 -0.015400401316583157 0.007355470675975084
v 0.0028706102166324854 -0.015400401316583157 0.006928680464625359
v 0.0014636700507253408 -0.015400401316583157 0.007355470675975084
v 0.0023181100841611624 -0.010600400157272816 0.007132500410079956
v 0.0023181100841611624 -0.010600400157272816 0.007132500410079956
v 0.0037504900246858597 -0.010600400157272816 0.0064947702921926975
v 0.0028706102166324854 -0.015400401316583157 0.006928680464625359
v 0.004167270381003618 -0.015400401316583157 0.00623560044914484
v 0.0028706102166324854 -0.015400401316583157 0.006928680464625359
v 0.0037504900246858597 -0.010600400157272816 0.0064947702921926975
v 0.0037504900246858597 -0.010600400157272816 0.0064947702921926975
v 0.005018970463424921 -0.010600400157272816 0.005573170259594917
v 0.004167270381003618 -0.015400401316583157 0.00623560044914484
v 0.0053037903271615505 -0.015400401316583157 0.005302879959344864
v 0.004167270381003618 -0.015400401316583157 0.00623560044914484
v 0.005018970463424921 -0.010600400157272816 0.005573170259594917
v 0.005018970463424921 -0.010600400157272816 0.005573170259594917
v 0.006068120244890451 -0.010600400157272816 0.004407970234751701
v 0.0053037903271615505 -0.015400401316583157 0.005302879959344864
v 0.006236509885638952 -0.015400401316583157 0.004166360013186932
v 0.0053037903271615505 -0.015400401316583157 0.005302879959344864
v 0.006068120244890451 -0.010600400157272816 0.004407970234751701
v 0.006068120244890451 -0.010600400157272816 0.004407970234751701
v 0.00685208011418581 -0.010600400157272816 0.003050100291147828
v 0.006236509885638952 -0.015400401316583157 0.004166360013186932
v 0.006929580122232437 -0.015400401316583157 0.0028697100933641195
v 0.006236509885638952 -0.015400401316583157 0.004166360013186932
v 0.00685208011418581 -0.010600400157272816 0.003050100291147828
v 0.00685208011418581 -0.010600400157272816 0.003050100291147828
v 0.007336589973419905 -0.010600400157272816 0.0015589201357215643
v 0.006929580122232437 -0.015400401316583157 0.0028697100933641195
v 0.007356380112469196 -0.015400401316583157 0.0014627600321546197
v 0.006929580122232437 -0.015400401316583157 0.0028697100933641195
v 0.007336589973419905 -0.010600400157272816 0.0015589201357215643
v 0.007336589973419905 -0.010600400157272816 0.0015589201357215643
v 0.007500490639358759 -0.010600400157272816 -4.200000205401011e-07
v 0.007356380112469196 -0.015400401316583157 0.0014627600321546197
v 0.007500490639358759 -0.015400401316583157 -4.200000205401011e-07
v 0.007356380112469196 -0.015400401316583157 0.0014627600321546197
v 0.007500490639358759 -0.010600400157272816 -4.200000205401011e-07
v 0.007500490639358759 -0.010600400157272816 -4.200000205401011e-07
v 0.007336589973419905 -0.010600400157272816 -0.0015597600722685456
v 0.007500490639358759 -0.015400401316583157 -4.200000205401011e-07
v 0.007336589973419905 -0.010600400157272816 -0.0015597600722685456
v 0.007356380112469196 -0.015400401316583157 -0.0014636000851169229
v 0.007500490639358759 -0.015400401316583157 -4.200000205401011e-07
v 0.006929580122232437 -0.015400401316583157 -0.0028705501463264227
v 0.007356380112469196 -0.015400401316583157 -0.0014636000851169229
v 0.007336589973419905 -0.010600400157272816 -0.0015597600722685456
v 0.007336589973419905 -0.010600400157272816 -0.0015597600722685456
v 0.00685208011418581 -0.010600400157272816 -0.0030509501229971647
v 0.006929580122232437 -0.015400401316583157 -0.0028705501463264227
v 0.006236509885638952 -0.015400401316583157 -0.004167200066149235
v 0.006929580122232437 -0.015400401316583157 -0.0028705501463264227
v 0.00685208011418581 -0.010600400157272816 -0.0030509501229971647
v 0.00685208011418581 -0.010600400157272816 -0.0030509501229971647
v 0.006068110466003418 -0.010600400157272816 -0.0044088102877140045
v 0.006236509885638952 -0.015400401316583157 -0.004167200066149235
v 0.0053037903271615505 -0.015400401316583157 -0.005303720477968454
v 0.006236509885638952 -0.015400401316583157 -0.004167200066149235
v 0.006068110466003418 -0.010600400157272816 -0.0044088102877140045
v 0.006068110466003418 -0.010600400157272816 -0.0044088102877140045
v 0.005018970463424921 -0.010600400157272816 -0.0055740103125572205
v 0.0053037903271615505 -0.015400401316583157 -0.005303720477968454
v 0.0041672601364552975 -0.015400401316583157 -0.006236440502107143
v 0.0053037903271615505 -0.015400401316583157 -0.005303720477968454
v 0.005018970463424921 -0.010600400157272816 -0.0055740103125572205
v 0.005018970463424921 -0.010600400157272816 -0.0055740103125572205
v 0.0037504800129681826 -0.010600400157272816 -0.006495610345155001
v 0.0041672601364552975 -0.015400401316583157 -0.006236440502107143
v 0.0028706102166324854 -0.015400401316583157 -0.006929520517587662
v 0.0041672601364552975 -0.015400401316583157 -0.006236440502107143
v 0.0037504800129681826 -0.010600400157272816 -0.006495610345155001
v 0.0037504800129681826 -0.010600400157272816 -0.006495610345155001
v 0.0023181100841611624 -0.010600400157272816 -0.007133339997380972
v 0.0028706102166324854 -0.015400401316583157 -0.006929520517587662
v 0.0014636600390076637 -0.015400401316583157 -0.0073563102632761
v 0.0028706102166324854 -0.015400401316583157 -0.006929520517587662
v 0.0023181100841611624 -0.010600400157272816 -0.007133339997380972
v 0.0023181100841611624 -0.010600400157272816 -0.007133339997380972
v 0.000784450036007911 -0.010600400157272816 -0.007459340617060661
v 0.0014636600390076637 -0.015400401316583157 -0.0073563102632761
v 4.900000476482091e-07 -0.015400401316583157 -0.0075004203245043755
v 0.0014636600390076637 -0.015400401316583157 -0.0073563102632761
v 0.000784450036007911 -0.010600400157272816 -0.007459340617060661
v 0.000784450036007911 -0.010600400157272816 -0.007459340617060661
v -0.000783480005338788 -0.010600400157272816 -0.007459340617060661
v 4.900000476482091e-07 -0.015400401316583157 -0.0075004203245043755
v -0.0014626900665462017 -0.015400401316583157 -0.0073563102632761
v 4.900000476482091e-07 -0.015400401316583157 -0.0075004203245043755
v -0.000783480005338788 -0.010600400157272816 -0.007459340617060661
v -0.000783480005338788 -0.010600400157272816 -0.007459340617060661
v -0.0023171401116997004 -0.010600400157272816 -0.007133339997380972
v -0.0014626900665462017 -0.015400401316583157 -0.0073563102632761
v 0.00461565051227808 -0.010500400327146053 -0.01258070021867752
v 0.0023611001670360565 -0.010500400327146053 -0.013191000558435917
v 0.0037504800129681826 -0.010600400157272816 -0.006495610345155001
v 0.002305240137502551 -0.010500400327146053 0.013199800625443459
v 0.004469300154596567 -0.010500400327146053 0.012632301077246666
v 0.0023181100841611624 -0.010600400157272816 0.007132500410079956
v 0.004469300154596567 -0.010500400327146053 0.012632301077246666
v 0.0037504900246858597 -0.010600400157272816 0.0064947702921926975
v 0.0023181100841611624 -0.010600400157272816 0.007132500410079956
v 0.0023181100841611624 -0.010600400157272816 -0.007133339997380972
v 0.0037504800129681826 -0.010600400157272816 -0.006495610345155001
v 0.0023611001670360565 -0.010500400327146053 -0.013191000558435917
v 0.0023181100841611624 -0.010600400157272816 0.007132500410079956
v 0.000784450036007911 -0.010600400157272816 0.007458490319550037
v 0.002305240137502551 -0.010500400327146053 0.013199800625443459
v 0.0023611001670360565 -0.010500400327146053 -0.013191000558435917
v 3.4830001823138446e-05 -0.010500400327146053 -0.013400500640273094
v 0.0023181100841611624 -0.010600400157272816 -0.007133339997380972
v 3.4830001823138446e-05 -0.010500400327146053 -0.013400500640273094
v 0.000784450036007911 -0.010600400157272816 -0.007459340617060661
v 0.0023181100841611624 -0.010600400157272816 -0.007133339997380972
v 7.689000631216913e-05 -0.010500400327146053 0.013399201445281506
v 0.002305240137502551 -0.010500400327146053 0.013199800625443459
v 0.000784450036007911 -0.010600400157272816 0.007458490319550037
v -0.000783480005338788 -0.010600400157272816 -0.007459340617060661
v 0.000784450036007911 -0.010600400157272816 -0.007459340617060661
v 3.4830001823138446e-05 -0.010500400327146053 -0.013400500640273094
v -0.0021534801926463842 -0.010500400327146053 0.013225200586020947
v 7.689000631216913e-05 -0.010500400327146053 0.013399201445281506
v -0.000783480005338788 -0.010600400157272816 0.007458490319550037
v 3.4830001823138446e-05 -0.010500400327146053 -0.013400500640273094
v -0.0022924800869077444 -0.010500400327146053 -0.013202900998294353
v -0.000783480005338788 -0.010600400157272816 -0.007459340617060661
v -0.0023171401116997004 -0.010600400157272816 -0.007133339997380972
v -0.000783480005338788 -0.010600400157272816 -0.007459340617060661
v -0.0022924800869077444 -0.010500400327146053 -0.013202900998294353
v 0.014546000398695469 0.009108680300414562 0.00425243005156517
v 0.014260400086641312 0.0091572105884552 0.004162940196692944
v 0.014731100760400295 0.007127080112695694 0.0012886200565844774
v 0.014260400086641312 0.0091572105884552 0.004162940196692944
v 0.014487700536847115 0.007225680164992809 0.0012111200485378504
v 0.014731100760400295 0.007127080112695694 0.0012886200565844774
v 0.01419300027191639 0.007349650375545025 0.0010996300261467695
v 0.014487700536847115 0.007225680164992809 0.0012111200485378504
v 0.014260400086641312 0.0091572105884552 0.004162940196692944
v 0.014260400086641312 0.0091572105884552 0.004162940196692944
v 0.013858000747859478 0.009339750744402409 0.003983399830758572
v 0.01419300027191639 0.007349650375545025 0.0010996300261467695
v 0.013956400565803051 0.007525090593844652 0.0009311300236731768
v 0.01419300027191639 0.007349650375545025 0.0010996300261467695
v 0.013858000747859478 0.009339750744402409 0.003983399830758572
v 0.013858000747859478 0.009339750744402409 0.003983399830758572
v 0.013505400158464909 0.00960548035800457 0.0037750303745269775
v 0.013956400565803051 0.007525090593844652 0.0009311300236731768
v 0.013631700538098812 0.007846580818295479 0.0006276600179262459
v 0.013956400565803051 0.007525090593844652 0.0009311300236731768
v 0.013505400158464909 0.00960548035800457 0.0037750303745269775
v 0.013505400158464909 0.00960548035800457 0.0037750303745269775
v 0.01326840091496706 0.009929610416293144 0.0035670301876962185
v 0.013631700538098812 0.007846580818295479 0.0006276600179262459
v 0.013479000888764858 0.008135420270264149 0.00034559000050649047
v 0.013631700538098812 0.007846580818295479 0.0006276600179262459
v 0.01326840091496706 0.009929610416293144 0.0035670301876962185
v 0.01326840091496706 0.009929610416293144 0.0035670301876962185
v 0.013111700303852558 0.010187500156462193 0.003410070203244686
v 0.013479000888764858 0.008135420270264149 0.00034559000050649047
v 0.013406801037490368 0.008419410325586796 7.982000533957034e-05
v 0.013479000888764858 0.008135420270264149 0.00034559000050649047
v 0.013111700303852558 0.010187500156462193 0.003410070203244686
v 0.013111700303852558 0.010187500156462193 0.003410070203244686
v 0.01308900024741888 0.010478599928319454 0.0031028601806610823
v 0.013406801037490368 0.008419410325586796 7.982000533957034e-05
v 0.01340040098875761 0.010499601252377033 3.300000025774352e-05
v 0.013406801037490368 0.008419410325586796 7.982000533957034e-05
v 0.01308900024741888 0.010478599928319454 0.0031028601806610823
v 0.014731100760400295 0.007127080112695694 0.0012886200565844774
v 0.014487700536847115 0.007225680164992809 0.0012111200485378504
v 0.014434200711548328 0.005407990422099829 -0.0003026700287591666
v 0.013796400278806686 0.003386830212548375 -0.0015402601566165686
v 0.014205600135028362 0.0032890101429075003 -0.0013337600976228714
v 0.014434200711548328 0.005407990422099829 -0.0003026700287591666
v 0.014205600135028362 0.0032890101429075003 -0.0013337600976228714
v 0.013796400278806686 0.003386830212548375 -0.0015402601566165686
v 0.01421280112117529 0.000999600044451654 -0.0016201901016756892
v 0.014487700536847115 0.007225680164992809 0.0012111200485378504
v 0.01419300027191639 0.007349650375545025 0.0010996300261467695
v 0.014434200711548328 0.005407990422099829 -0.0003026700287591666
v 0.013590600341558456 0.0010085899848490953 -0.002055560238659382
v 0.01421280112117529 0.000999600044451654 -0.0016201901016756892
v 0.013796400278806686 0.003386830212548375 -0.0015402601566165686
v 0.014434200711548328 0.005407990422099829 -0.0003026700287591666
v 0.01390640065073967 0.0056070503778755665 -0.0005576700204983354
v 0.013796400278806686 0.003386830212548375 -0.0015402601566165686
v 0.01390640065073967 0.0056070503778755665 -0.0005576700204983354
v 0.014434200711548328 0.005407990422099829 -0.0003026700287591666
v 0.01419300027191639 0.007349650375545025 0.0010996300261467695
v 0.01419300027191639 0.007349650375545025 0.0010996300261467695
v 0.013956400565803051 0.007525090593844652 0.0009311300236731768
v 0.01390640065073967 0.0056070503778755665 -0.0005576700204983354
v 0.01362560037523508 0.005802870262414217 -0.0008270000689662993
v 0.01390640065073967 0.0056070503778755665 -0.0005576700204983354
v 0.013956400565803051 0.007525090593844652 0.0009311300236731768
v 0.01390640065073967 0.0056070503778755665 -0.0005576700204983354
v 0.01362560037523508 0.005802870262414217 -0.0008270000689662993
v 0.013796400278806686 0.003386830212548375 -0.0015402601566165686
v 0.013796400278806686 0.003386830212548375 -0.0015402601566165686
v 0.013374200090765953 0.0035595803055912256 -0.0020087200682610273
v 0.013590600341558456 0.0010085899848490953 -0.002055560238659382
v 0.013374200090765953 0.0035595803055912256 -0.0020087200682610273
v 0.013796400278806686 0.003386830212548375 -0.0015402601566165686
v 0.01362560037523508 0.005802870262414217 -0.0008270000689662993
v 0.013956400565803051 0.007525090593844652 0.0009311300236731768
v 0.013631700538098812 0.007846580818295479 0.0006276600179262459
v 0.01362560037523508 0.005802870262414217 -0.0008270000689662993
v 0.013290700502693653 0.000999600044451654 -0.002430229913443327
v 0.013590600341558456 0.0010085899848490953 -0.002055560238659382
v 0.013374200090765953 0.0035595803055912256 -0.0020087200682610273
v 0.013428300619125366 0.006025660317391157 -0.0011474400525912642
v 0.01362560037523508 0.005802870262414217 -0.0008270000689662993
v 0.013631700538098812 0.007846580818295479 0.0006276600179262459
v 0.01362560037523508 0.005802870262414217 -0.0008270000689662993
v 0.013428300619125366 0.006025660317391157 -0.0011474400525912642
v 0.013374200090765953 0.0035595803055912256 -0.0020087200682610273
v 0.013374200090765953 0.0035595803055912256 -0.0020087200682610273
v 0.013097201474010944 0.0037419102154672146 -0.0025441101752221584
v 0.013290700502693653 0.000999600044451654 -0.002430229913443327
v 0.013097201474010944 0.0037419102154672146 -0.0025441101752221584
v 0.013374200090765953 0.0035595803055912256 -0.0020087200682610273
v 0.013428300619125366 0.006025660317391157 -0.0011474400525912642
v 0.013631700538098812 0.007846580818295479 0.0006276600179262459
v 0.013479000888764858 0.008135420270264149 0.00034559000050649047
v 0.013428300619125366 0.006025660317391157 -0.0011474400525912642
v 0.013058900833129883 0.000999600044451654 -0.003006660146638751
v 0.013290700502693653 0.000999600044451654 -0.002430229913443327
v 0.013097201474010944 0.0037419102154672146 -0.0025441101752221584
v 0.013428300619125366 0.006025660317391157 -0.0011474400525912642
v 0.013328000903129578 0.006253400351852179 -0.0014880300732329488
v 0.013097201474010944 0.0037419102154672146 -0.0025441101752221584
v 0.013328000903129578 0.006253400351852179 -0.0014880300732329488
v 0.013428300619125366 0.006025660317391157 -0.0011474400525912642
v 0.013479000888764858 0.008135420270264149 0.00034559000050649047
v 0.013479000888764858 0.008135420270264149 0.00034559000050649047
v 0.013406801037490368 0.008419410325586796 7.982000533957034e-05
v 0.013328000903129578 0.006253400351852179 -0.0014880300732329488
v 0.01421280112117529 0.000999600044451654 -0.0016201901016756892
v 0.013590600341558456 0.0010085899848490953 -0.002055560238659382
v 0.01421280112117529 -0.0010004000505432487 -0.0016201901016756892
v 0.013552100397646427 -0.00099182000849396 -0.0020974401850253344
v 0.01421280112117529 -0.0010004000505432487 -0.0016201901016756892
v 0.013590600341558456 0.0010085899848490953 -0.002055560238659382
v 0.013590600341558456 0.0010085899848490953 -0.002055560238659382
v 0.013290700502693653 0.000999600044451654 -0.002430229913443327
v 0.013552100397646427 -0.00099182000849396 -0.0020974401850253344
v 0.013259000144898891 -0.0010032400023192167 -0.0024900201242417097
v 0.013552100397646427 -0.00099182000849396 -0.0020974401850253344
v 0.013290700502693653 0.000999600044451654 -0.002430229913443327
v 0.013290700502693653 0.000999600044451654 -0.002430229913443327
v 0.013058900833129883 0.000999600044451654 -0.003006660146638751
v 0.013259000144898891 -0.0010032400023192167 -0.0024900201242417097
v 0.013091601431369781 -0.001000500051304698 -0.0029250902589410543
v 0.013259000144898891 -0.0010032400023192167 -0.0024900201242417097
v 0.013058900833129883 0.000999600044451654 -0.003006660146638751
v 0.01381940022110939 -0.003378460183739662 -0.0015238000778481364
v 0.014247200451791286 -0.003281590063124895 -0.0012582801282405853
v 0.01421280112117529 -0.0010004000505432487 -0.0016201901016756892
v 0.014247200451791286 -0.003281590063124895 -0.0012582801282405853
v 0.01381940022110939 -0.003378460183739662 -0.0015238000778481364
v 0.014475100673735142 -0.005338580347597599 -0.0002109500055667013
v 0.014032200910151005 -0.005533060524612665 -0.00046171003486961126
v 0.014475100673735142 -0.005338580347597599 -0.0002109500055667013
v 0.01381940022110939 -0.003378460183739662 -0.0015238000778481364
v 0.014475100673735142 -0.005338580347597599 -0.0002109500055667013
v 0.014032200910151005 -0.005533060524612665 -0.00046171003486961126
v 0.014626400545239449 -0.0071748704649508 0.0012645100941881537
v 0.014264000579714775 -0.007321590092033148 0.0011337901232764125
v 0.014626400545239449 -0.0071748704649508 0.0012645100941881537
v 0.014032200910151005 -0.005533060524612665 -0.00046171003486961126
v 0.01421280112117529 -0.0010004000505432487 -0.0016201901016756892
v 0.013552100397646427 -0.00099182000849396 -0.0020974401850253344
v 0.01381940022110939 -0.003378460183739662 -0.0015238000778481364
v 0.013912100344896317 -0.007545610424131155 0.0009165400988422334
v 0.014264000579714775 -0.007321590092033148 0.0011337901232764125
v 0.014032200910151005 -0.005533060524612665 -0.00046171003486961126
v 0.013387900777161121 -0.003548750188201666 -0.0019831701647490263
v 0.01381940022110939 -0.003378460183739662 -0.0015238000778481364
v 0.013552100397646427 -0.00099182000849396 -0.0020974401850253344
v 0.01381940022110939 -0.003378460183739662 -0.0015238000778481364
v 0.013387900777161121 -0.003548750188201666 -0.0019831701647490263
v 0.014032200910151005 -0.005533060524612665 -0.00046171003486961126
v 0.013586100190877914 -0.005826800130307674 -0.0008626300259493291
v 0.014032200910151005 -0.005533060524612665 -0.00046171003486961126
v 0.013387900777161121 -0.003548750188201666 -0.0019831701647490263
v 0.014032200910151005 -0.005533060524612665 -0.00046171003486961126
v 0.013586100190877914 -0.005826800130307674 -0.0008626300259493291
v 0.013912100344896317 -0.007545610424131155 0.0009165400988422334
v 0.013552100397646427 -0.00099182000849396 -0.0020974401850253344
v 0.013259000144898891 -0.0010032400023192167 -0.0024900201242417097
v 0.013387900777161121 -0.003548750188201666 -0.0019831701647490263
v 0.01362990029156208 -0.007862540893256664 0.0006089400267228484
v 0.013912100344896317 -0.007545610424131155 0.0009165400988422334
v 0.013586100190877914 -0.005826800130307674 -0.0008626300259493291
v 0.013259000144898891 -0.0010032400023192167 -0.0024900201242417097
v 0.013091601431369781 -0.001000500051304698 -0.0029250902589410543
v 0.013387900777161121 -0.003548750188201666 -0.0019831701647490263
v 0.013190200552344322 -0.00370529992505908 -0.0024449799675494432
v 0.013387900777161121 -0.003548750188201666 -0.0019831701647490263
v 0.013091601431369781 -0.001000500051304698 -0.0029250902589410543
v 0.013387900777161121 -0.003548750188201666 -0.0019831701647490263
v 0.013190200552344322 -0.00370529992505908 -0.0024449799675494432
v 0.013586100190877914 -0.005826800130307674 -0.0008626300259493291
v 0.013319999910891056 -0.006174640264362097 -0.0013695000670850277
v 0.013586100190877914 -0.005826800130307674 -0.0008626300259493291
v 0.013190200552344322 -0.00370529992505908 -0.0024449799675494432
v 0.013586100190877914 -0.005826800130307674 -0.0008626300259493291
v 0.013319999910891056 -0.006174640264362097 -0.0013695000670850277
v 0.01362990029156208 -0.007862540893256664 0.0006089400267228484
v 0.013450400903820992 -0.008202100172638893 0.0002886700094677508
v 0.01362990029156208 -0.007862540893256664 0.0006089400267228484
v 0.013319999910891056 -0.006174640264362097 -0.0013695000670850277
v 0.013450400903820992 -0.008202100172638893 0.0002886700094677508
v 0.013319999910891056 -0.006174640264362097 -0.0013695000670850277
v 0.013431800529360771 -0.008358350023627281 0.0001387100201100111
v 0.014626400545239449 -0.0071748704649508 0.0012645100941881537
v 0.014264000579714775 -0.007321590092033148 0.0011337901232764125
v 0.014441500417888165 -0.009103289805352688 0.004225080367177725
v 0.014021500013768673 -0.009256730787456036 0.004062709864228964
v 0.014441500417888165 -0.009103289805352688 0.004225080367177725
v 0.014264000579714775 -0.007321590092033148 0.0011337901232764125
v 0.014264000579714775 -0.007321590092033148 0.0011337901232764125
v 0.013912100344896317 -0.007545610424131155 0.0009165400988422334
v 0.014021500013768673 -0.009256730787456036 0.004062709864228964
v 0.013527601025998592 -0.009556660428643227 0.0038031500298529863
v 0.014021500013768673 -0.009256730787456036 0.004062709864228964
v 0.013912100344896317 -0.007545610424131155 0.0009165400988422334
v 0.013912100344896317 -0.007545610424131155 0.0009165400988422334
v 0.01362990029156208 -0.007862540893256664 0.0006089400267228484
v 0.013527601025998592 -0.009556660428643227 0.0038031500298529863
v 0.01362990029156208 -0.007862540893256664 0.0006089400267228484
v 0.013189001008868217 -0.010029001161456108 0.003501220140606165
v 0.013527601025998592 -0.009556660428643227 0.0038031500298529863
v 0.01362990029156208 -0.007862540893256664 0.0006089400267228484
v 0.013450400903820992 -0.008202100172638893 0.0002886700094677508
v 0.013189001008868217 -0.010029001161456108 0.003501220140606165
v 0.013450400903820992 -0.008202100172638893 0.0002886700094677508
v 0.013431800529360771 -0.008358350023627281 0.0001387100201100111
v 0.013189001008868217 -0.010029001161456108 0.003501220140606165
v 0.013106200844049454 -0.010467100888490677 0.003309830091893673
v 0.013189001008868217 -0.010029001161456108 0.003501220140606165
v 0.013431800529360771 -0.008358350023627281 0.0001387100201100111
v 0.01340040098875761 -0.010500400327146053 3.300000025774352e-05
v 0.013106200844049454 -0.010467100888490677 0.003309830091893673
v 0.013431800529360771 -0.008358350023627281 0.0001387100201100111
v 0.013713500462472439 -0.00896542053669691 0.007081990595906973
v 0.013338199816644192 -0.008961630053818226 0.006947250105440617
v 0.013049900531768799 -0.007818580605089664 0.007948620244860649
v 0.013338199816644192 -0.008961630053818226 0.006947250105440617
v 0.013713500462472439 -0.00896542053669691 0.007081990595906973
v 0.014237700961530209 -0.009382770396769047 0.0058568804524838924
v 0.01368860062211752 -0.009479420259594917 0.005554540548473597
v 0.014237700961530209 -0.009382770396769047 0.0058568804524838924
v 0.014441500417888165 -0.009103289805352688 0.004225080367177725
v 0.014237700961530209 -0.009382770396769047 0.0058568804524838924
v 0.01368860062211752 -0.009479420259594917 0.005554540548473597
v 0.013338199816644192 -0.008961630053818226 0.006947250105440617
v 0.013049900531768799 -0.007818580605089664 0.007948620244860649
v 0.01262190006673336 -0.007884310558438301 0.0077270204201340675
v 0.01282570045441389 -0.006406660191714764 0.008233820088207722
v 0.01262190006673336 -0.007884310558438301 0.0077270204201340675
v 0.013049900531768799 -0.007818580605089664 0.007948620244860649
v 0.013338199816644192 -0.008961630053818226 0.006947250105440617
v 0.014441500417888165 -0.009103289805352688 0.004225080367177725
v 0.014021500013768673 -0.009256730787456036 0.004062709864228964
v 0.01368860062211752 -0.009479420259594917 0.005554540548473597
v 0.012254700064659119 -0.006404980551451445 0.007997820153832436
v 0.01282570045441389 -0.006406660191714764 0.008233820088207722
v 0.01262190006673336 -0.007884310558438301 0.0077270204201340675
v 0.013338199816644192 -0.008961630053818226 0.006947250105440617
v 0.012795600108802319 -0.009125829674303532 0.006737850606441498
v 0.01262190006673336 -0.007884310558438301 0.0077270204201340675
v 0.012795600108802319 -0.009125829674303532 0.006737850606441498
v 0.013338199816644192 -0.008961630053818226 0.006947250105440617
v 0.01368860062211752 -0.009479420259594917 0.005554540548473597
v 0.014021500013768673 -0.009256730787456036 0.004062709864228964
v 0.013527601025998592 -0.009556660428643227 0.0038031500298529863
v 0.01368860062211752 -0.009479420259594917 0.005554540548473597
v 0.012172200717031956 -0.007989160716533661 0.007622310426086187
v 0.01262190006673336 -0.007884310558438301 0.0077270204201340675
v 0.012795600108802319 -0.009125829674303532 0.006737850606441498
v 0.01262190006673336 -0.007884310558438301 0.0077270204201340675
v 0.012172200717031956 -0.007989160716533661 0.007622310426086187
v 0.012254700064659119 -0.006404980551451445 0.007997820153832436
v 0.013128601014614105 -0.009800290688872337 0.005341169890016317
v 0.01368860062211752 -0.009479420259594917 0.005554540548473597
v 0.013527601025998592 -0.009556660428643227 0.0038031500298529863
v 0.01368860062211752 -0.009479420259594917 0.005554540548473597
v 0.013128601014614105 -0.009800290688872337 0.005341169890016317
v 0.012795600108802319 -0.009125829674303532 0.006737850606441498
v 0.011729001067578793 -0.006405600346624851 0.007932810112833977
v 0.012254700064659119 -0.006404980551451445 0.007997820153832436
v 0.012172200717031956 -0.007989160716533661 0.007622310426086187
v 0.011805900372564793 -0.008101980201900005 0.007600520271807909
v 0.012172200717031956 -0.007989160716533661 0.007622310426086187
v 0.012795600108802319 -0.009125829674303532 0.006737850606441498
v 0.012172200717031956 -0.007989160716533661 0.007622310426086187
v 0.011805900372564793 -0.008101980201900005 0.007600520271807909
v 0.011729001067578793 -0.006405600346624851 0.007932810112833977
v 0.012795600108802319 -0.009125829674303532 0.006737850606441498
v 0.012369800359010696 -0.009381790645420551 0.006667830515652895
v 0.011805900372564793 -0.008101980201900005 0.007600520271807909
v 0.012369800359010696 -0.009381790645420551 0.006667830515652895
v 0.012795600108802319 -0.009125829674303532 0.006737850606441498
v 0.013128601014614105 -0.009800290688872337 0.005341169890016317
v 0.013527601025998592 -0.009556660428643227 0.0038031500298529863
v 0.013189001008868217 -0.010029001161456108 0.003501220140606165
v 0.013128601014614105 -0.009800290688872337 0.005341169890016317
v 0.012658201158046722 -0.010256700217723846 0.0052033402025699615
v 0.013128601014614105 -0.009800290688872337 0.005341169890016317
v 0.013189001008868217 -0.010029001161456108 0.003501220140606165
v 0.013128601014614105 -0.009800290688872337 0.005341169890016317
v 0.012658201158046722 -0.010256700217723846 0.0052033402025699615
v 0.012369800359010696 -0.009381790645420551 0.006667830515652895
v 0.011172200553119183 -0.006406830158084631 0.008024170063436031
v 0.011729001067578793 -0.006405600346624851 0.007932810112833977
v 0.011805900372564793 -0.008101980201900005 0.007600520271807909
v 0.011805900372564793 -0.008101980201900005 0.007600520271807909
v 0.011384300887584686 -0.008277210406959057 0.007680780254304409
v 0.011172200553119183 -0.006406830158084631 0.008024170063436031
v 0.011384300887584686 -0.008277210406959057 0.007680780254304409
v 0.011805900372564793 -0.008101980201900005 0.007600520271807909
v 0.012369800359010696 -0.009381790645420551 0.006667830515652895
v 0.01205109991133213 -0.009646420367062092 0.006670540198683739
v 0.012369800359010696 -0.009381790645420551 0.006667830515652895
v 0.012658201158046722 -0.010256700217723846 0.0052033402025699615
v 0.012369800359010696 -0.009381790645420551 0.006667830515652895
v 0.01205109991133213 -0.009646420367062092 0.006670540198683739
v 0.011384300887584686 -0.008277210406959057 0.007680780254304409
v 0.011384300887584686 -0.008277210406959057 0.007680780254304409
v 0.010997400619089603 -0.008473810739815235 0.007838880643248558
v 0.011172200553119183 -0.006406830158084631 0.008024170063436031
v 0.010997400619089603 -0.008473810739815235 0.007838880643248558
v 0.011384300887584686 -0.008277210406959057 0.007680780254304409
v 0.01205109991133213 -0.009646420367062092 0.006670540198683739
v 0.01205109991133213 -0.009646420367062092 0.006670540198683739
v 0.011762700974941254 -0.009969880804419518 0.006735700648277998
v 0.010997400619089603 -0.008473810739815235 0.007838880643248558
v 0.011762700974941254 -0.009969880804419518 0.006735700648277998
v 0.01205109991133213 -0.009646420367062092 0.006670540198683739
v 0.012658201158046722 -0.010256700217723846 0.0052033402025699615
v 0.013189001008868217 -0.010029001161456108 0.003501220140606165
v 0.013106200844049454 -0.010467100888490677 0.003309830091893673
v 0.012658201158046722 -0.010256700217723846 0.0052033402025699615
v 0.012658201158046722 -0.010256700217723846 0.0052033402025699615
v 0.013106200844049454 -0.010467100888490677 0.003309830091893673
v 0.01234420109540224 -0.010500400327146053 0.005651640240103006
v 0.01064310036599636 -0.006409150548279285 0.00828320998698473
v 0.011172200553119183 -0.006406830158084631 0.008024170063436031
v 0.010997400619089603 -0.008473810739815235 0.007838880643248558
v 0.012658201158046722 -0.010256700217723846 0.0052033402025699615
v 0.01234420109540224 -0.010500400327146053 0.005651640240103006
v 0.011762700974941254 -0.009969880804419518 0.006735700648277998
v 0.01234420109540224 -0.010500400327146053 0.005651640240103006
v 0.011348400264978409 -0.010493201203644276 0.007121640723198652
v 0.011762700974941254 -0.009969880804419518 0.006735700648277998
v 0.01066139992326498 -0.00870710052549839 0.008120630867779255
v 0.010997400619089603 -0.008473810739815235 0.007838880643248558
v 0.011762700974941254 -0.009969880804419518 0.006735700648277998
v 0.010997400619089603 -0.008473810739815235 0.007838880643248558
v 0.01066139992326498 -0.00870710052549839 0.008120630867779255
v 0.01064310036599636 -0.006409150548279285 0.00828320998698473
v 0.010286600328981876 -0.006406690459698439 0.008600380271673203
v 0.01064310036599636 -0.006409150548279285 0.00828320998698473
v 0.01066139992326498 -0.00870710052549839 0.008120630867779255
v 0.011762700974941254 -0.009969880804419518 0.006735700648277998
v 0.011348400264978409 -0.010493201203644276 0.007121640723198652
v 0.01066139992326498 -0.00870710052549839 0.008120630867779255
v 0.01282570045441389 -0.006406660191714764 0.008233820088207722
v 0.012254700064659119 -0.006404980551451445 0.007997820153832436
v 0.01282570045441389 0.0064058504067361355 0.008233831264078617
v 0.012292200699448586 0.006406010594218969 0.00800338014960289
v 0.01282570045441389 0.0064058504067361355 0.008233831264078617
v 0.012254700064659119 -0.006404980551451445 0.007997820153832436
v 0.012254700064659119 -0.006404980551451445 0.007997820153832436
v 0.011729001067578793 -0.006405600346624851 0.007932810112833977
v 0.012292200699448586 0.006406010594218969 0.00800338014960289
v 0.011801800690591335 0.00640681991353631 0.007937200367450714
v 0.012292200699448586 0.006406010594218969 0.00800338014960289
v 0.011729001067578793 -0.006405600346624851 0.007932810112833977
v 0.011729001067578793 -0.006405600346624851 0.007932810112833977
v 0.011172200553119183 -0.006406830158084631 0.008024170063436031
v 0.011801800690591335 0.00640681991353631 0.007937200367450714
v 0.011135800741612911 0.006405700463801622 0.008035910315811634
v 0.011801800690591335 0.00640681991353631 0.007937200367450714
v 0.011172200553119183 -0.006406830158084631 0.008024170063436031
v 0.011172200553119183 -0.006406830158084631 0.008024170063436031
v 0.01064310036599636 -0.006409150548279285 0.00828320998698473
v 0.011135800741612911 0.006405700463801622 0.008035910315811634
v 0.010730800218880177 0.006405900232493877 0.008223609998822212
v 0.011135800741612911 0.006405700463801622 0.008035910315811634
v 0.01064310036599636 -0.006409150548279285 0.00828320998698473
v 0.01064310036599636 -0.006409150548279285 0.00828320998698473
v 0.010286600328981876 -0.006406690459698439 0.008600380271673203
v 0.010730800218880177 0.006405900232493877 0.008223609998822212
v 0.010259200818836689 0.00640596030279994 0.008625361137092113
v 0.010730800218880177 0.006405900232493877 0.008223609998822212
v 0.010286600328981876 -0.006406690459698439 0.008600380271673203
v 0.014260400086641312 0.0091572105884552 0.004162940196692944
v 0.014546000398695469 0.009108680300414562 0.00425243005156517
v 0.014245701022446156 0.009391430765390396 0.005824650172144175
v 0.014245701022446156 0.009391430765390396 0.005824650172144175
v 0.013745500706136227 0.009470000863075256 0.005581120494753122
v 0.014260400086641312 0.0091572105884552 0.004162940196692944
v 0.013745500706136227 0.009470000863075256 0.005581120494753122
v 0.014245701022446156 0.009391430765390396 0.005824650172144175
v 0.01363310031592846 0.008925210684537888 0.0070413099601864815
v 0.012956000864505768 0.007824930362403393 0.007868420332670212
v 0.012552200816571712 0.007893300615251064 0.0077047403901815414
v 0.01363310031592846 0.008925210684537888 0.0070413099601864815
v 0.012552200816571712 0.007893300615251064 0.0077047403901815414
v 0.012956000864505768 0.007824930362403393 0.007868420332670212
v 0.01282570045441389 0.0064058504067361355 0.008233831264078617
v 0.01363310031592846 0.008925210684537888 0.0070413099601864815
v 0.013039800338447094 0.00903588067740202 0.006824500393122435
v 0.013745500706136227 0.009470000863075256 0.005581120494753122
v 0.013039800338447094 0.00903588067740202 0.006824500393122435
v 0.01363310031592846 0.008925210684537888 0.0070413099601864815
v 0.012552200816571712 0.007893300615251064 0.0077047403901815414
v 0.01282570045441389 0.0064058504067361355 0.008233831264078617
v 0.012292200699448586 0.006406010594218969 0.00800338014960289
v 0.012552200816571712 0.007893300615251064 0.0077047403901815414
v 0.013858000747859478 0.009339750744402409 0.003983399830758572
v 0.014260400086641312 0.0091572105884552 0.004162940196692944
v 0.013745500706136227 0.009470000863075256 0.005581120494753122
v 0.012292200699448586 0.006406010594218969 0.00800338014960289
v 0.011801800690591335 0.00640681991353631 0.007937200367450714
v 0.012552200816571712 0.007893300615251064 0.0077047403901815414
v 0.013333801180124283 0.009664409793913364 0.005421830341219902
v 0.013745500706136227 0.009470000863075256 0.005581120494753122
v 0.013039800338447094 0.00903588067740202 0.006824500393122435
v 0.013745500706136227 0.009470000863075256 0.005581120494753122
v 0.013333801180124283 0.009664409793913364 0.005421830341219902
v 0.013858000747859478 0.009339750744402409 0.003983399830758572
v 0.011926800012588501 0.008052350021898746 0.007589450106024742
v 0.012552200816571712 0.007893300615251064 0.0077047403901815414
v 0.011801800690591335 0.00640681991353631 0.007937200367450714
v 0.012552200816571712 0.007893300615251064 0.0077047403901815414
v 0.011926800012588501 0.008052350021898746 0.007589450106024742
v 0.013039800338447094 0.00903588067740202 0.006824500393122435
v 0.013039800338447094 0.00903588067740202 0.006824500393122435
v 0.01256830058991909 0.009246820583939552 0.006693590432405472
v 0.013333801180124283 0.009664409793913364 0.005421830341219902
v 0.01256830058991909 0.009246820583939552 0.006693590432405472
v 0.013039800338447094 0.00903588067740202 0.006824500393122435
v 0.011926800012588501 0.008052350021898746 0.007589450106024742
v 0.013505400158464909 0.00960548035800457 0.0037750303745269775
v 0.013858000747859478 0.009339750744402409 0.003983399830758572
v 0.013333801180124283 0.009664409793913364 0.005421830341219902
v 0.013024700805544853 0.009901940822601318 0.005307440180331469
v 0.013333801180124283 0.009664409793913364 0.005421830341219902
v 0.01256830058991909 0.009246820583939552 0.006693590432405472
v 0.013333801180124283 0.009664409793913364 0.005421830341219902
v 0.013024700805544853 0.009901940822601318 0.005307440180331469
v 0.013505400158464909 0.00960548035800457 0.0037750303745269775
v 0.01221389975398779 0.009499280713498592 0.00666542025282979
v 0.01256830058991909 0.009246820583939552 0.006693590432405472
v 0.011926800012588501 0.008052350021898746 0.007589450106024742
v 0.01256830058991909 0.009246820583939552 0.006693590432405472
v 0.01221389975398779 0.009499280713498592 0.00666542025282979
v 0.013024700805544853 0.009901940822601318 0.005307440180331469
v 0.01326840091496706 0.009929610416293144 0.0035670301876962185
v 0.013505400158464909 0.00960548035800457 0.0037750303745269775
v 0.013024700805544853 0.009901940822601318 0.005307440180331469
v 0.01128390058875084 0.008313219994306564 0.007698860485106707
v 0.011926800012588501 0.008052350021898746 0.007589450106024742
v 0.011801800690591335 0.00640681991353631 0.007937200367450714
v 0.011926800012588501 0.008052350021898746 0.007589450106024742
v 0.01128390058875084 0.008313219994306564 0.007698860485106707
v 0.01221389975398779 0.009499280713498592 0.00666542025282979
v 0.013024700805544853 0.009901940822601318 0.005307440180331469
v 0.012644000351428986 0.010380800813436508 0.005243460647761822
v 0.01326840091496706 0.009929610416293144 0.0035670301876962185
v 0.012644000351428986 0.010380800813436508 0.005243460647761822
v 0.013024700805544853 0.009901940822601318 0.005307440180331469
v 0.01221389975398779 0.009499280713498592 0.00666542025282979
v 0.011801800690591335 0.00640681991353631 0.007937200367450714
v 0.011135800741612911 0.006405700463801622 0.008035910315811634
v 0.01128390058875084 0.008313219994306564 0.007698860485106707
v 0.011842700652778149 0.009836549870669842 0.0066926502622663975
v 0.01221389975398779 0.009499280713498592 0.00666542025282979
v 0.01128390058875084 0.008313219994306564 0.007698860485106707
v 0.01221389975398779 0.009499280713498592 0.00666542025282979
v 0.011842700652778149 0.009836549870669842 0.0066926502622663975
v 0.012644000351428986 0.010380800813436508 0.005243460647761822
v 0.013111700303852558 0.010187500156462193 0.003410070203244686
v 0.01326840091496706 0.009929610416293144 0.0035670301876962185
v 0.012644000351428986 0.010380800813436508 0.005243460647761822
v 0.011135800741612911 0.006405700463801622 0.008035910315811634
v 0.010730800218880177 0.006405900232493877 0.008223609998822212
v 0.01128390058875084 0.008313219994306564 0.007698860485106707
v 0.012644000351428986 0.010380800813436508 0.005243460647761822
v 0.01247480046004057 0.010499601252377033 0.005267390515655279
v 0.013111700303852558 0.010187500156462193 0.003410070203244686
v 0.01247480046004057 0.010499601252377033 0.005267390515655279
v 0.01308900024741888 0.010478599928319454 0.0031028601806610823
v 0.013111700303852558 0.010187500156462193 0.003410070203244686
v 0.01075739972293377 0.008638540282845497 0.008052530698478222
v 0.01128390058875084 0.008313219994306564 0.007698860485106707
v 0.010730800218880177 0.006405900232493877 0.008223609998822212
v 0.01128390058875084 0.008313219994306564 0.007698860485106707
v 0.01075739972293377 0.008638540282845497 0.008052530698478222
v 0.011842700652778149 0.009836549870669842 0.0066926502622663975
v 0.010730800218880177 0.006405900232493877 0.008223609998822212
v 0.010259200818836689 0.00640596030279994 0.008625361137092113
v 0.01075739972293377 0.008638540282845497 0.008052530698478222
v 0.01247480046004057 0.010499601252377033 0.005267390515655279
v 0.012644000351428986 0.010380800813436508 0.005243460647761822
v 0.011842700652778149 0.009836549870669842 0.0066926502622663975
v 0.01133780088275671 0.010499601252377033 0.007142680697143078
v 0.011842700652778149 0.009836549870669842 0.0066926502622663975
v 0.01075739972293377 0.008638540282845497 0.008052530698478222
v 0.011842700652778149 0.009836549870669842 0.0066926502622663975
v 0.01133780088275671 0.010499601252377033 0.007142680697143078
v 0.01247480046004057 0.010499601252377033 0.005267390515655279
v 0.010259200818836689 0.00640596030279994 0.008625361137092113
v 0.010581300593912601 0.008767040446400642 0.008219340816140175
v 0.01075739972293377 0.008638540282845497 0.008052530698478222
v 0.01075739972293377 0.008638540282845497 0.008052530698478222
v 0.010581300593912601 0.008767040446400642 0.008219340816140175
v 0.01133780088275671 0.010499601252377033 0.007142680697143078
v 0.025600701570510864 -0.009110851213335991 0.02301350049674511
v 0.02546430192887783 -0.009109790436923504 0.020967300981283188
v 0.024884702637791634 -0.009351369924843311 0.023003799840807915
v 0.02546430192887783 -0.009109790436923504 0.020967300981283188
v 0.02413110062479973 -0.009403050877153873 0.02300180122256279
v 0.024884702637791634 -0.009351369924843311 0.023003799840807915
v 0.023872200399637222 -0.009401921182870865 0.020178401842713356
v 0.02413110062479973 -0.009403050877153873 0.02300180122256279
v 0.02546430192887783 -0.009109790436923504 0.020967300981283188
v 0.02413110062479973 -0.009403050877153873 0.02300180122256279
v 0.023872200399637222 -0.009401921182870865 0.020178401842713356
v 0.02338859997689724 -0.009265470318496227 0.023013800382614136
v 0.023872200399637222 -0.009401921182870865 0.020178401842713356
v 0.022703800350427628 -0.008945470675826073 0.023007402196526527
v 0.02338859997689724 -0.009265470318496227 0.023013800382614136
v 0.022703800350427628 -0.008945470675826073 0.023007402196526527
v 0.021996701136231422 -0.008945890702307224 0.01829030178487301
v 0.022121300920844078 -0.00846693105995655 0.02301969937980175
v 0.021996701136231422 -0.008945890702307224 0.01829030178487301
v 0.021675601601600647 -0.007855660282075405 0.02301200106739998
v 0.022121300920844078 -0.00846693105995655 0.02301969937980175
v 0.021996701136231422 -0.008945890702307224 0.01829030178487301
v 0.022703800350427628 -0.008945470675826073 0.023007402196526527
v 0.023872200399637222 -0.009401921182870865 0.020178401842713356
v 0.021052900701761246 -0.006406660191714764 0.02048500068485737
v 0.021301601082086563 -0.006407500244677067 0.023039400577545166
v 0.021396402269601822 -0.007156350649893284 0.023028600960969925
v 0.021396402269601822 -0.007156350649893284 0.023028600960969925
v 0.021675601601600647 -0.007855660282075405 0.02301200106739998
v 0.021052900701761246 -0.006406660191714764 0.02048500068485737
v 0.021675601601600647 -0.007855660282075405 0.02301200106739998
v 0.020998699590563774 -0.007855050265789032 0.018544601276516914
v 0.021052900701761246 -0.006406660191714764 0.02048500068485737
v 0.020998699590563774 -0.007855050265789032 0.018544601276516914
v 0.021675601601600647 -0.007855660282075405 0.02301200106739998
v 0.021996701136231422 -0.008945890702307224 0.01829030178487301
v 0.02546430192887783 -0.009109790436923504 0.020967300981283188
v 0.025155002251267433 -0.009109790436923504 0.01902630180120468
v 0.023872200399637222 -0.009401921182870865 0.020178401842713356
v 0.023872200399637222 -0.009401921182870865 0.020178401842713356
v 0.02319520153105259 -0.009387240745127201 0.01747330091893673
v 0.021996701136231422 -0.008945890702307224 0.01829030178487301
v 0.023872200399637222 -0.009401921182870865 0.020178401842713356
v 0.024675199761986732 -0.009109781123697758 0.017118200659751892
v 0.02319520153105259 -0.009387240745127201 0.01747330091893673
v 0.023872200399637222 -0.009401921182870865 0.020178401842713356
v 0.025155002251267433 -0.009109790436923504 0.01902630180120468
v 0.024675199761986732 -0.009109781123697758 0.017118200659751892
v 0.020454000681638718 -0.006406660191714764 0.018025999888777733
v 0.021052900701761246 -0.006406660191714764 0.02048500068485737
v 0.020998699590563774 -0.007855050265789032 0.018544601276516914
v 0.020179899409413338 -0.008945890702307224 0.013925200328230858
v 0.021996701136231422 -0.008945890702307224 0.01829030178487301
v 0.021949302405118942 -0.009399380534887314 0.014240800403058529
v 0.021996701136231422 -0.008945890702307224 0.01829030178487301
v 0.02319520153105259 -0.009387240745127201 0.01747330091893673
v 0.021949302405118942 -0.009399380534887314 0.014240800403058529
v 0.021996701136231422 -0.008945890702307224 0.01829030178487301
v 0.020179899409413338 -0.008945890702307224 0.013925200328230858
v 0.020998699590563774 -0.007855050265789032 0.018544601276516914
v 0.020998699590563774 -0.007855050265789032 0.018544601276516914
v 0.019265400245785713 -0.007855050265789032 0.014400000683963299
v 0.020454000681638718 -0.006406660191714764 0.018025999888777733
v 0.019265400245785713 -0.007855050265789032 0.014400000683963299
v 0.019514299929142 -0.006406660191714764 0.015672599896788597
v 0.020454000681638718 -0.006406660191714764 0.018025999888777733
v 0.019265400245785713 -0.007855050265789032 0.014400000683963299
v 0.020998699590563774 -0.007855050265789032 0.018544601276516914
v 0.020179899409413338 -0.008945890702307224 0.013925200328230858
v 0.018253901973366737 -0.006406660191714764 0.013475900515913963
v 0.019514299929142 -0.006406660191714764 0.015672599896788597
v 0.019265400245785713 -0.007855050265789032 0.014400000683963299
v 0.021949302405118942 -0.009399380534887314 0.014240800403058529
v 0.019937099888920784 -0.009401921182870865 0.010960600338876247
v 0.020179899409413338 -0.008945890702307224 0.013925200328230858
v 0.019937099888920784 -0.009401921182870865 0.010960600338876247
v 0.021949302405118942 -0.009399380534887314 0.014240800403058529
v 0.02196200005710125 -0.009109781123697758 0.011284899897873402
v 0.02196200005710125 -0.009109781123697758 0.011284899897873402
v 0.021949302405118942 -0.009399380534887314 0.014240800403058529
v 0.02324650064110756 -0.009109781123697758 0.013515801168978214
v 0.017360201105475426 -0.008945890702307224 0.010129900649189949
v 0.020179899409413338 -0.008945890702307224 0.013925200328230858
v 0.019937099888920784 -0.009401921182870865 0.010960600338876247
v 0.020179899409413338 -0.008945890702307224 0.013925200328230858
v 0.017360201105475426 -0.008945890702307224 0.010129900649189949
v 0.019265400245785713 -0.007855050265789032 0.014400000683963299
v 0.0165771022439003 -0.007855050265789032 0.010800700634717941
v 0.019265400245785713 -0.007855050265789032 0.014400000683963299
v 0.017360201105475426 -0.008945890702307224 0.010129900649189949
v 0.019265400245785713 -0.007855050265789032 0.014400000683963299
v 0.0165771022439003 -0.007855050265789032 0.010800700634717941
v 0.018253901973366737 -0.006406660191714764 0.013475900515913963
v 0.0165771022439003 -0.007855050265789032 0.010800700634717941
v 0.016697600483894348 -0.006406660191714764 0.011478300206363201
v 0.018253901973366737 -0.006406660191714764 0.013475900515913963
v 0.02196200005710125 -0.009109781123697758 0.011284899897873402
v 0.020429100841283798 -0.009109790436923504 0.009217619895935059
v 0.019937099888920784 -0.009401921182870865 0.010960600338876247
v 0.01734750159084797 -0.009401921182870865 0.00811977032572031
v 0.019937099888920784 -0.009401921182870865 0.010960600338876247
v 0.018667999655008316 -0.009109790436923504 0.007340850308537483
v 0.019937099888920784 -0.009401921182870865 0.010960600338876247
v 0.020429100841283798 -0.009109790436923504 0.009217619895935059
v 0.018667999655008316 -0.009109790436923504 0.007340850308537483
v 0.019937099888920784 -0.009401921182870865 0.010960600338876247
v 0.01734750159084797 -0.009401921182870865 0.00811977032572031
v 0.017360201105475426 -0.008945890702307224 0.010129900649189949
v 0.014876001514494419 -0.006406660191714764 0.00971928983926773
v 0.016697600483894348 -0.006406660191714764 0.011478300206363201
v 0.0165771022439003 -0.007855050265789032 0.010800700634717941
v 0.017360201105475426 -0.008945890702307224 0.010129900649189949
v 0.013713500462472439 -0.00896542053669691 0.007081990595906973
v 0.0165771022439003 -0.007855050265789032 0.010800700634717941
v 0.013713500462472439 -0.00896542053669691 0.007081990595906973
v 0.013049900531768799 -0.007818580605089664 0.007948620244860649
v 0.0165771022439003 -0.007855050265789032 0.010800700634717941
v 0.013713500462472439 -0.00896542053669691 0.007081990595906973
v 0.017360201105475426 -0.008945890702307224 0.010129900649189949
v 0.01734750159084797 -0.009401921182870865 0.00811977032572031
v 0.0165771022439003 -0.007855050265789032 0.010800700634717941
v 0.013049900531768799 -0.007818580605089664 0.007948620244860649
v 0.014876001514494419 -0.006406660191714764 0.00971928983926773
v 0.018667999655008316 -0.009109790436923504 0.007340850308537483
v 0.016702299937605858 -0.009109790436923504 0.005679800175130367
v 0.01734750159084797 -0.009401921182870865 0.00811977032572031
v 0.014237700961530209 -0.009382770396769047 0.0058568804524838924
v 0.01734750159084797 -0.009401921182870865 0.00811977032572031
v 0.016702299937605858 -0.009109790436923504 0.005679800175130367
v 0.014237700961530209 -0.009382770396769047 0.0058568804524838924
v 0.013713500462472439 -0.00896542053669691 0.007081990595906973
v 0.01734750159084797 -0.009401921182870865 0.00811977032572031
v 0.014876001514494419 -0.006406660191714764 0.00971928983926773
v 0.013049900531768799 -0.007818580605089664 0.007948620244860649
v 0.01282570045441389 -0.006406660191714764 0.008233820088207722
v 0.014441500417888165 -0.009103289805352688 0.004225080367177725
v 0.014237700961530209 -0.009382770396769047 0.0058568804524838924
v 0.016702299937605858 -0.009109790436923504 0.005679800175130367
v 0.025284701958298683 0.009108980186283588 0.019714200869202614
v 0.02559240162372589 0.009096390567719936 0.023033101111650467
v 0.024884600192308426 0.009349450469017029 0.022992702201008797
v 0.024884600192308426 0.009349450469017029 0.022992702201008797
v 0.024134401232004166 0.009400931186974049 0.02294130064547062
v 0.025284701958298683 0.009108980186283588 0.019714200869202614
v 0.02336380071938038 0.00940128043293953 0.017861999571323395
v 0.024134401232004166 0.009400931186974049 0.02294130064547062
v 0.021999001502990723 0.008946689777076244 0.018288999795913696
v 0.024134401232004166 0.009400931186974049 0.02294130064547062
v 0.023388801142573357 0.009264149703085423 0.022998502478003502
v 0.021999001502990723 0.008946689777076244 0.018288999795913696
v 0.023388801142573357 0.009264149703085423 0.022998502478003502
v 0.02270510047674179 0.008946551010012627 0.02296460047364235
v 0.021999001502990723 0.008946689777076244 0.018288999795913696
v 0.024134401232004166 0.009400931186974049 0.02294130064547062
v 0.02336380071938038 0.00940128043293953 0.017861999571323395
v 0.025284701958298683 0.009108980186283588 0.019714200869202614
v 0.021999001502990723 0.008946689777076244 0.018288999795913696
v 0.02270510047674179 0.008946551010012627 0.02296460047364235
v 0.022120600566267967 0.0084666907787323 0.02300960011780262
v 0.022120600566267967 0.0084666907787323 0.02300960011780262
v 0.02167450077831745 0.007856880314648151 0.022985702380537987
v 0.021999001502990723 0.008946689777076244 0.018288999795913696
v 0.021301399916410446 0.006406530272215605 0.023023199290037155
v 0.021052900701761246 0.0064058504067361355 0.02048500068485737
v 0.021396001800894737 0.007155530154705048 0.023024501278996468
v 0.021052900701761246 0.0064058504067361355 0.02048500068485737
v 0.02167450077831745 0.007856880314648151 0.022985702380537987
v 0.021396001800894737 0.007155530154705048 0.023024501278996468
v 0.02167450077831745 0.007856880314648151 0.022985702380537987
v 0.021000001579523087 0.007856890559196472 0.018544001504778862
v 0.021999001502990723 0.008946689777076244 0.018288999795913696
v 0.021000001579523087 0.007856890559196472 0.018544001504778862
v 0.02167450077831745 0.007856880314648151 0.022985702380537987
v 0.021052900701761246 0.0064058504067361355 0.02048500068485737
v 0.021052900701761246 0.0064058504067361355 0.02048500068485737
v 0.020454000681638718 0.0064058504067361355 0.018025999888777733
v 0.021000001579523087 0.007856890559196472 0.018544001504778862
v 0.024505801498889923 0.009108980186283588 0.016576701775193214
v 0.025284701958298683 0.009108980186283588 0.019714200869202614
v 0.02336380071938038 0.00940128043293953 0.017861999571323395
v 0.021999001502990723 0.008946689777076244 0.018288999795913696
v 0.02018190175294876 0.008946689777076244 0.013923601247370243
v 0.02336380071938038 0.00940128043293953 0.017861999571323395
v 0.02018190175294876 0.008946689777076244 0.013923601247370243
v 0.021999001502990723 0.008946689777076244 0.018288999795913696
v 0.021000001579523087 0.007856890559196472 0.018544001504778862
v 0.019266599789261818 0.007856890559196472 0.014399200677871704
v 0.021000001579523087 0.007856890559196472 0.018544001504778862
v 0.019514299929142 0.0064058504067361355 0.015672599896788597
v 0.021000001579523087 0.007856890559196472 0.018544001504778862
v 0.020454000681638718 0.0064058504067361355 0.018025999888777733
v 0.019514299929142 0.0064058504067361355 0.015672599896788597
v 0.021000001579523087 0.007856890559196472 0.018544001504778862
v 0.019266599789261818 0.007856890559196472 0.014399200677871704
v 0.02018190175294876 0.008946689777076244 0.013923601247370243
v 0.02137260138988495 0.00940128043293953 0.013126200065016747
v 0.02336380071938038 0.00940128043293953 0.017861999571323395
v 0.02018190175294876 0.008946689777076244 0.013923601247370243
v 0.02336380071938038 0.00940128043293953 0.017861999571323395
v 0.02137260138988495 0.00940128043293953 0.013126200065016747
v 0.024505801498889923 0.009108980186283588 0.016576701775193214
v 0.02137260138988495 0.00940128043293953 0.013126200065016747
v 0.023279201239347458 0.009108980186283588 0.013581300154328346
v 0.024505801498889923 0.009108980186283588 0.016576701775193214
v 0.019514299929142 0.0064058504067361355 0.015672599896788597
v 0.018253901973366737 0.0064058504067361355 0.013475900515913963
v 0.019266599789261818 0.007856890559196472 0.014399200677871704
v 0.02163279987871647 0.009108980186283588 0.010797000490128994
v 0.023279201239347458 0.009108980186283588 0.013581300154328346
v 0.02137260138988495 0.00940128043293953 0.013126200065016747
v 0.017361901700496674 0.008946689777076244 0.010127900168299675
v 0.02018190175294876 0.008946689777076244 0.013923601247370243
v 0.019266599789261818 0.007856890559196472 0.014399200677871704
v 0.02018190175294876 0.008946689777076244 0.013923601247370243
v 0.017361901700496674 0.008946689777076244 0.010127900168299675
v 0.02137260138988495 0.00940128043293953 0.013126200065016747
v 0.016578199341893196 0.007856890559196472 0.010799800045788288
v 0.019266599789261818 0.007856890559196472 0.014399200677871704
v 0.016697600483894348 0.0064058504067361355 0.011478300206363201
v 0.019266599789261818 0.007856890559196472 0.014399200677871704
v 0.018253901973366737 0.0064058504067361355 0.013475900515913963
v 0.016697600483894348 0.0064058504067361355 0.011478300206363201
v 0.019266599789261818 0.007856890559196472 0.014399200677871704
v 0.016578199341893196 0.007856890559196472 0.010799800045788288
v 0.017361901700496674 0.008946689777076244 0.010127900168299675
v 0.02137260138988495 0.00940128043293953 0.013126200065016747
v 0.018281999975442886 0.00940128043293953 0.009022430516779423
v 0.02163279987871647 0.009108980186283588 0.010797000490128994
v 0.018281999975442886 0.00940128043293953 0.009022430516779423
v 0.019600700587034225 0.009108980186283588 0.008280560374259949
v 0.02163279987871647 0.009108980186283588 0.010797000490128994
v 0.018281999975442886 0.00940128043293953 0.009022430516779423
v 0.02137260138988495 0.00940128043293953 0.013126200065016747
v 0.017361901700496674 0.008946689777076244 0.010127900168299675
v 0.016697600483894348 0.0064058504067361355 0.011478300206363201
v 0.014876001514494419 0.0064058504067361355 0.00971928983926773
v 0.016578199341893196 0.007856890559196472 0.010799800045788288
v 0.017225800082087517 0.009108980186283588 0.0060850102454423904
v 0.019600700587034225 0.009108980186283588 0.008280560374259949
v 0.018281999975442886 0.00940128043293953 0.009022430516779423
v 0.01363310031592846 0.008925210684537888 0.0070413099601864815
v 0.017361901700496674 0.008946689777076244 0.010127900168299675
v 0.012956000864505768 0.007824930362403393 0.007868420332670212
v 0.017361901700496674 0.008946689777076244 0.010127900168299675
v 0.016578199341893196 0.007856890559196472 0.010799800045788288
v 0.012956000864505768 0.007824930362403393 0.007868420332670212
v 0.017361901700496674 0.008946689777076244 0.010127900168299675
v 0.01363310031592846 0.008925210684537888 0.0070413099601864815
v 0.018281999975442886 0.00940128043293953 0.009022430516779423
v 0.012956000864505768 0.007824930362403393 0.007868420332670212
v 0.016578199341893196 0.007856890559196472 0.010799800045788288
v 0.014876001514494419 0.0064058504067361355 0.00971928983926773
v 0.018281999975442886 0.00940128043293953 0.009022430516779423
v 0.014245701022446156 0.009391430765390396 0.005824650172144175
v 0.017225800082087517 0.009108980186283588 0.0060850102454423904
v 0.018281999975442886 0.00940128043293953 0.009022430516779423
v 0.01363310031592846 0.008925210684537888 0.0070413099601864815
v 0.014245701022446156 0.009391430765390396 0.005824650172144175
v 0.014876001514494419 0.0064058504067361355 0.00971928983926773
v 0.01282570045441389 0.0064058504067361355 0.008233831264078617
v 0.012956000864505768 0.007824930362403393 0.007868420332670212
v 0.014546000398695469 0.009108680300414562 0.00425243005156517
v 0.017225800082087517 0.009108980186283588 0.0060850102454423904
v 0.014245701022446156 0.009391430765390396 0.005824650172144175
v 0.02761940099298954 0.007124290335923433 0.017710700631141663
v 0.028295401483774185 0.007123900111764669 0.023042701184749603
v 0.025284701958298683 0.009108980186283588 0.019714200869202614
v 0.025284701958298683 0.009108980186283588 0.019714200869202614
v 0.024505801498889923 0.009108980186283588 0.016576701775193214
v 0.02761940099298954 0.007124290335923433 0.017710700631141663
v 0.02761940099298954 0.007124290335923433 0.017710700631141663
v 0.025818001478910446 0.007124290335923433 0.012646900489926338
v 0.029297901317477226 0.004286530427634716 0.017064101994037628
v 0.025818001478910446 0.007124290335923433 0.012646900489926338
v 0.02761940099298954 0.007124290335923433 0.017710700631141663
v 0.024505801498889923 0.009108980186283588 0.016576701775193214
v 0.02720719948410988 0.004286520183086395 0.011431700550019741
v 0.029297901317477226 0.004286530427634716 0.017064101994037628
v 0.025818001478910446 0.007124290335923433 0.012646900489926338
v 0.029297901317477226 0.004286530427634716 0.017064101994037628
v 0.02720719948410988 0.004286520183086395 0.011431700550019741
v 0.029695602133870125 0.000999600044451654 0.016134001314640045
v 0.02720719948410988 0.004286520183086395 0.011431700550019741
v 0.02854960225522518 0.000999600044451654 0.012851900421082973
v 0.029695602133870125 0.000999600044451654 0.016134001314640045
v 0.024505801498889923 0.009108980186283588 0.016576701775193214
v 0.023279201239347458 0.009108980186283588 0.013581300154328346
v 0.025818001478910446 0.007124290335923433 0.012646900489926338
v 0.026996901258826256 0.000999600044451654 0.009741620160639286
v 0.02854960225522518 0.000999600044451654 0.012851900421082973
v 0.02720719948410988 0.004286520183086395 0.011431700550019741
v 0.02297470159828663 0.007124290335923433 0.008085840381681919
v 0.025818001478910446 0.007124290335923433 0.012646900489926338
v 0.02163279987871647 0.009108980186283588 0.010797000490128994
v 0.025818001478910446 0.007124290335923433 0.012646900489926338
v 0.023279201239347458 0.009108980186283588 0.013581300154328346
v 0.02163279987871647 0.009108980186283588 0.010797000490128994
v 0.025818001478910446 0.007124290335923433 0.012646900489926338
v 0.02297470159828663 0.007124290335923433 0.008085840381681919
v 0.02720719948410988 0.004286520183086395 0.011431700550019741
v 0.023912400007247925 0.004286520183086395 0.006407890003174543
v 0.02720719948410988 0.004286520183086395 0.011431700550019741
v 0.02297470159828663 0.007124290335923433 0.008085840381681919
v 0.02720719948410988 0.004286520183086395 0.011431700550019741
v 0.023912400007247925 0.004286520183086395 0.006407890003174543
v 0.026996901258826256 0.000999600044451654 0.009741620160639286
v 0.023912400007247925 0.004286520183086395 0.006407890003174543
v 0.025062700733542442 0.000999600044451654 0.0068532004952430725
v 0.026996901258826256 0.000999600044451654 0.009741620160639286
v 0.02163279987871647 0.009108980186283588 0.010797000490128994
v 0.019600700587034225 0.009108980186283588 0.008280560374259949
v 0.02297470159828663 0.007124290335923433 0.008085840381681919
v 0.022777700796723366 0.000999600044451654 0.004232940264046192
v 0.025062700733542442 0.000999600044451654 0.0068532004952430725
v 0.023912400007247925 0.004286520183086395 0.006407890003174543
v 0.02297470159828663 0.007124290335923433 0.008085840381681919
v 0.01922130025923252 0.007124290335923433 0.00423888023942709
v 0.023912400007247925 0.004286520183086395 0.006407890003174543
v 0.01922130025923252 0.007124290335923433 0.00423888023942709
v 0.02297470159828663 0.007124290335923433 0.008085840381681919
v 0.019600700587034225 0.009108980186283588 0.008280560374259949
v 0.023912400007247925 0.004286520183086395 0.006407890003174543
v 0.019579701125621796 0.004286520183086395 0.002245879964902997
v 0.022777700796723366 0.000999600044451654 0.004232940264046192
v 0.019579701125621796 0.004286520183086395 0.002245879964902997
v 0.02017890103161335 0.000999600044451654 0.001923270057886839
v 0.022777700796723366 0.000999600044451654 0.004232940264046192
v 0.019579701125621796 0.004286520183086395 0.002245879964902997
v 0.023912400007247925 0.004286520183086395 0.006407890003174543
v 0.01922130025923252 0.007124290335923433 0.00423888023942709
v 0.019600700587034225 0.009108980186283588 0.008280560374259949
v 0.017225800082087517 0.009108980186283588 0.0060850102454423904
v 0.01922130025923252 0.007124290335923433 0.00423888023942709
v 0.01922130025923252 0.007124290335923433 0.00423888023942709
v 0.014546000398695469 0.009108680300414562 0.00425243005156517
v 0.014731100760400295 0.007127080112695694 0.0012886200565844774
v 0.01922130025923252 0.007124290335923433 0.00423888023942709
v 0.017225800082087517 0.009108980186283588 0.0060850102454423904
v 0.014546000398695469 0.009108680300414562 0.00425243005156517
v 0.01922130025923252 0.007124290335923433 0.00423888023942709
v 0.014731100760400295 0.007127080112695694 0.0012886200565844774
v 0.019579701125621796 0.004286520183086395 0.002245879964902997
v 0.01730870082974434 0.000999600044451654 -3.817000106209889e-05
v 0.02017890103161335 0.000999600044451654 0.001923270057886839
v 0.019579701125621796 0.004286520183086395 0.002245879964902997
v 0.014205600135028362 0.0032890101429075003 -0.0013337600976228714
v 0.019579701125621796 0.004286520183086395 0.002245879964902997
v 0.014434200711548328 0.005407990422099829 -0.0003026700287591666
v 0.019579701125621796 0.004286520183086395 0.002245879964902997
v 0.014731100760400295 0.007127080112695694 0.0012886200565844774
v 0.014434200711548328 0.005407990422099829 -0.0003026700287591666
v 0.019579701125621796 0.004286520183086395 0.002245879964902997
v 0.014205600135028362 0.0032890101429075003 -0.0013337600976228714
v 0.01730870082974434 0.000999600044451654 -3.817000106209889e-05
v 0.01421280112117529 0.000999600044451654 -0.0016201901016756892
v 0.01730870082974434 0.000999600044451654 -3.817000106209889e-05
v 0.014205600135028362 0.0032890101429075003 -0.0013337600976228714
v 0.030077701434493065 -0.004290190525352955 0.023021001368761063
v 0.02929670177400112 -0.004290470387786627 0.017064601182937622
v 0.02931950055062771 -0.005791050381958485 0.023031901568174362
v 0.02929670177400112 -0.004290470387786627 0.017064601182937622
v 0.028293602168560028 -0.007126280106604099 0.023042701184749603
v 0.02931950055062771 -0.005791050381958485 0.023031901568174362
v 0.02929670177400112 -0.004290470387786627 0.017064601182937622
v 0.027617203071713448 -0.007127570454031229 0.017711501568555832
v 0.028293602168560028 -0.007126280106604099 0.023042701184749603
v 0.02929670177400112 -0.004290470387786627 0.017064601182937622
v 0.030077701434493065 -0.004290190525352955 0.023021001368761063
v 0.030416402965784073 -0.0010004000505432487 0.019534701481461525
v 0.028293602168560028 -0.007126280106604099 0.023042701184749603
v 0.027617203071713448 -0.007127570454031229 0.017711501568555832
v 0.027041001245379448 -0.008244610391557217 0.023053400218486786
v 0.027617203071713448 -0.007127570454031229 0.017711501568555832
v 0.025600701570510864 -0.009110851213335991 0.02301350049674511
v 0.027041001245379448 -0.008244610391557217 0.023053400218486786
v 0.027617203071713448 -0.007127570454031229 0.017711501568555832
v 0.02546430192887783 -0.009109790436923504 0.020967300981283188
v 0.025600701570510864 -0.009110851213335991 0.02301350049674511
v 0.027617203071713448 -0.007127570454031229 0.017711501568555832
v 0.025155002251267433 -0.009109790436923504 0.01902630180120468
v 0.02546430192887783 -0.009109790436923504 0.020967300981283188
v 0.024675199761986732 -0.009109781123697758 0.017118200659751892
v 0.025155002251267433 -0.009109790436923504 0.01902630180120468
v 0.027617203071713448 -0.007127570454031229 0.017711501568555832
v 0.027617203071713448 -0.007127570454031229 0.017711501568555832
v 0.02581609971821308 -0.007127570454031229 0.01264830119907856
v 0.024675199761986732 -0.009109781123697758 0.017118200659751892
v 0.02581609971821308 -0.007127570454031229 0.01264830119907856
v 0.02324650064110756 -0.009109781123697758 0.013515801168978214
v 0.024675199761986732 -0.009109781123697758 0.017118200659751892
v 0.02581609971821308 -0.007127570454031229 0.01264830119907856
v 0.027617203071713448 -0.007127570454031229 0.017711501568555832
v 0.02929670177400112 -0.004290470387786627 0.017064601182937622
v 0.02929670177400112 -0.004290470387786627 0.017064601182937622
v 0.02720620110630989 -0.004290470387786627 0.01143260020762682
v 0.02581609971821308 -0.007127570454031229 0.01264830119907856
v 0.02929670177400112 -0.004290470387786627 0.017064601182937622
v 0.028549501672387123 -0.0010004000505432487 0.012851600535213947
v 0.02720620110630989 -0.004290470387786627 0.01143260020762682
v 0.028549501672387123 -0.0010004000505432487 0.012851600535213947
v 0.026996701955795288 -0.0010004000505432487 0.009741170331835747
v 0.02720620110630989 -0.004290470387786627 0.01143260020762682
v 0.022973401471972466 -0.007127570454031229 0.00808786042034626
v 0.02581609971821308 -0.007127570454031229 0.01264830119907856
v 0.02720620110630989 -0.004290470387786627 0.01143260020762682
v 0.02581609971821308 -0.007127570454031229 0.01264830119907856
v 0.022973401471972466 -0.007127570454031229 0.00808786042034626
v 0.02324650064110756 -0.009109781123697758 0.013515801168978214
v 0.022973401471972466 -0.007127570454031229 0.00808786042034626
v 0.02196200005710125 -0.009109781123697758 0.011284899897873402
v 0.02324650064110756 -0.009109781123697758 0.013515801168978214
v 0.02720620110630989 -0.004290470387786627 0.01143260020762682
v 0.02391180209815502 -0.004290470387786627 0.006409110501408577
v 0.022973401471972466 -0.007127570454031229 0.00808786042034626
v 0.02391180209815502 -0.004290470387786627 0.006409110501408577
v 0.02720620110630989 -0.004290470387786627 0.01143260020762682
v 0.02506220154464245 -0.0010004000505432487 0.006852620281279087
v 0.02720620110630989 -0.004290470387786627 0.01143260020762682
v 0.026996701955795288 -0.0010004000505432487 0.009741170331835747
v 0.02506220154464245 -0.0010004000505432487 0.006852620281279087
v 0.020429100841283798 -0.009109790436923504 0.009217619895935059
v 0.02196200005710125 -0.009109781123697758 0.011284899897873402
v 0.022973401471972466 -0.007127570454031229 0.00808786042034626
v 0.02506220154464245 -0.0010004000505432487 0.006852620281279087
v 0.02277730032801628 -0.0010004000505432487 0.00423257052898407
v 0.02391180209815502 -0.004290470387786627 0.006409110501408577
v 0.022973401471972466 -0.007127570454031229 0.00808786042034626
v 0.01922060176730156 -0.007127570454031229 0.004241310525685549
v 0.020429100841283798 -0.009109790436923504 0.009217619895935059
v 0.01922060176730156 -0.007127570454031229 0.004241310525685549
v 0.018667999655008316 -0.009109790436923504 0.007340850308537483
v 0.020429100841283798 -0.009109790436923504 0.009217619895935059
v 0.01922060176730156 -0.007127570454031229 0.004241310525685549
v 0.022973401471972466 -0.007127570454031229 0.00808786042034626
v 0.02391180209815502 -0.004290470387786627 0.006409110501408577
v 0.02391180209815502 -0.004290470387786627 0.006409110501408577
v 0.019579600542783737 -0.004290470387786627 0.0022473300341516733
v 0.01922060176730156 -0.007127570454031229 0.004241310525685549
v 0.019579600542783737 -0.004290470387786627 0.0022473300341516733
v 0.02391180209815502 -0.004290470387786627 0.006409110501408577
v 0.020178699865937233 -0.0010004000505432487 0.001923130126670003
v 0.02391180209815502 -0.004290470387786627 0.006409110501408577
v 0.02277730032801628 -0.0010004000505432487 0.00423257052898407
v 0.020178699865937233 -0.0010004000505432487 0.001923130126670003
v 0.016702299937605858 -0.009109790436923504 0.005679800175130367
v 0.018667999655008316 -0.009109790436923504 0.007340850308537483
v 0.01922060176730156 -0.007127570454031229 0.004241310525685549
v 0.01922060176730156 -0.007127570454031229 0.004241310525685549
v 0.014626400545239449 -0.0071748704649508 0.0012645100941881537
v 0.016702299937605858 -0.009109790436923504 0.005679800175130367
v 0.014626400545239449 -0.0071748704649508 0.0012645100941881537
v 0.014441500417888165 -0.009103289805352688 0.004225080367177725
v 0.016702299937605858 -0.009109790436923504 0.005679800175130367
v 0.014626400545239449 -0.0071748704649508 0.0012645100941881537
v 0.01922060176730156 -0.007127570454031229 0.004241310525685549
v 0.019579600542783737 -0.004290470387786627 0.0022473300341516733
v 0.020178699865937233 -0.0010004000505432487 0.001923130126670003
v 0.01730860024690628 -0.0010004000505432487 -3.825000021606684e-05
v 0.019579600542783737 -0.004290470387786627 0.0022473300341516733
v 0.014247200451791286 -0.003281590063124895 -0.0012582801282405853
v 0.019579600542783737 -0.004290470387786627 0.0022473300341516733
v 0.01730860024690628 -0.0010004000505432487 -3.825000021606684e-05
v 0.01730860024690628 -0.0010004000505432487 -3.825000021606684e-05
v 0.01421280112117529 -0.0010004000505432487 -0.0016201901016756892
v 0.014247200451791286 -0.003281590063124895 -0.0012582801282405853
v 0.01340040098875761 0.010499601252377033 3.300000025774352e-05
v 0.013202699832618237 0.010499601252377033 -0.0022943001240491867
v 0.013406801037490368 0.008419410325586796 7.982000533957034e-05
v 0.013202699832618237 0.010499601252377033 -0.0022943001240491867
v 0.013328000903129578 0.006253400351852179 -0.0014880300732329488
v 0.013406801037490368 0.008419410325586796 7.982000533957034e-05
v 0.013202699832618237 -0.010500400327146053 -0.0022943001240491867
v 0.01340040098875761 -0.010500400327146053 3.300000025774352e-05
v 0.013319999910891056 -0.006174640264362097 -0.0013695000670850277
v 0.01340040098875761 -0.010500400327146053 3.300000025774352e-05
v 0.013431800529360771 -0.008358350023627281 0.0001387100201100111
v 0.013319999910891056 -0.006174640264362097 -0.0013695000670850277
v 0.013319999910891056 -0.006174640264362097 -0.0013695000670850277
v 0.013190200552344322 -0.00370529992505908 -0.0024449799675494432
v 0.013202699832618237 -0.010500400327146053 -0.0022943001240491867
v 0.013097201474010944 0.0037419102154672146 -0.0025441101752221584
v 0.013328000903129578 0.006253400351852179 -0.0014880300732329488
v 0.013202699832618237 0.010499601252377033 -0.0022943001240491867
v 0.013202699832618237 0.010499601252377033 -0.0022943001240491867
v 0.012603900395333767 0.010499601252377033 -0.004551910329610109
v 0.013097201474010944 0.0037419102154672146 -0.0025441101752221584
v 0.012603900395333767 0.010499601252377033 -0.004551910329610109
v 0.013058900833129883 0.000999600044451654 -0.003006660146638751
v 0.013097201474010944 0.0037419102154672146 -0.0025441101752221584
v 0.013202699832618237 -0.010500400327146053 -0.0022943001240491867
v 0.013190200552344322 -0.00370529992505908 -0.0024449799675494432
v 0.013091601431369781 -0.001000500051304698 -0.0029250902589410543
v 0.01162210013717413 -0.010500400327146053 -0.006671240087598562
v 0.012603900395333767 -0.010500400327146053 -0.004551910329610109
v 0.01162210013717413 0.010499601252377033 -0.006671240087598562
v 0.01162210013717413 0.010499601252377033 -0.006671240087598562
v 0.010287200100719929 0.010499601252377033 -0.008587900549173355
v 0.01162210013717413 -0.010500400327146053 -0.006671240087598562
v 0.010287200100719929 -0.010500400327146053 -0.008587900549173355
v 0.01162210013717413 -0.010500400327146053 -0.006671240087598562
v 0.010287200100719929 0.010499601252377033 -0.008587900549173355
v 0.010287200100719929 0.010499601252377033 -0.008587900549173355
v 0.008639849722385406 0.010499601252377033 -0.010243700817227364
v 0.010287200100719929 -0.010500400327146053 -0.008587900549173355
v 0.008639849722385406 -0.010500400327146053 -0.010243700817227364
v 0.010287200100719929 -0.010500400327146053 -0.008587900549173355
v 0.008639849722385406 0.010499601252377033 -0.010243700817227364
v 0.008639849722385406 0.010499601252377033 -0.010243700817227364
v 0.00672998046502471 0.010499601252377033 -0.011588199995458126
v 0.008639849722385406 -0.010500400327146053 -0.010243700817227364
v 0.00672998046502471 -0.010500400327146053 -0.011588199995458126
v 0.008639849722385406 -0.010500400327146053 -0.010243700817227364
v 0.00672998046502471 0.010499601252377033 -0.011588199995458126
v 0.00672998046502471 0.010499601252377033 -0.011588199995458126
v 0.00461565051227808 0.010499601252377033 -0.01258070021867752
v 0.00672998046502471 -0.010500400327146053 -0.011588199995458126
v 0.00461565051227808 -0.010500400327146053 -0.01258070021867752
v 0.00672998046502471 -0.010500400327146053 -0.011588199995458126
v 0.00461565051227808 0.010499601252377033 -0.01258070021867752
v 0.00461565051227808 0.010499601252377033 -0.01258070021867752
v 0.0023611101787537336 0.010499601252377033 -0.013191000558435917
v 0.00461565051227808 -0.010500400327146053 -0.01258070021867752
v 0.0023611001670360565 -0.010500400327146053 -0.013191000558435917
v 0.00461565051227808 -0.010500400327146053 -0.01258070021867752
v 0.0023611101787537336 0.010499601252377033 -0.013191000558435917
v 0.0023611101787537336 0.010499601252377033 -0.013191000558435917
v 3.4839998988900334e-05 0.010499601252377033 -0.013400500640273094
v 0.0023611001670360565 -0.010500400327146053 -0.013191000558435917
v 3.4830001823138446e-05 -0.010500400327146053 -0.013400500640273094
v 0.0023611001670360565 -0.010500400327146053 -0.013191000558435917
v 3.4839998988900334e-05 0.010499601252377033 -0.013400500640273094
v 3.4839998988900334e-05 0.010499601252377033 -0.013400500640273094
v -0.0022924700751900673 0.010499601252377033 -0.013202900998294353
v 3.4830001823138446e-05 -0.010500400327146053 -0.013400500640273094
v -0.0022924800869077444 -0.010500400327146053 -0.013202900998294353
v 3.4830001823138446e-05 -0.010500400327146053 -0.013400500640273094
v -0.0022924700751900673 0.010499601252377033 -0.013202900998294353
v -0.0021534801926463842 0.010499601252377033 0.013225200586020947
v 7.688000187044963e-05 0.010499601252377033 0.013399201445281506
v -0.0021534801926463842 -0.010500400327146053 0.013225200586020947
v 7.689000631216913e-05 -0.010500400327146053 0.013399201445281506
v -0.0021534801926463842 -0.010500400327146053 0.013225200586020947
v 7.688000187044963e-05 0.010499601252377033 0.013399201445281506
v 7.688000187044963e-05 0.010499601252377033 0.013399201445281506
v 0.002305230125784874 0.010499601252377033 0.013199800625443459
v 7.689000631216913e-05 -0.010500400327146053 0.013399201445281506
v 0.002305240137502551 -0.010500400327146053 0.013199800625443459
v 7.689000631216913e-05 -0.010500400327146053 0.013399201445281506
v 0.002305230125784874 0.010499601252377033 0.013199800625443459
v 0.002305230125784874 0.010499601252377033 0.013199800625443459
v 0.004469289910048246 0.010499601252377033 0.012632301077246666
v 0.002305240137502551 -0.010500400327146053 0.013199800625443459
v 0.004469300154596567 -0.010500400327146053 0.012632301077246666
v 0.002305240137502551 -0.010500400327146053 0.013199800625443459
v 0.004469289910048246 0.010499601252377033 0.012632301077246666
v 0.004469289910048246 0.010499601252377033 0.012632301077246666
v 0.006508680060505867 0.010499601252377033 0.011712800711393356
v 0.004469300154596567 -0.010500400327146053 0.012632301077246666
v 0.006508690305054188 -0.010500400327146053 0.011712800711393356
v 0.004469300154596567 -0.010500400327146053 0.012632301077246666
v 0.006508680060505867 0.010499601252377033 0.011712800711393356
v 0.006508680060505867 0.010499601252377033 0.011712800711393356
v 0.008366590365767479 0.010499601252377033 0.010466900654137135
v 0.006508690305054188 -0.010500400327146053 0.011712800711393356
v 0.008366609923541546 -0.010500400327146053 0.010466900654137135
v 0.006508690305054188 -0.010500400327146053 0.011712800711393356
v 0.008366590365767479 0.010499601252377033 0.010466900654137135
v 0.008366590365767479 0.010499601252377033 0.010466900654137135
v 0.009991290979087353 0.010499601252377033 0.008929390460252762
v 0.008366609923541546 -0.010500400327146053 0.010466900654137135
v 0.00999131053686142 -0.010500400327146053 0.00892936997115612
v 0.008366609923541546 -0.010500400327146053 0.010466900654137135
v 0.009991290979087353 0.010499601252377033 0.008929390460252762
v 0.009991290979087353 0.010499601252377033 0.008929390460252762
v 0.01133780088275671 0.010499601252377033 0.007142680697143078
v 0.010581300593912601 0.008767040446400642 0.008219340816140175
v 0.010581300593912601 0.008767040446400642 0.008219340816140175
v 0.010259200818836689 0.00640596030279994 0.008625361137092113
v 0.009991290979087353 0.010499601252377033 0.008929390460252762
v 0.010259200818836689 0.00640596030279994 0.008625361137092113
v 0.00999131053686142 -0.010500400327146053 0.00892936997115612
v 0.009991290979087353 0.010499601252377033 0.008929390460252762
v 0.00999131053686142 -0.010500400327146053 0.00892936997115612
v 0.01066139992326498 -0.00870710052549839 0.008120630867779255
v 0.011348400264978409 -0.010493201203644276 0.007121640723198652
v 0.00999131053686142 -0.010500400327146053 0.00892936997115612
v 0.010286600328981876 -0.006406690459698439 0.008600380271673203
v 0.01066139992326498 -0.00870710052549839 0.008120630867779255
v 0.00999131053686142 -0.010500400327146053 0.00892936997115612
v 0.010259200818836689 0.00640596030279994 0.008625361137092113
v 0.010286600328981876 -0.006406690459698439 0.008600380271673203
v 0.0014636600390076637 -0.015400401316583157 -0.0073563102632761
v 4.900000476482091e-07 -0.015400401316583157 -0.0075004203245043755
v -0.0014626900665462017 -0.015400401316583157 -0.0073563102632761
v -0.0014626900665462017 -0.015400401316583157 -0.0073563102632761
v -0.0028696400113403797 -0.015400401316583157 -0.006929520517587662
v 0.0014636600390076637 -0.015400401316583157 -0.0073563102632761
v 0.0028706102166324854 -0.015400401316583157 -0.006929520517587662
v 0.0014636600390076637 -0.015400401316583157 -0.0073563102632761
v -0.0028696400113403797 -0.015400401316583157 -0.006929520517587662
v -0.0028696400113403797 -0.015400401316583157 -0.006929520517587662
v -0.0041662901639938354 -0.015400401316583157 -0.006236440502107143
v 0.0028706102166324854 -0.015400401316583157 -0.006929520517587662
v 0.0041672601364552975 -0.015400401316583157 -0.006236440502107143
v 0.0028706102166324854 -0.015400401316583157 -0.006929520517587662
v -0.0041662901639938354 -0.015400401316583157 -0.006236440502107143
v -0.0041662901639938354 -0.015400401316583157 -0.006236440502107143
v -0.0053028203547000885 -0.015400401316583157 -0.005303720477968454
v 0.0041672601364552975 -0.015400401316583157 -0.006236440502107143
v 0.0053037903271615505 -0.015400401316583157 -0.005303720477968454
v 0.0041672601364552975 -0.015400401316583157 -0.006236440502107143
v -0.0053028203547000885 -0.015400401316583157 -0.005303720477968454
v -0.0053028203547000885 -0.015400401316583157 -0.005303720477968454
v -0.0062355403788387775 -0.015400401316583157 -0.004167200066149235
v 0.0053037903271615505 -0.015400401316583157 -0.005303720477968454
v 0.006236509885638952 -0.015400401316583157 -0.004167200066149235
v 0.0053037903271615505 -0.015400401316583157 -0.005303720477968454
v -0.0062355403788387775 -0.015400401316583157 -0.004167200066149235
v -0.0062355403788387775 -0.015400401316583157 -0.004167200066149235
v -0.006928610149770975 -0.015400401316583157 -0.0028705501463264227
v 0.006236509885638952 -0.015400401316583157 -0.004167200066149235
v 0.006929580122232437 -0.015400401316583157 -0.0028705501463264227
v 0.006236509885638952 -0.015400401316583157 -0.004167200066149235
v -0.006928610149770975 -0.015400401316583157 -0.0028705501463264227
v -0.006928610149770975 -0.015400401316583157 -0.0028705501463264227
v -0.007355400361120701 -0.015400401316583157 -0.0014636000851169229
v 0.006929580122232437 -0.015400401316583157 -0.0028705501463264227
v 0.007356380112469196 -0.015400401316583157 -0.0014636000851169229
v 0.006929580122232437 -0.015400401316583157 -0.0028705501463264227
v -0.007355400361120701 -0.015400401316583157 -0.0014636000851169229
v -0.007355400361120701 -0.015400401316583157 -0.0014636000851169229
v -0.007499509956687689 -0.015400401316583157 -4.200000205401011e-07
v 0.007356380112469196 -0.015400401316583157 -0.0014636000851169229
v 0.007500490639358759 -0.015400401316583157 -4.200000205401011e-07
v 0.007356380112469196 -0.015400401316583157 -0.0014636000851169229
v -0.007499509956687689 -0.015400401316583157 -4.200000205401011e-07
v -0.007499509956687689 -0.015400401316583157 -4.200000205401011e-07
v -0.007355400361120701 -0.015400401316583157 0.0014627600321546197
v 0.007500490639358759 -0.015400401316583157 -4.200000205401011e-07
v 0.007356380112469196 -0.015400401316583157 0.0014627600321546197
v 0.007500490639358759 -0.015400401316583157 -4.200000205401011e-07
v -0.007355400361120701 -0.015400401316583157 0.0014627600321546197
v -0.007355400361120701 -0.015400401316583157 0.0014627600321546197
v -0.006928610149770975 -0.015400401316583157 0.0028697100933641195
v 0.007356380112469196 -0.015400401316583157 0.0014627600321546197
v 0.006929580122232437 -0.015400401316583157 0.0028697100933641195
v 0.007356380112469196 -0.015400401316583157 0.0014627600321546197
v -0.006928610149770975 -0.015400401316583157 0.0028697100933641195
v -0.006928610149770975 -0.015400401316583157 0.0028697100933641195
v -0.006235530134290457 -0.015400401316583157 0.004166360013186932
v 0.006929580122232437 -0.015400401316583157 0.0028697100933641195
v 0.006236509885638952 -0.015400401316583157 0.004166360013186932
v 0.006929580122232437 -0.015400401316583157 0.0028697100933641195
v -0.006235530134290457 -0.015400401316583157 0.004166360013186932
v -0.006235530134290457 -0.015400401316583157 0.004166360013186932
v -0.005302810575813055 -0.015400401316583157 0.005302879959344864
v 0.006236509885638952 -0.015400401316583157 0.004166360013186932
v 0.0053037903271615505 -0.015400401316583157 0.005302879959344864
v 0.006236509885638952 -0.015400401316583157 0.004166360013186932
v -0.005302810575813055 -0.015400401316583157 0.005302879959344864
v -0.005302810575813055 -0.015400401316583157 0.005302879959344864
v -0.0041662901639938354 -0.015400401316583157 0.00623560044914484
v 0.0053037903271615505 -0.015400401316583157 0.005302879959344864
v 0.004167270381003618 -0.015400401316583157 0.00623560044914484
v 0.0053037903271615505 -0.015400401316583157 0.005302879959344864
v -0.0041662901639938354 -0.015400401316583157 0.00623560044914484
v -0.0041662901639938354 -0.015400401316583157 0.00623560044914484
v -0.0028696400113403797 -0.015400401316583157 0.006928680464625359
v 0.004167270381003618 -0.015400401316583157 0.00623560044914484
v 0.0028706102166324854 -0.015400401316583157 0.006928680464625359
v 0.004167270381003618 -0.015400401316583157 0.00623560044914484
v -0.0028696400113403797 -0.015400401316583157 0.006928680464625359
v -0.0028696400113403797 -0.015400401316583157 0.006928680464625359
v -0.0014626900665462017 -0.015400401316583157 0.007355470675975084
v 0.0028706102166324854 -0.015400401316583157 0.006928680464625359
v 0.0014636700507253408 -0.015400401316583157 0.007355470675975084
v 0.0028706102166324854 -0.015400401316583157 0.006928680464625359
v -0.0014626900665462017 -0.015400401316583157 0.007355470675975084
v -0.0014626900665462017 -0.015400401316583157 0.007355470675975084
v 4.900000476482091e-07 -0.015400401316583157 0.007499580271542072
v 0.0014636700507253408 -0.015400401316583157 0.007355470675975084
v 0.0014636600390076637 0.015399600379168987 0.007355470675975084
v 4.799999828719592e-07 0.015399600379168987 0.007499580271542072
v -0.0014626900665462017 0.015399600379168987 0.007355470675975084
v -0.0014626900665462017 0.015399600379168987 0.007355470675975084
v -0.0028696400113403797 0.015399600379168987 0.006928680464625359
v 0.0014636600390076637 0.015399600379168987 0.007355470675975084
v 0.0028706102166324854 0.015399600379168987 0.006928680464625359
v 0.0014636600390076637 0.015399600379168987 0.007355470675975084
v -0.0028696400113403797 0.015399600379168987 0.006928680464625359
v -0.0028696400113403797 0.015399600379168987 0.006928680464625359
v -0.0041662901639938354 0.015399600379168987 0.00623560044914484
v 0.0028706102166324854 0.015399600379168987 0.006928680464625359
v 0.0041672601364552975 0.015399600379168987 0.00623560044914484
v 0.0028706102166324854 0.015399600379168987 0.006928680464625359
v -0.0041662901639938354 0.015399600379168987 0.00623560044914484
v -0.0041662901639938354 0.015399600379168987 0.00623560044914484
v -0.0053028203547000885 0.015399600379168987 0.005302879959344864
v 0.0041672601364552975 0.015399600379168987 0.00623560044914484
v 0.005303780548274517 0.015399600379168987 0.005302879959344864
v 0.0041672601364552975 0.015399600379168987 0.00623560044914484
v -0.0053028203547000885 0.015399600379168987 0.005302879959344864
v -0.0062355403788387775 0.015399600379168987 0.004166360013186932
v 4.799999828719592e-07 0.015399600379168987 0.00449958024546504
v 0.005303780548274517 0.015399600379168987 0.005302879959344864
v 0.006236509885638952 0.015399600379168987 0.004166360013186932
v 0.005303780548274517 0.015399600379168987 0.005302879959344864
v 0.001001829979941249 0.015399600379168987 0.004386759828776121
v 0.005303780548274517 0.015399600379168987 0.005302879959344864
v 4.799999828719592e-07 0.015399600379168987 0.00449958024546504
v 0.001001829979941249 0.015399600379168987 0.004386759828776121
v 0.001001829979941249 0.015399600379168987 0.004386759828776121
v 0.001952960155904293 0.015399600379168987 0.004053940065205097
v 0.006236509885638952 0.015399600379168987 0.004166360013186932
v 0.006929580122232437 0.015399600379168987 0.0028697100933641195
v 0.006236509885638952 0.015399600379168987 0.004166360013186932
v 0.0028061901684850454 0.015399600379168987 0.0035178200341761112
v 0.006236509885638952 0.015399600379168987 0.004166360013186932
v 0.001952960155904293 0.015399600379168987 0.004053940065205097
v 0.0028061901684850454 0.015399600379168987 0.0035178200341761112
v 0.0028061901684850454 0.015399600379168987 0.0035178200341761112
v 0.003518720157444477 0.015399600379168987 0.0028052800334990025
v 0.006929580122232437 0.015399600379168987 0.0028697100933641195
v 0.007356370333582163 0.015399600379168987 0.0014627600321546197
v 0.006929580122232437 0.015399600379168987 0.0028697100933641195
v 0.004054840188473463 0.015399600379168987 0.0019520600326359272
v 0.006929580122232437 0.015399600379168987 0.0028697100933641195
v 0.003518720157444477 0.015399600379168987 0.0028052800334990025
v 0.004054840188473463 0.015399600379168987 0.0019520600326359272
v 0.004054840188473463 0.015399600379168987 0.0019520600326359272
v 0.004387660417705774 0.015399600379168987 0.0010009299730882049
v 0.007356370333582163 0.015399600379168987 0.0014627600321546197
v 0.007500480394810438 0.015399600379168987 -4.200000205401011e-07
v 0.007356370333582163 0.015399600379168987 0.0014627600321546197
v 0.004500480368733406 0.015399600379168987 -4.200000205401011e-07
v 0.007356370333582163 0.015399600379168987 0.0014627600321546197
v 0.004387660417705774 0.015399600379168987 0.0010009299730882049
v 0.004500480368733406 0.015399600379168987 -4.200000205401011e-07
v 0.004500480368733406 0.015399600379168987 -4.200000205401011e-07
v 0.004387660417705774 0.015399600379168987 -0.001001760014332831
v 0.007500480394810438 0.015399600379168987 -4.200000205401011e-07
v 0.007356370333582163 0.015399600379168987 -0.0014636000851169229
v 0.007500480394810438 0.015399600379168987 -4.200000205401011e-07
v 0.004387660417705774 0.015399600379168987 -0.001001760014332831
v 0.004387660417705774 0.015399600379168987 -0.001001760014332831
v 0.004054840188473463 0.015399600379168987 -0.0019528999691829085
v 0.007356370333582163 0.015399600379168987 -0.0014636000851169229
v 0.006929580122232437 0.015399600379168987 -0.0028705501463264227
v 0.007356370333582163 0.015399600379168987 -0.0014636000851169229
v 0.003518720157444477 0.015399600379168987 -0.0028061200864613056
v 0.007356370333582163 0.015399600379168987 -0.0014636000851169229
v 0.004054840188473463 0.015399600379168987 -0.0019528999691829085
v 0.003518720157444477 0.015399600379168987 -0.0028061200864613056
v 0.003518720157444477 0.015399600379168987 -0.0028061200864613056
v 0.0028061901684850454 0.015399600379168987 -0.003518660319969058
v 0.006929580122232437 0.015399600379168987 -0.0028705501463264227
v 0.006236500106751919 0.015399600379168987 -0.004167200066149235
v 0.006929580122232437 0.015399600379168987 -0.0028705501463264227
v 0.001952960155904293 0.015399600379168987 -0.0040547801181674
v 0.006929580122232437 0.015399600379168987 -0.0028705501463264227
v 0.0028061901684850454 0.015399600379168987 -0.003518660319969058
v 0.001952960155904293 0.015399600379168987 -0.0040547801181674
v 0.001952960155904293 0.015399600379168987 -0.0040547801181674
v 0.0010018199682235718 0.015399600379168987 -0.004387600347399712
v 0.006236500106751919 0.015399600379168987 -0.004167200066149235
v 0.005303780548274517 0.015399600379168987 -0.005303720477968454
v 0.006236500106751919 0.015399600379168987 -0.004167200066149235
v -0.0053028203547000885 0.015399600379168987 -0.005303720477968454
v 0.006236500106751919 0.015399600379168987 -0.004167200066149235
v 4.799999828719592e-07 0.015399600379168987 -0.004500420298427343
v -0.0053028203547000885 0.015399600379168987 -0.005303720477968454
v 0.006236500106751919 0.015399600379168987 -0.004167200066149235
v 0.0010018199682235718 0.015399600379168987 -0.004387600347399712
v 4.799999828719592e-07 0.015399600379168987 -0.004500420298427343
v -0.0053028203547000885 0.015399600379168987 -0.005303720477968454
v -0.004166299942880869 0.015399600379168987 -0.006236440502107143
v 0.005303780548274517 0.015399600379168987 -0.005303720477968454
v 0.0041672601364552975 0.015399600379168987 -0.006236440502107143
v 0.005303780548274517 0.015399600379168987 -0.005303720477968454
v -0.004166299942880869 0.015399600379168987 -0.006236440502107143
v -0.004166299942880869 0.015399600379168987 -0.006236440502107143
v -0.002869650023058057 0.015399600379168987 -0.006929520517587662
v 0.0041672601364552975 0.015399600379168987 -0.006236440502107143
v 0.0028706102166324854 0.015399600379168987 -0.006929520517587662
v 0.0041672601364552975 0.015399600379168987 -0.006236440502107143
v -0.002869650023058057 0.015399600379168987 -0.006929520517587662
v -0.002869650023058057 0.015399600379168987 -0.006929520517587662
v -0.0014627000782638788 0.015399600379168987 -0.0073563102632761
v 0.0028706102166324854 0.015399600379168987 -0.006929520517587662
v 0.0014636600390076637 0.015399600379168987 -0.0073563102632761
v 0.0028706102166324854 0.015399600379168987 -0.006929520517587662
v -0.0014627000782638788 0.015399600379168987 -0.0073563102632761
v -0.0014627000782638788 0.015399600379168987 -0.0073563102632761
v 4.799999828719592e-07 0.015399600379168987 -0.0075004203245043755
v 0.0014636600390076637 0.015399600379168987 -0.0073563102632761
v 0.019514299929142 0.0064058504067361355 0.015672599896788597
v 0.020454000681638718 0.0064058504067361355 0.018025999888777733
v 0.019514299929142 -0.006406660191714764 0.015672599896788597
v 0.019514299929142 -0.006406660191714764 0.015672599896788597
v 0.018253901973366737 -0.006406660191714764 0.013475900515913963
v 0.019514299929142 0.0064058504067361355 0.015672599896788597
v 0.018253901973366737 0.0064058504067361355 0.013475900515913963
v 0.019514299929142 0.0064058504067361355 0.015672599896788597
v 0.018253901973366737 -0.006406660191714764 0.013475900515913963
v 0.018253901973366737 -0.006406660191714764 0.013475900515913963
v 0.016697600483894348 -0.006406660191714764 0.011478300206363201
v 0.018253901973366737 0.0064058504067361355 0.013475900515913963
v 0.016697600483894348 0.0064058504067361355 0.011478300206363201
v 0.018253901973366737 0.0064058504067361355 0.013475900515913963
v 0.016697600483894348 -0.006406660191714764 0.011478300206363201
v 0.016697600483894348 -0.006406660191714764 0.011478300206363201
v 0.014876001514494419 -0.006406660191714764 0.00971928983926773
v 0.016697600483894348 0.0064058504067361355 0.011478300206363201
v 0.014876001514494419 0.0064058504067361355 0.00971928983926773
v 0.016697600483894348 0.0064058504067361355 0.011478300206363201
v 0.014876001514494419 -0.006406660191714764 0.00971928983926773
v 0.014876001514494419 -0.006406660191714764 0.00971928983926773
v 0.01282570045441389 -0.006406660191714764 0.008233820088207722
v 0.014876001514494419 0.0064058504067361355 0.00971928983926773
v 0.01282570045441389 0.0064058504067361355 0.008233831264078617
v 0.014876001514494419 0.0064058504067361355 0.00971928983926773
v 0.01282570045441389 -0.006406660191714764 0.008233820088207722
v 0.026996901258826256 0.000999600044451654 0.009741620160639286
v 0.028549501672387123 -0.0010004000505432487 0.012851600535213947
v 0.02854960225522518 0.000999600044451654 0.012851900421082973
v 0.026996701955795288 -0.0010004000505432487 0.009741170331835747
v 0.028549501672387123 -0.0010004000505432487 0.012851600535213947
v 0.026996901258826256 0.000999600044451654 0.009741620160639286
v 0.026996901258826256 0.000999600044451654 0.009741620160639286
v 0.025062700733542442 0.000999600044451654 0.0068532004952430725
v 0.026996701955795288 -0.0010004000505432487 0.009741170331835747
v 0.02506220154464245 -0.0010004000505432487 0.006852620281279087
v 0.026996701955795288 -0.0010004000505432487 0.009741170331835747
v 0.025062700733542442 0.000999600044451654 0.0068532004952430725
v 0.025062700733542442 0.000999600044451654 0.0068532004952430725
v 0.022777700796723366 0.000999600044451654 0.004232940264046192
v 0.02506220154464245 -0.0010004000505432487 0.006852620281279087
v 0.02277730032801628 -0.0010004000505432487 0.00423257052898407
v 0.02506220154464245 -0.0010004000505432487 0.006852620281279087
v 0.022777700796723366 0.000999600044451654 0.004232940264046192
v 0.022777700796723366 0.000999600044451654 0.004232940264046192
v 0.02017890103161335 0.000999600044451654 0.001923270057886839
v 0.02277730032801628 -0.0010004000505432487 0.00423257052898407
v 0.020178699865937233 -0.0010004000505432487 0.001923130126670003
v 0.02277730032801628 -0.0010004000505432487 0.00423257052898407
v 0.02017890103161335 0.000999600044451654 0.001923270057886839
v 0.02017890103161335 0.000999600044451654 0.001923270057886839
v 0.01730870082974434 0.000999600044451654 -3.817000106209889e-05
v 0.020178699865937233 -0.0010004000505432487 0.001923130126670003
v 0.01730860024690628 -0.0010004000505432487 -3.825000021606684e-05
v 0.020178699865937233 -0.0010004000505432487 0.001923130126670003
v 0.01730870082974434 0.000999600044451654 -3.817000106209889e-05
v 0.01730870082974434 0.000999600044451654 -3.817000106209889e-05
v 0.01421280112117529 0.000999600044451654 -0.0016201901016756892
v 0.01730860024690628 -0.0010004000505432487 -3.825000021606684e-05
v 0.01421280112117529 -0.0010004000505432487 -0.0016201901016756892
v 0.01730860024690628 -0.0010004000505432487 -3.825000021606684e-05
v 0.01421280112117529 0.000999600044451654 -0.0016201901016756892
v 0.030077701434493065 0.00428939051926136 0.023021001368761063
v 0.029297901317477226 0.004286530427634716 0.017064101994037628
v 0.030543401837348938 0.002673709997907281 0.02301020175218582
v 0.029297901317477226 0.004286530427634716 0.017064101994037628
v 0.03069930151104927 0.0009994300780817866 0.023041700944304466
v 0.030543401837348938 0.002673709997907281 0.02301020175218582
v 0.029297901317477226 0.004286530427634716 0.017064101994037628
v 0.030416501685976982 0.000999600044451654 0.019534900784492493
v 0.03069930151104927 0.0009994300780817866 0.023041700944304466
v 0.029695602133870125 0.000999600044451654 0.016134001314640045
v 0.030416501685976982 0.000999600044451654 0.019534900784492493
v 0.029297901317477226 0.004286530427634716 0.017064101994037628
v 0.030416402965784073 -0.0010004000505432487 0.019534701481461525
v 0.029695602133870125 -0.0010004000505432487 0.016133802011609077
v 0.02929670177400112 -0.004290470387786627 0.017064601182937622
v 0.029695602133870125 -0.0010004000505432487 0.016133802011609077
v 0.028549501672387123 -0.0010004000505432487 0.012851600535213947
v 0.02929670177400112 -0.004290470387786627 0.017064601182937622
v -0.034685902297496796 -0.0010004100622609258 0.014732601121068
v -0.03327859938144684 -0.0010004100622609258 0.010788300074636936
v -0.034685298800468445 0.0009995900327339768 0.014730799943208694
v -0.033277902752161026 0.0009995900327339768 0.010786600410938263
v -0.034685298800468445 0.0009995900327339768 0.014730799943208694
v -0.03327859938144684 -0.0010004100622609258 0.010788300074636936
v -0.03327859938144684 -0.0010004100622609258 0.010788300074636936
v -0.03136700391769409 -0.0010004100622609258 0.007062070071697235
v -0.033277902752161026 0.0009995900327339768 0.010786600410938263
v -0.031366102397441864 0.0009995900327339768 0.007060700096189976
v -0.033277902752161026 0.0009995900327339768 0.010786600410938263
v -0.03136700391769409 -0.0010004100622609258 0.007062070071697235
v -0.03136700391769409 -0.0010004100622609258 0.007062070071697235
v -0.028984200209379196 -0.0010004100622609258 0.0036186801735311747
v -0.031366102397441864 0.0009995900327339768 0.007060700096189976
v -0.02898300066590309 0.0009995900327339768 0.003617140231654048
v -0.031366102397441864 0.0009995900327339768 0.007060700096189976
v -0.028984200209379196 -0.0010004100622609258 0.0036186801735311747
v -0.028984200209379196 -0.0010004100622609258 0.0036186801735311747
v -0.026171302422881126 -0.0010004100622609258 0.0005169500363990664
v -0.02898300066590309 0.0009995900327339768 0.003617140231654048
v -0.02616950124502182 0.0009995900327339768 0.0005152599769644439
v -0.02898300066590309 0.0009995900327339768 0.003617140231654048
v -0.026171302422881126 -0.0010004100622609258 0.0005169500363990664
v -0.026171302422881126 -0.0010004100622609258 0.0005169500363990664
v -0.022976001724600792 -0.0010004100622609258 -0.00219013006426394
v -0.02616950124502182 0.0009995900327339768 0.0005152599769644439
v -0.022974200546741486 0.0009995900327339768 -0.002191470004618168
v -0.02616950124502182 0.0009995900327339768 0.0005152599769644439
v -0.022976001724600792 -0.0010004100622609258 -0.00219013006426394
v -0.022976001724600792 -0.0010004100622609258 -0.00219013006426394
v -0.019453000277280807 -0.0010004100622609258 -0.004456019960343838
v -0.022974200546741486 0.0009995900327339768 -0.002191470004618168
v -0.01945190131664276 0.0009995900327339768 -0.004456650000065565
v -0.022974200546741486 0.0009995900327339768 -0.002191470004618168
v -0.019453000277280807 -0.0010004100622609258 -0.004456019960343838
v -0.019453000277280807 -0.0010004100622609258 -0.004456019960343838
v -0.01566380076110363 -0.0010004100622609258 -0.006240920163691044
v -0.01945190131664276 0.0009995900327339768 -0.004456650000065565
v -0.015663601458072662 0.0009995900327339768 -0.0062410105019807816
v -0.01945190131664276 0.0009995900327339768 -0.004456650000065565
v -0.01566380076110363 -0.0010004100622609258 -0.006240920163691044
v -0.01566380076110363 -0.0010004100622609258 -0.006240920163691044
v -0.011640801094472408 -0.000993330031633377 -0.007513630203902721
v -0.015663601458072662 0.0009995900327339768 -0.0062410105019807816
v -0.011673900298774242 0.0009995900327339768 -0.0075141205452382565
v -0.015663601458072662 0.0009995900327339768 -0.0062410105019807816
v -0.011640801094472408 -0.000993330031633377 -0.007513630203902721
v -0.024569202214479446 -0.006407140288501978 0.01432960107922554
v -0.025594200938940048 -0.006407140288501978 0.017125099897384644
v -0.025593701750040054 0.006406320258975029 0.017123199999332428
v -0.025593701750040054 0.006406320258975029 0.017123199999332428
v -0.02456800267100334 0.006406320258975029 0.014326999895274639
v -0.024569202214479446 -0.006407140288501978 0.01432960107922554
v -0.02318430133163929 -0.006407140288501978 0.01169390045106411
v -0.024569202214479446 -0.006407140288501978 0.01432960107922554
v -0.02456800267100334 0.006406320258975029 0.014326999895274639
v -0.02456800267100334 0.006406320258975029 0.014326999895274639
v -0.023182300850749016 0.006406320258975029 0.011690501123666763
v -0.02318430133163929 -0.006407140288501978 0.01169390045106411
v -0.021459000185132027 -0.006407140288501978 0.009257989935576916
v -0.02318430133163929 -0.006407140288501978 0.01169390045106411
v -0.023182300850749016 0.006406320258975029 0.011690501123666763
v -0.023182300850749016 0.006406320258975029 0.011690501123666763
v -0.02145570144057274 0.006406320258975029 0.009253899566829205
v -0.021459000185132027 -0.006407140288501978 0.009257989935576916
v -0.01944429986178875 -0.006407140288501978 0.00708838040009141
v -0.021459000185132027 -0.006407140288501978 0.009257989935576916
v -0.02145570144057274 0.006406320258975029 0.009253899566829205
v -0.02145570144057274 0.006406320258975029 0.009253899566829205
v -0.019440799951553345 0.006406320258975029 0.0070850905030965805
v -0.01944429986178875 -0.006407140288501978 0.00708838040009141
v -0.017348600551486015 -0.006407140288501978 0.005337690003216267
v -0.01944429986178875 -0.006407140288501978 0.00708838040009141
v -0.019440799951553345 0.006406320258975029 0.0070850905030965805
v -0.019440799951553345 0.006406320258975029 0.0070850905030965805
v -0.017346501350402832 0.006406320258975029 0.005336130503565073
v -0.017348600551486015 -0.006407140288501978 0.005337690003216267
v -0.017348600551486015 -0.006407140288501978 0.005337690003216267
v -0.017346501350402832 0.006406320258975029 0.005336130503565073
v -0.015287300571799278 0.006408050190657377 0.003986480180174112
v -0.015282200649380684 -0.00640734052285552 0.003980929963290691
v -0.017348600551486015 -0.006407140288501978 0.005337690003216267
v -0.015287300571799278 0.006408050190657377 0.003986480180174112
v -0.0053028203547000885 0.015399600379168987 -0.005303720477968454
v 4.799999828719592e-07 0.015399600379168987 -0.004500420298427343
v -0.0010008600074797869 0.015399600379168987 -0.004387600347399712
v -0.0062355403788387775 0.015399600379168987 -0.004167200066149235
v -0.0053028203547000885 0.015399600379168987 -0.005303720477968454
v -0.0010008600074797869 0.015399600379168987 -0.004387600347399712
v -0.0010008600074797869 0.015399600379168987 -0.004387600347399712
v -0.0019520000787451863 0.015399600379168987 -0.0040547801181674
v -0.0062355403788387775 0.015399600379168987 -0.004167200066149235
v -0.0062355403788387775 0.015399600379168987 -0.004167200066149235
v -0.0019520000787451863 0.015399600379168987 -0.0040547801181674
v -0.0028052201960235834 0.015399600379168987 -0.003518660319969058
v -0.006928610149770975 0.015399600379168987 -0.0028705501463264227
v -0.0062355403788387775 0.015399600379168987 -0.004167200066149235
v -0.0028052201960235834 0.015399600379168987 -0.003518660319969058
v -0.0028052201960235834 0.015399600379168987 -0.003518660319969058
v -0.003517760196700692 0.015399600379168987 -0.0028061200864613056
v -0.006928610149770975 0.015399600379168987 -0.0028705501463264227
v -0.006928610149770975 0.015399600379168987 -0.0028705501463264227
v -0.003517760196700692 0.015399600379168987 -0.0028061200864613056
v -0.004053880460560322 0.015399600379168987 -0.0019528999691829085
v -0.007355410605669022 0.015399600379168987 -0.0014636000851169229
v -0.006928610149770975 0.015399600379168987 -0.0028705501463264227
v -0.004053880460560322 0.015399600379168987 -0.0019528999691829085
v -0.004053880460560322 0.015399600379168987 -0.0019528999691829085
v -0.004386690445244312 0.015399600379168987 -0.001001760014332831
v -0.007355410605669022 0.015399600379168987 -0.0014636000851169229
v -0.007355410605669022 0.015399600379168987 -0.0014636000851169229
v -0.004386690445244312 0.015399600379168987 -0.001001760014332831
v -0.0044995201751589775 0.015399600379168987 -4.200000205401011e-07
v -0.00749952020123601 0.015399600379168987 -4.200000205401011e-07
v -0.007355410605669022 0.015399600379168987 -0.0014636000851169229
v -0.0044995201751589775 0.015399600379168987 -4.200000205401011e-07
v -0.0044995201751589775 0.015399600379168987 -4.200000205401011e-07
v -0.004386690445244312 0.015399600379168987 0.0010009299730882049
v -0.00749952020123601 0.015399600379168987 -4.200000205401011e-07
v -0.007355410605669022 0.015399600379168987 0.0014627600321546197
v -0.00749952020123601 0.015399600379168987 -4.200000205401011e-07
v -0.004386690445244312 0.015399600379168987 0.0010009299730882049
v -0.004386690445244312 0.015399600379168987 0.0010009299730882049
v -0.004053880460560322 0.015399600379168987 0.0019520600326359272
v -0.007355410605669022 0.015399600379168987 0.0014627600321546197
v -0.007355410605669022 0.015399600379168987 0.0014627600321546197
v -0.004053880460560322 0.015399600379168987 0.0019520600326359272
v -0.003517760196700692 0.015399600379168987 0.0028052800334990025
v -0.006928610149770975 0.015399600379168987 0.0028697100933641195
v -0.007355410605669022 0.015399600379168987 0.0014627600321546197
v -0.003517760196700692 0.015399600379168987 0.0028052800334990025
v -0.003517760196700692 0.015399600379168987 0.0028052800334990025
v -0.0028052201960235834 0.015399600379168987 0.0035178200341761112
v -0.006928610149770975 0.015399600379168987 0.0028697100933641195
v -0.006928610149770975 0.015399600379168987 0.0028697100933641195
v -0.0028052201960235834 0.015399600379168987 0.0035178200341761112
v -0.0019519900670275092 0.015399600379168987 0.004053940065205097
v -0.0062355403788387775 0.015399600379168987 0.004166360013186932
v -0.006928610149770975 0.015399600379168987 0.0028697100933641195
v -0.0019519900670275092 0.015399600379168987 0.004053940065205097
v -0.0019519900670275092 0.015399600379168987 0.004053940065205097
v -0.0010008600074797869 0.015399600379168987 0.004386759828776121
v -0.0062355403788387775 0.015399600379168987 0.004166360013186932
v -0.0062355403788387775 0.015399600379168987 0.004166360013186932
v -0.0010008600074797869 0.015399600379168987 0.004386759828776121
v 4.799999828719592e-07 0.015399600379168987 0.00449958024546504
v -0.0053028203547000885 0.015399600379168987 0.005302879959344864
v -0.0062355403788387775 0.015399600379168987 0.004166360013186932
v 0.005303780548274517 0.015399600379168987 0.005302879959344864
v -0.0021534801926463842 -0.010500400327146053 0.013225200586020947
v -0.004323699977248907 -0.010500400327146053 0.012682600878179073
v -0.0021534801926463842 0.010499601252377033 0.013225200586020947
v -0.004323710221797228 0.010499601252377033 0.012682600878179073
v -0.0021534801926463842 0.010499601252377033 0.013225200586020947
v -0.004323699977248907 -0.010500400327146053 0.012682600878179073
v -0.004323699977248907 -0.010500400327146053 0.012682600878179073
v -0.006373330485075712 -0.010500400327146053 0.011786500923335552
v -0.004323710221797228 0.010499601252377033 0.012682600878179073
v -0.006373330485075712 0.010499601252377033 0.011786500923335552
v -0.004323710221797228 0.010499601252377033 0.012682600878179073
v -0.006373330485075712 -0.010500400327146053 0.011786500923335552
v -0.006373330485075712 -0.010500400327146053 0.011786500923335552
v -0.008245260454714298 -0.010500400327146053 0.010562000796198845
v -0.006373330485075712 0.010499601252377033 0.011786500923335552
v -0.008245269767940044 0.010499601252377033 0.010562000796198845
v -0.006373330485075712 0.010499601252377033 0.011786500923335552
v -0.008245260454714298 -0.010500400327146053 0.010562000796198845
v -0.008245260454714298 -0.010500400327146053 0.010562000796198845
v -0.00988738052546978 -0.010500400327146053 0.009043239988386631
v -0.008245269767940044 0.010499601252377033 0.010562000796198845
v -0.00988738052546978 0.010499601252377033 0.009043239988386631
v -0.008245269767940044 0.010499601252377033 0.010562000796198845
v -0.00988738052546978 -0.010500400327146053 0.009043239988386631
v -0.00988738052546978 -0.010500400327146053 0.009043239988386631
v -0.01125389989465475 -0.010500400327146053 0.007272540591657162
v -0.00988738052546978 0.010499601252377033 0.009043239988386631
v -0.01125389989465475 0.010499601252377033 0.007272540591657162
v -0.00988738052546978 0.010499601252377033 0.009043239988386631
v -0.01125389989465475 -0.010500400327146053 0.007272540591657162
v -0.01125389989465475 -0.010500400327146053 0.007272540591657162
v -0.012306900694966316 -0.010500400327146053 0.005299250595271587
v -0.01125389989465475 0.010499601252377033 0.007272540591657162
v -0.012306900694966316 0.010499601252377033 0.005299250595271587
v -0.01125389989465475 0.010499601252377033 0.007272540591657162
v -0.012306900694966316 -0.010500400327146053 0.005299250595271587
v -0.012483300641179085 -0.006407390348613262 0.004902580287307501
v -0.012306900694966316 0.010499601252377033 0.005299250595271587
v -0.012306900694966316 -0.010500400327146053 0.005299250595271587
v -0.012714200653135777 -0.009072470478713512 0.004228620324283838
v -0.012483300641179085 -0.006407390348613262 0.004902580287307501
v -0.012306900694966316 -0.010500400327146053 0.005299250595271587
v -0.012306900694966316 0.010499601252377033 0.005299250595271587
v -0.012483300641179085 -0.006407390348613262 0.004902580287307501
v -0.012439600192010403 0.006406320258975029 0.004979750607162714
v -0.012306900694966316 0.010499601252377033 0.005299250595271587
v -0.012439600192010403 0.006406320258975029 0.004979750607162714
v -0.012687700800597668 0.009133630432188511 0.004259190056473017
v -0.013257000595331192 0.010505201295018196 0.0023251702077686787
v -0.012306900694966316 0.010499601252377033 0.005299250595271587
v -0.012687700800597668 0.009133630432188511 0.004259190056473017
v -0.01318960078060627 -0.010500400327146053 -0.002362550236284733
v -0.012579401023685932 -0.010500400327146053 -0.004616470076143742
v -0.012898600660264492 -0.009672719985246658 -0.003623350290581584
v -0.012579401023685932 0.010499601252377033 -0.004616470076143742
v -0.01318960078060627 0.010499601252377033 -0.002362550236284733
v -0.012884501367807388 0.009637190029025078 -0.003666470292955637
v -0.012884501367807388 0.009637190029025078 -0.003666470292955637
v -0.012213400565087795 0.007947970181703568 -0.0055056000128388405
v -0.012579401023685932 0.010499601252377033 -0.004616470076143742
v -0.011586800217628479 -0.010500400327146053 -0.006730740424245596
v -0.01221220102161169 -0.007941140793263912 -0.005512929987162352
v -0.012898600660264492 -0.009672719985246658 -0.003623350290581584
v -0.012579401023685932 -0.010500400327146053 -0.004616470076143742
v -0.011586800217628479 -0.010500400327146053 -0.006730740424245596
v -0.012898600660264492 -0.009672719985246658 -0.003623350290581584
v -0.011586800217628479 0.010499601252377033 -0.006730740424245596
v -0.012579401023685932 0.010499601252377033 -0.004616470076143742
v -0.012213400565087795 0.007947970181703568 -0.0055056000128388405
v -0.011511900462210178 -0.0060688103549182415 -0.006857620552182198
v -0.01221220102161169 -0.007941140793263912 -0.005512929987162352
v -0.011586800217628479 -0.010500400327146053 -0.006730740424245596
v -0.012213400565087795 0.007947970181703568 -0.0055056000128388405
v -0.011516599915921688 0.006082660518586636 -0.006850080564618111
v -0.011586800217628479 0.010499601252377033 -0.006730740424245596
v -0.0102420998737216 -0.010500400327146053 -0.008640529587864876
v -0.010670701041817665 0.0009992100531235337 -0.008112930692732334
v -0.010665100999176502 -0.0010003000497817993 -0.008111410774290562
v -0.0102420998737216 -0.010500400327146053 -0.008640529587864876
v -0.010665100999176502 -0.0010003000497817993 -0.008111410774290562
v -0.010834900662302971 -0.00355577003210783 -0.007890540175139904
v -0.0102420998737216 -0.010500400327146053 -0.008640529587864876
v -0.010834900662302971 -0.00355577003210783 -0.007890540175139904
v -0.011511900462210178 -0.0060688103549182415 -0.006857620552182198
v -0.011586800217628479 -0.010500400327146053 -0.006730740424245596
v -0.0102420998737216 -0.010500400327146053 -0.008640529587864876
v -0.011511900462210178 -0.0060688103549182415 -0.006857620552182198
v -0.011586800217628479 0.010499601252377033 -0.006730740424245596
v -0.011516599915921688 0.006082660518586636 -0.006850080564618111
v -0.010889500379562378 0.003538060002028942 -0.007819760590791702
v -0.010670701041817665 0.0009992100531235337 -0.008112930692732334
v -0.0102420998737216 -0.010500400327146053 -0.008640529587864876
v -0.0102420998737216 0.010499601252377033 -0.008640540763735771
v -0.010889500379562378 0.003538060002028942 -0.007819760590791702
v -0.010670701041817665 0.0009992100531235337 -0.008112930692732334
v -0.0102420998737216 0.010499601252377033 -0.008640540763735771
v -0.0102420998737216 0.010499601252377033 -0.008640540763735771
v -0.011586800217628479 0.010499601252377033 -0.006730740424245596
v -0.010889500379562378 0.003538060002028942 -0.007819760590791702
v -0.0102420998737216 -0.010500400327146053 -0.008640529587864876
v -0.008586260490119457 -0.010500400327146053 -0.010287799872457981
v -0.0102420998737216 0.010499601252377033 -0.008640540763735771
v -0.008586251176893711 0.010499601252377033 -0.010287799872457981
v -0.0102420998737216 0.010499601252377033 -0.008640540763735771
v -0.008586260490119457 -0.010500400327146053 -0.010287799872457981
v -0.008586260490119457 -0.010500400327146053 -0.010287799872457981
v -0.006669520400464535 -0.010500400327146053 -0.011622600257396698
v -0.008586251176893711 0.010499601252377033 -0.010287799872457981
v -0.006669510155916214 0.010499601252377033 -0.011622600257396698
v -0.008586251176893711 0.010499601252377033 -0.010287799872457981
v -0.006669520400464535 -0.010500400327146053 -0.011622600257396698
v -0.006669520400464535 -0.010500400327146053 -0.011622600257396698
v -0.004550130106508732 -0.010500400327146053 -0.012604201212525368
v -0.006669510155916214 0.010499601252377033 -0.011622600257396698
v -0.004550119861960411 0.010499601252377033 -0.012604201212525368
v -0.006669510155916214 0.010499601252377033 -0.011622600257396698
v -0.004550130106508732 -0.010500400327146053 -0.012604201212525368
v -0.004550130106508732 -0.010500400327146053 -0.012604201212525368
v -0.0022924800869077444 -0.010500400327146053 -0.013202900998294353
v -0.004550119861960411 0.010499601252377033 -0.012604201212525368
v -0.0022924700751900673 0.010499601252377033 -0.013202900998294353
v -0.004550119861960411 0.010499601252377033 -0.012604201212525368
v -0.0022924800869077444 -0.010500400327146053 -0.013202900998294353
v -0.035107001662254333 -0.004693230148404837 0.024050801992416382
v -0.035564400255680084 -0.0010004100622609258 0.018826300278306007
v -0.03567100316286087 -0.0029117600060999393 0.023411601781845093
v -0.035564400255680084 -0.0010004100622609258 0.018826300278306007
v -0.03589870408177376 -0.0010003000497817993 0.02304290048778057
v -0.03567100316286087 -0.0029117600060999393 0.023411601781845093
v -0.03446149826049805 -0.00429016025736928 0.016351299360394478
v -0.035564400255680084 -0.0010004100622609258 0.018826300278306007
v -0.035107001662254333 -0.004693230148404837 0.024050801992416382
v -0.030457401648163795 -0.009110510349273682 0.01915830187499523
v -0.029443200677633286 -0.009132030420005322 0.01542730163782835
v -0.03279479965567589 -0.0071270703338086605 0.017069201916456223
v -0.034685902297496796 -0.0010004100622609258 0.014732601121068
v -0.035564400255680084 -0.0010004100622609258 0.018826300278306007
v -0.03446149826049805 -0.00429016025736928 0.016351299360394478
v -0.030918700620532036 -0.0071270703338086605 0.011402100324630737
v -0.03279479965567589 -0.0071270703338086605 0.017069201916456223
v -0.029443200677633286 -0.009132030420005322 0.01542730163782835
v -0.03279479965567589 -0.0071270703338086605 0.017069201916456223
v -0.030918700620532036 -0.0071270703338086605 0.011402100324630737
v -0.03446149826049805 -0.00429016025736928 0.016351299360394478
v -0.03225469961762428 -0.00429016025736928 0.010038400068879128
v -0.03446149826049805 -0.00429016025736928 0.016351299360394478
v -0.030918700620532036 -0.0071270703338086605 0.011402100324630737
v -0.03225469961762428 -0.00429016025736928 0.010038400068879128
v -0.03327859938144684 -0.0010004100622609258 0.010788300074636936
v -0.034685902297496796 -0.0010004100622609258 0.014732601121068
v -0.03446149826049805 -0.00429016025736928 0.016351299360394478
v -0.03225469961762428 -0.00429016025736928 0.010038400068879128
v -0.034685902297496796 -0.0010004100622609258 0.014732601121068
v -0.029443200677633286 -0.009132030420005322 0.01542730163782835
v -0.027712101116776466 -0.009110510349273682 0.0109592005610466
v -0.030918700620532036 -0.0071270703338086605 0.011402100324630737
v -0.03136700391769409 -0.0010004100622609258 0.007062070071697235
v -0.03327859938144684 -0.0010004100622609258 0.010788300074636936
v -0.03225469961762428 -0.00429016025736928 0.010038400068879128
v -0.030918700620532036 -0.0071270703338086605 0.011402100324630737
v -0.027940399944782257 -0.0071270703338086605 0.006228630430996418
v -0.03225469961762428 -0.00429016025736928 0.010038400068879128
v -0.030918700620532036 -0.0071270703338086605 0.011402100324630737
v -0.027712101116776466 -0.009110510349273682 0.0109592005610466
v -0.02626260183751583 -0.009110510349273682 0.00852878950536251
v -0.027940399944782257 -0.0071270703338086605 0.006228630430996418
v -0.030918700620532036 -0.0071270703338086605 0.011402100324630737
v -0.02626260183751583 -0.009110510349273682 0.00852878950536251
v -0.03225469961762428 -0.00429016025736928 0.010038400068879128
v -0.028756901621818542 -0.00429016025736928 0.004338540136814117
v -0.03136700391769409 -0.0010004100622609258 0.007062070071697235
v -0.028756901621818542 -0.00429016025736928 0.004338540136814117
v -0.03225469961762428 -0.00429016025736928 0.010038400068879128
v -0.027940399944782257 -0.0071270703338086605 0.006228630430996418
v -0.028984200209379196 -0.0010004100622609258 0.0036186801735311747
v -0.03136700391769409 -0.0010004100622609258 0.007062070071697235
v -0.028756901621818542 -0.00429016025736928 0.004338540136814117
v -0.02626260183751583 -0.009110510349273682 0.00852878950536251
v -0.024562301114201546 -0.009110510349273682 0.006261490285396576
v -0.027940399944782257 -0.0071270703338086605 0.006228630430996418
v -0.027940399944782257 -0.0071270703338086605 0.006228630430996418
v -0.024562301114201546 -0.009110510349273682 0.006261490285396576
v -0.022664101794362068 -0.009110510349273682 0.004217140376567841
v -0.02398180030286312 -0.0071270703338086605 0.0017604001332074404
v -0.027940399944782257 -0.0071270703338086605 0.006228630430996418
v -0.022664101794362068 -0.009110510349273682 0.004217140376567841
v -0.027940399944782257 -0.0071270703338086605 0.006228630430996418
v -0.02398180030286312 -0.0071270703338086605 0.0017604001332074404
v -0.028756901621818542 -0.00429016025736928 0.004338540136814117
v -0.02412780188024044 -0.004290150478482246 -0.00048793002497404814
v -0.026171302422881126 -0.0010004100622609258 0.0005169500363990664
v -0.028984200209379196 -0.0010004100622609258 0.0036186801735311747
v -0.028756901621818542 -0.00429016025736928 0.004338540136814117
v -0.02412780188024044 -0.004290150478482246 -0.00048793002497404814
v -0.028984200209379196 -0.0010004100622609258 0.0036186801735311747
v -0.02412780188024044 -0.004290150478482246 -0.00048793002497404814
v -0.028756901621818542 -0.00429016025736928 0.004338540136814117
v -0.02398180030286312 -0.0071270703338086605 0.0017604001332074404
v -0.022664101794362068 -0.009110510349273682 0.004217140376567841
v -0.020671701058745384 -0.009110510349273682 0.0024663100484758615
v -0.02398180030286312 -0.0071270703338086605 0.0017604001332074404
v -0.022976001724600792 -0.0010004100622609258 -0.00219013006426394
v -0.026171302422881126 -0.0010004100622609258 0.0005169500363990664
v -0.02412780188024044 -0.004290150478482246 -0.00048793002497404814
v -0.02398180030286312 -0.0071270703338086605 0.0017604001332074404
v -0.020671701058745384 -0.009110510349273682 0.0024663100484758615
v -0.01869319938123226 -0.009110501036047935 0.001036000088788569
v -0.0192050002515316 -0.0071270703338086605 -0.0018196600722149014
v -0.02398180030286312 -0.0071270703338086605 0.0017604001332074404
v -0.01869319938123226 -0.009110501036047935 0.001036000088788569
v -0.02398180030286312 -0.0071270703338086605 0.0017604001332074404
v -0.0192050002515316 -0.0071270703338086605 -0.0018196600722149014
v -0.02412780188024044 -0.004290150478482246 -0.00048793002497404814
v -0.01869319938123226 -0.009110501036047935 0.001036000088788569
v -0.016780899837613106 -0.009110501036047935 -0.00010730000212788582
v -0.0192050002515316 -0.0071270703338086605 -0.0018196600722149014
v -0.018578900024294853 -0.004290150478482246 -0.004220570437610149
v -0.019453000277280807 -0.0010004100622609258 -0.004456019960343838
v -0.022976001724600792 -0.0010004100622609258 -0.00219013006426394
v -0.02412780188024044 -0.004290150478482246 -0.00048793002497404814
v -0.018578900024294853 -0.004290150478482246 -0.004220570437610149
v -0.022976001724600792 -0.0010004100622609258 -0.00219013006426394
v -0.018578900024294853 -0.004290150478482246 -0.004220570437610149
v -0.02412780188024044 -0.004290150478482246 -0.00048793002497404814
v -0.0192050002515316 -0.0071270703338086605 -0.0018196600722149014
v -0.01566380076110363 -0.0010004100622609258 -0.006240920163691044
v -0.019453000277280807 -0.0010004100622609258 -0.004456019960343838
v -0.018578900024294853 -0.004290150478482246 -0.004220570437610149
v -0.0192050002515316 -0.0071270703338086605 -0.0018196600722149014
v -0.016780899837613106 -0.009110501036047935 -0.00010730000212788582
v -0.01485429983586073 -0.009115360677242279 -0.001015450106933713
v -0.0192050002515316 -0.0071270703338086605 -0.0018196600722149014
v -0.01485429983586073 -0.009115360677242279 -0.001015450106933713
v -0.014191800728440285 -0.008099029771983624 -0.0030207301024347544
v -0.01346650067716837 -0.006754500325769186 -0.004844910465180874
v -0.0192050002515316 -0.0071270703338086605 -0.0018196600722149014
v -0.014191800728440285 -0.008099029771983624 -0.0030207301024347544
v -0.0192050002515316 -0.0071270703338086605 -0.0018196600722149014
v -0.01346650067716837 -0.006754500325769186 -0.004844910465180874
v -0.018578900024294853 -0.004290150478482246 -0.004220570437610149
v -0.018578900024294853 -0.004290150478482246 -0.004220570437610149
v -0.011884700506925583 -0.003198720049113035 -0.007207800168544054
v -0.01566380076110363 -0.0010004100622609258 -0.006240920163691044
v -0.018578900024294853 -0.004290150478482246 -0.004220570437610149
v -0.01346650067716837 -0.006754500325769186 -0.004844910465180874
v -0.01261149998754263 -0.004969850182533264 -0.006291300058364868
v -0.011884700506925583 -0.003198720049113035 -0.007207800168544054
v -0.018578900024294853 -0.004290150478482246 -0.004220570437610149
v -0.01261149998754263 -0.004969850182533264 -0.006291300058364868
v -0.01566380076110363 -0.0010004100622609258 -0.006240920163691044
v -0.011884700506925583 -0.003198720049113035 -0.007207800168544054
v -0.011640801094472408 -0.000993330031633377 -0.007513630203902721
v -0.0328030027449131 0.007124100346118212 0.017097201198339462
v -0.030543802306056023 0.0091096805408597 0.019728701561689377
v -0.030799701809883118 0.009110360406339169 0.023007700219750404
v -0.0328030027449131 0.007124100346118212 0.017097201198339462
v -0.030799701809883118 0.009110360406339169 0.023007700219750404
v -0.03224010393023491 0.008243749849498272 0.023041600361466408
v -0.03349440172314644 0.007123940158635378 0.023033199831843376
v -0.0328030027449131 0.007124100346118212 0.017097201198339462
v -0.03224010393023491 0.008243749849498272 0.023041600361466408
v -0.034467700868844986 0.00428640004247427 0.01637299917638302
v -0.0328030027449131 0.007124100346118212 0.017097201198339462
v -0.03349440172314644 0.007123940158635378 0.023033199831843376
v -0.034467700868844986 0.00428640004247427 0.01637299917638302
v -0.03349440172314644 0.007123940158635378 0.023033199831843376
v -0.03451860323548317 0.005790200550109148 0.023024801164865494
v -0.03527750074863434 0.004286590497940779 0.023016301915049553
v -0.034467700868844986 0.00428640004247427 0.01637299917638302
v -0.03451860323548317 0.005790200550109148 0.023024801164865494
v -0.034467700868844986 0.00428640004247427 0.01637299917638302
v -0.03527750074863434 0.004286590497940779 0.023016301915049553
v -0.03560410067439079 0.0009999900357797742 0.018944401293992996
v -0.029903201386332512 0.0091096805408597 0.016566099599003792
v -0.030543802306056023 0.0091096805408597 0.019728701561689377
v -0.0328030027449131 0.007124100346118212 0.017097201198339462
v -0.03560410067439079 0.0009999900357797742 0.018944401293992996
v -0.034685298800468445 0.0009995900327339768 0.014730799943208694
v -0.034467700868844986 0.00428640004247427 0.01637299917638302
v -0.03092990070581436 0.007124100346118212 0.011422201059758663
v -0.0328030027449131 0.007124100346118212 0.017097201198339462
v -0.034467700868844986 0.00428640004247427 0.01637299917638302
v -0.03092990070581436 0.007124100346118212 0.011422201059758663
v -0.028887800872325897 0.0091096805408597 0.013504501432180405
v -0.029903201386332512 0.0091096805408597 0.016566099599003792
v -0.0328030027449131 0.007124100346118212 0.017097201198339462
v -0.03092990070581436 0.007124100346118212 0.011422201059758663
v -0.029903201386332512 0.0091096805408597 0.016566099599003792
v -0.034467700868844986 0.00428640004247427 0.01637299917638302
v -0.034685298800468445 0.0009995900327339768 0.014730799943208694
v -0.033277902752161026 0.0009995900327339768 0.010786600410938263
v -0.03226330503821373 0.00428640004247427 0.010053900070488453
v -0.034467700868844986 0.00428640004247427 0.01637299917638302
v -0.033277902752161026 0.0009995900327339768 0.010786600410938263
v -0.034467700868844986 0.00428640004247427 0.01637299917638302
v -0.03226330503821373 0.00428640004247427 0.010053900070488453
v -0.03092990070581436 0.007124100346118212 0.011422201059758663
v -0.027512600645422935 0.0091096805408597 0.0105876000598073
v -0.028887800872325897 0.0091096805408597 0.013504501432180405
v -0.03092990070581436 0.007124100346118212 0.011422201059758663
v -0.033277902752161026 0.0009995900327339768 0.010786600410938263
v -0.031366102397441864 0.0009995900327339768 0.007060700096189976
v -0.03226330503821373 0.00428640004247427 0.010053900070488453
v -0.0279518011957407 0.007124100346118212 0.0062410105019807816
v -0.03092990070581436 0.007124100346118212 0.011422201059758663
v -0.03226330503821373 0.00428640004247427 0.010053900070488453
v -0.0279518011957407 0.007124100346118212 0.0062410105019807816
v -0.025792300701141357 0.0091096805408597 0.007850210182368755
v -0.027512600645422935 0.0091096805408597 0.0105876000598073
v -0.03092990070581436 0.007124100346118212 0.011422201059758663
v -0.0279518011957407 0.007124100346118212 0.0062410105019807816
v -0.027512600645422935 0.0091096805408597 0.0105876000598073
v -0.02876570075750351 0.00428640004247427 0.004348040092736483
v -0.03226330503821373 0.00428640004247427 0.010053900070488453
v -0.031366102397441864 0.0009995900327339768 0.007060700096189976
v -0.03226330503821373 0.00428640004247427 0.010053900070488453
v -0.02876570075750351 0.00428640004247427 0.004348040092736483
v -0.0279518011957407 0.007124100346118212 0.0062410105019807816
v -0.031366102397441864 0.0009995900327339768 0.007060700096189976
v -0.02898300066590309 0.0009995900327339768 0.003617140231654048
v -0.02876570075750351 0.00428640004247427 0.004348040092736483
v -0.023754499852657318 0.0091096805408597 0.005338950548321009
v -0.025792300701141357 0.0091096805408597 0.007850210182368755
v -0.0279518011957407 0.007124100346118212 0.0062410105019807816
v -0.0279518011957407 0.007124100346118212 0.0062410105019807816
v -0.023990901187062263 0.007124100346118212 0.0017660201992839575
v -0.023754499852657318 0.0091096805408597 0.005338950548321009
v -0.023990901187062263 0.007124100346118212 0.0017660201992839575
v -0.0279518011957407 0.007124100346118212 0.0062410105019807816
v -0.02876570075750351 0.00428640004247427 0.004348040092736483
v -0.02151540108025074 0.0091096805408597 0.00316539010964334
v -0.023754499852657318 0.0091096805408597 0.005338950548321009
v -0.023990901187062263 0.007124100346118212 0.0017660201992839575
v -0.02876570075750351 0.00428640004247427 0.004348040092736483
v -0.024134701117873192 0.00428640004247427 -0.0004836100270040333
v -0.023990901187062263 0.007124100346118212 0.0017660201992839575
v -0.02876570075750351 0.00428640004247427 0.004348040092736483
v -0.02898300066590309 0.0009995900327339768 0.003617140231654048
v -0.02616950124502182 0.0009995900327339768 0.0005152599769644439
v -0.024134701117873192 0.00428640004247427 -0.0004836100270040333
v -0.02876570075750351 0.00428640004247427 0.004348040092736483
v -0.02616950124502182 0.0009995900327339768 0.0005152599769644439
v -0.02616950124502182 0.0009995900327339768 0.0005152599769644439
v -0.022974200546741486 0.0009995900327339768 -0.002191470004618168
v -0.024134701117873192 0.00428640004247427 -0.0004836100270040333
v -0.0192096009850502 0.0071241105906665325 -0.0018192101269960403
v -0.019245700910687447 0.0091096805408597 0.0014082001289352775
v -0.02151540108025074 0.0091096805408597 0.00316539010964334
v -0.023990901187062263 0.007124100346118212 0.0017660201992839575
v -0.0192096009850502 0.0071241105906665325 -0.0018192101269960403
v -0.02151540108025074 0.0091096805408597 0.00316539010964334
v -0.0192096009850502 0.0071241105906665325 -0.0018192101269960403
v -0.023990901187062263 0.007124100346118212 0.0017660201992839575
v -0.024134701117873192 0.00428640004247427 -0.0004836100270040333
v -0.017047502100467682 0.009109689854085445 3.940999886253849e-05
v -0.019245700910687447 0.0091096805408597 0.0014082001289352775
v -0.0192096009850502 0.0071241105906665325 -0.0018192101269960403
v -0.024134701117873192 0.00428640004247427 -0.0004836100270040333
v -0.01858230121433735 0.00428640004247427 -0.004220070317387581
v -0.0192096009850502 0.0071241105906665325 -0.0018192101269960403
v -0.024134701117873192 0.00428640004247427 -0.0004836100270040333
v -0.022974200546741486 0.0009995900327339768 -0.002191470004618168
v -0.01945190131664276 0.0009995900327339768 -0.004456650000065565
v -0.01858230121433735 0.00428640004247427 -0.004220070317387581
v -0.024134701117873192 0.00428640004247427 -0.0004836100270040333
v -0.01945190131664276 0.0009995900327339768 -0.004456650000065565
v -0.01945190131664276 0.0009995900327339768 -0.004456650000065565
v -0.015663601458072662 0.0009995900327339768 -0.0062410105019807816
v -0.01858230121433735 0.00428640004247427 -0.004220070317387581
v -0.013792300596833229 0.007109960541129112 -0.004352380055934191
v -0.0192096009850502 0.0071241105906665325 -0.0018192101269960403
v -0.01858230121433735 0.00428640004247427 -0.004220070317387581
v -0.011981100775301456 0.0031716099474579096 -0.0071603599935770035
v -0.01858230121433735 0.00428640004247427 -0.004220070317387581
v -0.015663601458072662 0.0009995900327339768 -0.0062410105019807816
v -0.015663601458072662 0.0009995900327339768 -0.0062410105019807816
v -0.011673900298774242 0.0009995900327339768 -0.0075141205452382565
v -0.011981100775301456 0.0031716099474579096 -0.0071603599935770035
v -0.030543802306056023 0.0091096805408597 0.019728701561689377
v -0.029333101585507393 0.00940134096890688 0.02294980175793171
v -0.030083801597356796 0.009354250505566597 0.02299640141427517
v -0.030799701809883118 0.009110360406339169 0.023007700219750404
v -0.030543802306056023 0.0091096805408597 0.019728701561689377
v -0.030083801597356796 0.009354250505566597 0.02299640141427517
v -0.0265951007604599 0.0071556102484464645 0.02301960065960884
v -0.02687470242381096 0.007856760174036026 0.023002400994300842
v -0.026241401210427284 0.006406320258975029 0.020031601190567017
v -0.026241401210427284 0.006406320258975029 0.020031601190567017
v -0.02650030143558979 0.006406799890100956 0.0230306014418602
v -0.0265951007604599 0.0071556102484464645 0.02301960065960884
v -0.02687470242381096 0.007856760174036026 0.023002400994300842
v -0.026292402297258377 0.007857240736484528 0.018315201625227928
v -0.026241401210427284 0.006406320258975029 0.020031601190567017
v -0.027277400717139244 0.008947020396590233 0.018001200631260872
v -0.026292402297258377 0.007857240736484528 0.018315201625227928
v -0.02687470242381096 0.007856760174036026 0.023002400994300842
v -0.027277400717139244 0.008947020396590233 0.018001200631260872
v -0.02687470242381096 0.007856760174036026 0.023002400994300842
v -0.02731970138847828 0.008466389961540699 0.02300950139760971
v -0.02790370211005211 0.00894572027027607 0.022999702021479607
v -0.027277400717139244 0.008947020396590233 0.018001200631260872
v -0.02731970138847828 0.008466389961540699 0.02300950139760971
v -0.028631001710891724 0.009401720948517323 0.017515601590275764
v -0.027277400717139244 0.008947020396590233 0.018001200631260872
v -0.02790370211005211 0.00894572027027607 0.022999702021479607
v -0.028631001710891724 0.009401720948517323 0.017515601590275764
v -0.02790370211005211 0.00894572027027607 0.022999702021479607
v -0.028587400913238525 0.009264551103115082 0.02300110086798668
v -0.029333101585507393 0.00940134096890688 0.02294980175793171
v -0.028631001710891724 0.009401720948517323 0.017515601590275764
v -0.028587400913238525 0.009264551103115082 0.02300110086798668
v -0.028631001710891724 0.009401720948517323 0.017515601590275764
v -0.029333101585507393 0.00940134096890688 0.02294980175793171
v -0.030543802306056023 0.0091096805408597 0.019728701561689377
v -0.030543802306056023 0.0091096805408597 0.019728701561689377
v -0.029903201386332512 0.0091096805408597 0.016566099599003792
v -0.028631001710891724 0.009401720948517323 0.017515601590275764
v -0.025593701750040054 0.006406320258975029 0.017123199999332428
v -0.026241401210427284 0.006406320258975029 0.020031601190567017
v -0.026292402297258377 0.007857240736484528 0.018315201625227928
v -0.024771099910140038 0.007857240736484528 0.013868200592696667
v -0.026292402297258377 0.007857240736484528 0.018315201625227928
v -0.027277400717139244 0.008947020396590233 0.018001200631260872
v -0.024771099910140038 0.007857240736484528 0.013868200592696667
v -0.02456800267100334 0.006406320258975029 0.014326999895274639
v -0.025593701750040054 0.006406320258975029 0.017123199999332428
v -0.026292402297258377 0.007857240736484528 0.018315201625227928
v -0.024771099910140038 0.007857240736484528 0.013868200592696667
v -0.025593701750040054 0.006406320258975029 0.017123199999332428
v -0.025633500888943672 0.008947020396590233 0.013279100880026817
v -0.027277400717139244 0.008947020396590233 0.018001200631260872
v -0.028631001710891724 0.009401720948517323 0.017515601590275764
v -0.027277400717139244 0.008947020396590233 0.018001200631260872
v -0.025633500888943672 0.008947020396590233 0.013279100880026817
v -0.024771099910140038 0.007857240736484528 0.013868200592696667
v -0.028631001710891724 0.009401720948517323 0.017515601590275764
v -0.02677770145237446 0.009401720948517323 0.012359300628304482
v -0.025633500888943672 0.008947020396590233 0.013279100880026817
v -0.028631001710891724 0.009401720948517323 0.017515601590275764
v -0.029903201386332512 0.0091096805408597 0.016566099599003792
v -0.028887800872325897 0.0091096805408597 0.013504501432180405
v -0.02677770145237446 0.009401720948517323 0.012359300628304482
v -0.028631001710891724 0.009401720948517323 0.017515601590275764
v -0.028887800872325897 0.0091096805408597 0.013504501432180405
v -0.028887800872325897 0.0091096805408597 0.013504501432180405
v -0.027512600645422935 0.0091096805408597 0.0105876000598073
v -0.02677770145237446 0.009401720948517323 0.012359300628304482
v -0.023182300850749016 0.006406320258975029 0.011690501123666763
v -0.02456800267100334 0.006406320258975029 0.014326999895274639
v -0.024771099910140038 0.007857240736484528 0.013868200592696667
v -0.02237360179424286 0.007857240736484528 0.009825699962675571
v -0.024771099910140038 0.007857240736484528 0.013868200592696667
v -0.025633500888943672 0.008947020396590233 0.013279100880026817
v -0.024771099910140038 0.007857240736484528 0.013868200592696667
v -0.02237360179424286 0.007857240736484528 0.009825699962675571
v -0.023182300850749016 0.006406320258975029 0.011690501123666763
v -0.023043900728225708 0.008947020396590233 0.009001870639622211
v -0.025633500888943672 0.008947020396590233 0.013279100880026817
v -0.02677770145237446 0.009401720948517323 0.012359300628304482
v -0.025633500888943672 0.008947020396590233 0.013279100880026817
v -0.023043900728225708 0.008947020396590233 0.009001870639622211
v -0.02237360179424286 0.007857240736484528 0.009825699962675571
v -0.02677770145237446 0.009401720948517323 0.012359300628304482
v -0.027512600645422935 0.0091096805408597 0.0105876000598073
v -0.025792300701141357 0.0091096805408597 0.007850210182368755
v -0.023859800770878792 0.009401720948517323 0.007721650414168835
v -0.02677770145237446 0.009401720948517323 0.012359300628304482
v -0.025792300701141357 0.0091096805408597 0.007850210182368755
v -0.02677770145237446 0.009401720948517323 0.012359300628304482
v -0.023859800770878792 0.009401720948517323 0.007721650414168835
v -0.023043900728225708 0.008947020396590233 0.009001870639622211
v -0.02145570144057274 0.006406320258975029 0.009253899566829205
v -0.023182300850749016 0.006406320258975029 0.011690501123666763
v -0.02237360179424286 0.007857240736484528 0.009825699962675571
v -0.025792300701141357 0.0091096805408597 0.007850210182368755
v -0.023754499852657318 0.0091096805408597 0.005338950548321009
v -0.023859800770878792 0.009401720948517323 0.007721650414168835
v -0.01920109987258911 0.007857240736484528 0.006357999984174967
v -0.019440799951553345 0.006406320258975029 0.0070850905030965805
v -0.02145570144057274 0.006406320258975029 0.009253899566829205
v -0.02237360179424286 0.007857240736484528 0.009825699962675571
v -0.01920109987258911 0.007857240736484528 0.006357999984174967
v -0.02145570144057274 0.006406320258975029 0.009253899566829205
v -0.01920109987258911 0.007857240736484528 0.006357999984174967
v -0.02237360179424286 0.007857240736484528 0.009825699962675571
v -0.023043900728225708 0.008947020396590233 0.009001870639622211
v -0.019621701911091805 0.008947020396590233 0.005356380250304937
v -0.023043900728225708 0.008947020396590233 0.009001870639622211
v -0.023859800770878792 0.009401720948517323 0.007721650414168835
v -0.023043900728225708 0.008947020396590233 0.009001870639622211
v -0.019621701911091805 0.008947020396590233 0.005356380250304937
v -0.01920109987258911 0.007857240736484528 0.006357999984174967
v -0.023859800770878792 0.009401720948517323 0.007721650414168835
v -0.02001350186765194 0.009401720948517323 0.0038192900829017162
v -0.019621701911091805 0.008947020396590233 0.005356380250304937
v -0.023859800770878792 0.009401720948517323 0.007721650414168835
v -0.023754499852657318 0.0091096805408597 0.005338950548321009
v -0.02151540108025074 0.0091096805408597 0.00316539010964334
v -0.02001350186765194 0.009401720948517323 0.0038192900829017162
v -0.023859800770878792 0.009401720948517323 0.007721650414168835
v -0.02151540108025074 0.0091096805408597 0.00316539010964334
v -0.017346501350402832 0.006406320258975029 0.005336130503565073
v -0.019440799951553345 0.006406320258975029 0.0070850905030965805
v -0.01920109987258911 0.007857240736484528 0.006357999984174967
v -0.02151540108025074 0.0091096805408597 0.00316539010964334
v -0.019245700910687447 0.0091096805408597 0.0014082001289352775
v -0.02001350186765194 0.009401720948517323 0.0038192900829017162
v -0.015350701287388802 0.007891980931162834 0.0035376502200961113
v -0.015287300571799278 0.006408050190657377 0.003986480180174112
v -0.017346501350402832 0.006406320258975029 0.005336130503565073
v -0.01920109987258911 0.007857240736484528 0.006357999984174967
v -0.015350701287388802 0.007891980931162834 0.0035376502200961113
v -0.017346501350402832 0.006406320258975029 0.005336130503565073
v -0.015350701287388802 0.007891980931162834 0.0035376502200961113
v -0.01920109987258911 0.007857240736484528 0.006357999984174967
v -0.019621701911091805 0.008947020396590233 0.005356380250304937
v -0.015508000738918781 0.009084220044314861 0.002165050245821476
v -0.015350701287388802 0.007891980931162834 0.0035376502200961113
v -0.019621701911091805 0.008947020396590233 0.005356380250304937
v -0.015508000738918781 0.009084220044314861 0.002165050245821476
v -0.019621701911091805 0.008947020396590233 0.005356380250304937
v -0.02001350186765194 0.009401720948517323 0.0038192900829017162
v -0.02001350186765194 0.009401720948517323 0.0038192900829017162
v -0.019245700910687447 0.0091096805408597 0.0014082001289352775
v -0.017047502100467682 0.009109689854085445 3.940999886253849e-05
v -0.015508000738918781 0.009084220044314861 0.002165050245821476
v -0.02001350186765194 0.009401720948517323 0.0038192900829017162
v -0.017047502100467682 0.009109689854085445 3.940999886253849e-05
v -0.015189601108431816 0.009397060610353947 0.00020453000615816563
v -0.015508000738918781 0.009084220044314861 0.002165050245821476
v -0.017047502100467682 0.009109689854085445 3.940999886253849e-05
v -0.01493880059570074 0.009109689854085445 -0.0010176000650972128
v -0.015189601108431816 0.009397060610353947 0.00020453000615816563
v -0.017047502100467682 0.009109689854085445 3.940999886253849e-05
v -0.030457401648163795 -0.009110510349273682 0.01915830187499523
v -0.03079710155725479 -0.009114410728216171 0.02299090102314949
v -0.029330402612686157 -0.009407300502061844 0.02297450229525566
v -0.026872701942920685 -0.00785525981336832 0.022999100387096405
v -0.026497000828385353 -0.006407900247722864 0.02300490066409111
v -0.026241600513458252 -0.006407140288501978 0.020032601431012154
v -0.02629450149834156 -0.007855420932173729 0.018331199884414673
v -0.026872701942920685 -0.00785525981336832 0.022999100387096405
v -0.026241600513458252 -0.006407140288501978 0.020032601431012154
v -0.02731950208544731 -0.0084677804261446 0.023010700941085815
v -0.026872701942920685 -0.00785525981336832 0.022999100387096405
v -0.02629450149834156 -0.007855420932173729 0.018331199884414673
v -0.027901802211999893 -0.008946080692112446 0.02298559993505478
v -0.02731950208544731 -0.0084677804261446 0.023010700941085815
v -0.02629450149834156 -0.007855420932173729 0.018331199884414673
v -0.02727930247783661 -0.008946230635046959 0.018020501360297203
v -0.027901802211999893 -0.008946080692112446 0.02298559993505478
v -0.02629450149834156 -0.007855420932173729 0.018331199884414673
v -0.030457401648163795 -0.009110510349273682 0.01915830187499523
v -0.02813670039176941 -0.009434830397367477 0.015711400657892227
v -0.029443200677633286 -0.009132030420005322 0.01542730163782835
v -0.028587400913238525 -0.009266000241041183 0.02299869991838932
v -0.027901802211999893 -0.008946080692112446 0.02298559993505478
v -0.02727930247783661 -0.008946230635046959 0.018020501360297203
v -0.029330402612686157 -0.009407300502061844 0.02297450229525566
v -0.028587400913238525 -0.009266000241041183 0.02299869991838932
v -0.02727930247783661 -0.008946230635046959 0.018020501360297203
v -0.02813670039176941 -0.009434830397367477 0.015711400657892227
v -0.029330402612686157 -0.009407300502061844 0.02297450229525566
v -0.02727930247783661 -0.008946230635046959 0.018020501360297203
v -0.029330402612686157 -0.009407300502061844 0.02297450229525566
v -0.02813670039176941 -0.009434830397367477 0.015711400657892227
v -0.030457401648163795 -0.009110510349273682 0.01915830187499523
v -0.026241600513458252 -0.006407140288501978 0.020032601431012154
v -0.025594200938940048 -0.006407140288501978 0.017125099897384644
v -0.02629450149834156 -0.007855420932173729 0.018331199884414673
v -0.02629450149834156 -0.007855420932173729 0.018331199884414673
v -0.024774901568889618 -0.007855420932173729 0.013879900798201561
v -0.02727930247783661 -0.008946230635046959 0.018020501360297203
v -0.02629450149834156 -0.007855420932173729 0.018331199884414673
v -0.025594200938940048 -0.006407140288501978 0.017125099897384644
v -0.024569202214479446 -0.006407140288501978 0.01432960107922554
v -0.024774901568889618 -0.007855420932173729 0.013879900798201561
v -0.02629450149834156 -0.007855420932173729 0.018331199884414673
v -0.024569202214479446 -0.006407140288501978 0.01432960107922554
v -0.02727930247783661 -0.008946230635046959 0.018020501360297203
v -0.025637401267886162 -0.008946230635046959 0.013293500989675522
v -0.02813670039176941 -0.009434830397367477 0.015711400657892227
v -0.025637401267886162 -0.008946230635046959 0.013293500989675522
v -0.02727930247783661 -0.008946230635046959 0.018020501360297203
v -0.024774901568889618 -0.007855420932173729 0.013879900798201561
v -0.027712101116776466 -0.009110510349273682 0.0109592005610466
v -0.029443200677633286 -0.009132030420005322 0.01542730163782835
v -0.02813670039176941 -0.009434830397367477 0.015711400657892227
v -0.024569202214479446 -0.006407140288501978 0.01432960107922554
v -0.02318430133163929 -0.006407140288501978 0.01169390045106411
v -0.024774901568889618 -0.007855420932173729 0.013879900798201561
v -0.025549201294779778 -0.00940238032490015 0.010135199874639511
v -0.027712101116776466 -0.009110510349273682 0.0109592005610466
v -0.02813670039176941 -0.009434830397367477 0.015711400657892227
v -0.025549201294779778 -0.00940238032490015 0.010135199874639511
v -0.02813670039176941 -0.009434830397367477 0.015711400657892227
v -0.025637401267886162 -0.008946230635046959 0.013293500989675522
v -0.02626260183751583 -0.009110510349273682 0.00852878950536251
v -0.027712101116776466 -0.009110510349273682 0.0109592005610466
v -0.025549201294779778 -0.00940238032490015 0.010135199874639511
v -0.024774901568889618 -0.007855420932173729 0.013879900798201561
v -0.02237739972770214 -0.007855410687625408 0.009833239950239658
v -0.025637401267886162 -0.008946230635046959 0.013293500989675522
v -0.02237739972770214 -0.007855410687625408 0.009833239950239658
v -0.024774901568889618 -0.007855420932173729 0.013879900798201561
v -0.02318430133163929 -0.006407140288501978 0.01169390045106411
v -0.025637401267886162 -0.008946230635046959 0.013293500989675522
v -0.023048002272844315 -0.008946230635046959 0.009011540561914444
v -0.025549201294779778 -0.00940238032490015 0.010135199874639511
v -0.023048002272844315 -0.008946230635046959 0.009011540561914444
v -0.025637401267886162 -0.008946230635046959 0.013293500989675522
v -0.02237739972770214 -0.007855410687625408 0.009833239950239658
v -0.02318430133163929 -0.006407140288501978 0.01169390045106411
v -0.021459000185132027 -0.006407140288501978 0.009257989935576916
v -0.02237739972770214 -0.007855410687625408 0.009833239950239658
v -0.022762199863791466 -0.00940238032490015 0.006431900430470705
v -0.025549201294779778 -0.00940238032490015 0.010135199874639511
v -0.023048002272844315 -0.008946230635046959 0.009011540561914444
v -0.022762199863791466 -0.00940238032490015 0.006431900430470705
v -0.024562301114201546 -0.009110510349273682 0.006261490285396576
v -0.02626260183751583 -0.009110510349273682 0.00852878950536251
v -0.025549201294779778 -0.00940238032490015 0.010135199874639511
v -0.022762199863791466 -0.00940238032490015 0.006431900430470705
v -0.02626260183751583 -0.009110510349273682 0.00852878950536251
v -0.022664101794362068 -0.009110510349273682 0.004217140376567841
v -0.024562301114201546 -0.009110510349273682 0.006261490285396576
v -0.022762199863791466 -0.00940238032490015 0.006431900430470705
v -0.02237739972770214 -0.007855410687625408 0.009833239950239658
v -0.01920340023934841 -0.007855410687625408 0.006362040527164936
v -0.023048002272844315 -0.008946230635046959 0.009011540561914444
v -0.02237739972770214 -0.007855410687625408 0.009833239950239658
v -0.021459000185132027 -0.006407140288501978 0.009257989935576916
v -0.01944429986178875 -0.006407140288501978 0.00708838040009141
v -0.01920340023934841 -0.007855410687625408 0.006362040527164936
v -0.02237739972770214 -0.007855410687625408 0.009833239950239658
v -0.01944429986178875 -0.006407140288501978 0.00708838040009141
v -0.023048002272844315 -0.008946230635046959 0.009011540561914444
v -0.01962440088391304 -0.008946230635046959 0.005362060386687517
v -0.022762199863791466 -0.00940238032490015 0.006431900430470705
v -0.01962440088391304 -0.008946230635046959 0.005362060386687517
v -0.023048002272844315 -0.008946230635046959 0.009011540561914444
v -0.01920340023934841 -0.007855410687625408 0.006362040527164936
v -0.019347401335835457 -0.00940238032490015 0.003298009978607297
v -0.022762199863791466 -0.00940238032490015 0.006431900430470705
v -0.01962440088391304 -0.008946230635046959 0.005362060386687517
v -0.019347401335835457 -0.00940238032490015 0.003298009978607297
v -0.020671701058745384 -0.009110510349273682 0.0024663100484758615
v -0.022664101794362068 -0.009110510349273682 0.004217140376567841
v -0.022762199863791466 -0.00940238032490015 0.006431900430470705
v -0.019347401335835457 -0.00940238032490015 0.003298009978607297
v -0.022664101794362068 -0.009110510349273682 0.004217140376567841
v -0.01944429986178875 -0.006407140288501978 0.00708838040009141
v -0.017348600551486015 -0.006407140288501978 0.005337690003216267
v -0.01920340023934841 -0.007855410687625408 0.006362040527164936
v -0.01869319938123226 -0.009110501036047935 0.001036000088788569
v -0.020671701058745384 -0.009110510349273682 0.0024663100484758615
v -0.019347401335835457 -0.00940238032490015 0.003298009978607297
v -0.01920340023934841 -0.007855410687625408 0.006362040527164936
v -0.01538650132715702 -0.007903370074927807 0.0035695801489055157
v -0.01962440088391304 -0.008946230635046959 0.005362060386687517
v -0.01920340023934841 -0.007855410687625408 0.006362040527164936
v -0.017348600551486015 -0.006407140288501978 0.005337690003216267
v -0.015282200649380684 -0.00640734052285552 0.003980929963290691
v -0.01920340023934841 -0.007855410687625408 0.006362040527164936
v -0.015282200649380684 -0.00640734052285552 0.003980929963290691
v -0.01538650132715702 -0.007903370074927807 0.0035695801489055157
v -0.01962440088391304 -0.008946230635046959 0.005362060386687517
v -0.015483301132917404 -0.009080430492758751 0.0021748000290244818
v -0.019347401335835457 -0.00940238032490015 0.003298009978607297
v -0.01962440088391304 -0.008946230635046959 0.005362060386687517
v -0.01538650132715702 -0.007903370074927807 0.0035695801489055157
v -0.015483301132917404 -0.009080430492758751 0.0021748000290244818
v -0.019347401335835457 -0.00940238032490015 0.003298009978607297
v -0.015483301132917404 -0.009080430492758751 0.0021748000290244818
v -0.015219500288367271 -0.009384650737047195 0.0002024200075538829
v -0.015219500288367271 -0.009384650737047195 0.0002024200075538829
v -0.016780899837613106 -0.009110501036047935 -0.00010730000212788582
v -0.01869319938123226 -0.009110501036047935 0.001036000088788569
v -0.019347401335835457 -0.00940238032490015 0.003298009978607297
v -0.015219500288367271 -0.009384650737047195 0.0002024200075538829
v -0.01869319938123226 -0.009110501036047935 0.001036000088788569
v -0.01485429983586073 -0.009115360677242279 -0.001015450106933713
v -0.016780899837613106 -0.009110501036047935 -0.00010730000212788582
v -0.015219500288367271 -0.009384650737047195 0.0002024200075538829
v -0.012483300641179085 -0.006407390348613262 0.004902580287307501
v -0.012711601331830025 -0.0064063905738294125 0.004504380282014608
v -0.012439600192010403 0.006406320258975029 0.004979750607162714
v -0.01274380087852478 0.006406940519809723 0.0044669900089502335
v -0.012439600192010403 0.006406320258975029 0.004979750607162714
v -0.012711601331830025 -0.0064063905738294125 0.004504380282014608
v -0.012711601331830025 -0.0064063905738294125 0.004504380282014608
v -0.013116300106048584 -0.006407060660421848 0.004109160043299198
v -0.01274380087852478 0.006406940519809723 0.0044669900089502335
v -0.013171500526368618 0.0064053405076265335 0.004066950175911188
v -0.01274380087852478 0.006406940519809723 0.0044669900089502335
v -0.013116300106048584 -0.006407060660421848 0.004109160043299198
v -0.013116300106048584 -0.006407060660421848 0.004109160043299198
v -0.01367180049419403 -0.006407290231436491 0.0038238801062107086
v -0.013171500526368618 0.0064053405076265335 0.004066950175911188
v -0.013634300790727139 0.0064048804342746735 0.003838650183752179
v -0.013171500526368618 0.0064053405076265335 0.004066950175911188
v -0.01367180049419403 -0.006407290231436491 0.0038238801062107086
v -0.01367180049419403 -0.006407290231436491 0.0038238801062107086
v -0.014166800305247307 -0.006406210362911224 0.0037286903243511915
v -0.013634300790727139 0.0064048804342746735 0.003838650183752179
v -0.014165700413286686 0.006405170075595379 0.003731410251930356
v -0.013634300790727139 0.0064048804342746735 0.003838650183752179
v -0.014166800305247307 -0.006406210362911224 0.0037286903243511915
v -0.014166800305247307 -0.006406210362911224 0.0037286903243511915
v -0.014748300425708294 -0.006405590567737818 0.0037748601753264666
v -0.014165700413286686 0.006405170075595379 0.003731410251930356
v -0.014789900742471218 0.006407950073480606 0.0037852602545171976
v -0.014165700413286686 0.006405170075595379 0.003731410251930356
v -0.014748300425708294 -0.006405590567737818 0.0037748601753264666
v -0.014748300425708294 -0.006405590567737818 0.0037748601753264666
v -0.015282200649380684 -0.00640734052285552 0.003980929963290691
v -0.014789900742471218 0.006407950073480606 0.0037852602545171976
v -0.015287300571799278 0.006408050190657377 0.003986480180174112
v -0.014789900742471218 0.006407950073480606 0.0037852602545171976
v -0.015282200649380684 -0.00640734052285552 0.003980929963290691
v -0.012439600192010403 0.006406320258975029 0.004979750607162714
v -0.012589400634169579 0.006406240165233612 0.004720380064100027
v -0.012687700800597668 0.009133630432188511 0.004259190056473017
v -0.012849900871515274 0.008843190968036652 0.00396175030618906
v -0.012687700800597668 0.009133630432188511 0.004259190056473017
v -0.012589400634169579 0.006406240165233612 0.004720380064100027
v -0.012687700800597668 0.009133630432188511 0.004259190056473017
v -0.012849900871515274 0.008843190968036652 0.00396175030618906
v -0.013257000595331192 0.010505201295018196 0.0023251702077686787
v -0.012589400634169579 0.006406240165233612 0.004720380064100027
v -0.01274380087852478 0.006406940519809723 0.0044669900089502335
v -0.012849900871515274 0.008843190968036652 0.00396175030618906
v -0.013470800593495369 0.010081600397825241 0.002146709943190217
v -0.013257000595331192 0.010505201295018196 0.0023251702077686787
v -0.012849900871515274 0.008843190968036652 0.00396175030618906
v -0.013196800835430622 0.008554610423743725 0.003611569991335273
v -0.012849900871515274 0.008843190968036652 0.00396175030618906
v -0.01274380087852478 0.006406940519809723 0.0044669900089502335
v -0.012849900871515274 0.008843190968036652 0.00396175030618906
v -0.013196800835430622 0.008554610423743725 0.003611569991335273
v -0.013470800593495369 0.010081600397825241 0.002146709943190217
v -0.01274380087852478 0.006406940519809723 0.0044669900089502335
v -0.013171500526368618 0.0064053405076265335 0.004066950175911188
v -0.013196800835430622 0.008554610423743725 0.003611569991335273
v -0.01369240041822195 0.010338899679481983 0.00010007000673795119
v -0.013257000595331192 0.010505201295018196 0.0023251702077686787
v -0.013470800593495369 0.010081600397825241 0.002146709943190217
v -0.013571600429713726 0.008346480317413807 0.0034035202115774155
v -0.013196800835430622 0.008554610423743725 0.003611569991335273
v -0.013171500526368618 0.0064053405076265335 0.004066950175911188
v -0.013196800835430622 0.008554610423743725 0.003611569991335273
v -0.013571600429713726 0.008346480317413807 0.0034035202115774155
v -0.013470800593495369 0.010081600397825241 0.002146709943190217
v -0.013470800593495369 0.010081600397825241 0.002146709943190217
v -0.013867100700736046 0.009629440493881702 0.0020219902507960796
v -0.01369240041822195 0.010338899679481983 0.00010007000673795119
v -0.013867100700736046 0.009629440493881702 0.0020219902507960796
v -0.013470800593495369 0.010081600397825241 0.002146709943190217
v -0.013571600429713726 0.008346480317413807 0.0034035202115774155
v -0.013171500526368618 0.0064053405076265335 0.004066950175911188
v -0.013634300790727139 0.0064048804342746735 0.003838650183752179
v -0.013571600429713726 0.008346480317413807 0.0034035202115774155
v -0.013571600429713726 0.008346480317413807 0.0034035202115774155
v -0.013982100412249565 0.008187870495021343 0.003286350052803755
v -0.013867100700736046 0.009629440493881702 0.0020219902507960796
v -0.013982100412249565 0.008187870495021343 0.003286350052803755
v -0.013571600429713726 0.008346480317413807 0.0034035202115774155
v -0.013634300790727139 0.0064048804342746735 0.003838650183752179
v -0.013634300790727139 0.0064048804342746735 0.003838650183752179
v -0.014165700413286686 0.006405170075595379 0.003731410251930356
v -0.013982100412249565 0.008187870495021343 0.003286350052803755
v -0.014079799875617027 0.009873640723526478 0.00014741001359652728
v -0.01369240041822195 0.010338899679481983 0.00010007000673795119
v -0.013867100700736046 0.009629440493881702 0.0020219902507960796
v -0.01431560143828392 0.009336610324680805 0.0019763100426644087
v -0.013867100700736046 0.009629440493881702 0.0020219902507960796
v -0.013982100412249565 0.008187870495021343 0.003286350052803755
v -0.013867100700736046 0.009629440493881702 0.0020219902507960796
v -0.01431560143828392 0.009336610324680805 0.0019763100426644087
v -0.014079799875617027 0.009873640723526478 0.00014741001359652728
v -0.014409800060093403 0.008076219819486141 0.003251550020650029
v -0.013982100412249565 0.008187870495021343 0.003286350052803755
v -0.014165700413286686 0.006405170075595379 0.003731410251930356
v -0.013982100412249565 0.008187870495021343 0.003286350052803755
v -0.014409800060093403 0.008076219819486141 0.003251550020650029
v -0.01431560143828392 0.009336610324680805 0.0019763100426644087
v -0.014165700413286686 0.006405170075595379 0.003731410251930356
v -0.014507800340652466 0.006404890213161707 0.0037535803858190775
v -0.014409800060093403 0.008076219819486141 0.003251550020650029
v -0.014529701322317123 0.00959005020558834 0.00018204002117272466
v -0.014079799875617027 0.009873640723526478 0.00014741001359652728
v -0.01431560143828392 0.009336610324680805 0.0019763100426644087
v -0.01431560143828392 0.009336610324680805 0.0019763100426644087
v -0.014901300892233849 0.009138560853898525 0.001998610096052289
v -0.014529701322317123 0.00959005020558834 0.00018204002117272466
v -0.014901300892233849 0.009138560853898525 0.001998610096052289
v -0.01431560143828392 0.009336610324680805 0.0019763100426644087
v -0.014409800060093403 0.008076219819486141 0.003251550020650029
v -0.014409800060093403 0.008076219819486141 0.003251550020650029
v -0.014858300797641277 0.008016250096261501 0.003307440085336566
v -0.014901300892233849 0.009138560853898525 0.001998610096052289
v -0.014858300797641277 0.008016250096261501 0.003307440085336566
v -0.014409800060093403 0.008076219819486141 0.003251550020650029
v -0.014507800340652466 0.006404890213161707 0.0037535803858190775
v -0.014507800340652466 0.006404890213161707 0.0037535803858190775
v -0.014789900742471218 0.006407950073480606 0.0037852602545171976
v -0.014858300797641277 0.008016250096261501 0.003307440085336566
v -0.014858401380479336 0.009461980313062668 0.00019548001000657678
v -0.014529701322317123 0.00959005020558834 0.00018204002117272466
v -0.014901300892233849 0.009138560853898525 0.001998610096052289
v -0.014858300797641277 0.008016250096261501 0.003307440085336566
v -0.015350701287388802 0.007891980931162834 0.0035376502200961113
v -0.014901300892233849 0.009138560853898525 0.001998610096052289
v -0.015350701287388802 0.007891980931162834 0.0035376502200961113
v -0.014858300797641277 0.008016250096261501 0.003307440085336566
v -0.014789900742471218 0.006407950073480606 0.0037852602545171976
v -0.015189601108431816 0.009397060610353947 0.00020453000615816563
v -0.014858401380479336 0.009461980313062668 0.00019548001000657678
v -0.014901300892233849 0.009138560853898525 0.001998610096052289
v -0.014789900742471218 0.006407950073480606 0.0037852602545171976
v -0.015287300571799278 0.006408050190657377 0.003986480180174112
v -0.015350701287388802 0.007891980931162834 0.0035376502200961113
v -0.015508000738918781 0.009084220044314861 0.002165050245821476
v -0.014901300892233849 0.009138560853898525 0.001998610096052289
v -0.015350701287388802 0.007891980931162834 0.0035376502200961113
v -0.014901300892233849 0.009138560853898525 0.001998610096052289
v -0.015508000738918781 0.009084220044314861 0.002165050245821476
v -0.015189601108431816 0.009397060610353947 0.00020453000615816563
v -0.013655400834977627 0.009953170083463192 -0.001216320088133216
v -0.013482701033353806 0.010327800177037716 -0.001346280099824071
v -0.01369240041822195 0.010338899679481983 0.00010007000673795119
v -0.01369240041822195 0.010338899679481983 0.00010007000673795119
v -0.014079799875617027 0.009873640723526478 0.00014741001359652728
v -0.013655400834977627 0.009953170083463192 -0.001216320088133216
v -0.013952100649476051 0.0096069211140275 -0.0011075701331719756
v -0.013655400834977627 0.009953170083463192 -0.001216320088133216
v -0.014079799875617027 0.009873640723526478 0.00014741001359652728
v -0.014079799875617027 0.009873640723526478 0.00014741001359652728
v -0.014529701322317123 0.00959005020558834 0.00018204002117272466
v -0.013952100649476051 0.0096069211140275 -0.0011075701331719756
v -0.014298001304268837 0.009367859922349453 -0.0010486501269042492
v -0.013952100649476051 0.0096069211140275 -0.0011075701331719756
v -0.014529701322317123 0.00959005020558834 0.00018204002117272466
v -0.014529701322317123 0.00959005020558834 0.00018204002117272466
v -0.014858401380479336 0.009461980313062668 0.00019548001000657678
v -0.014298001304268837 0.009367859922349453 -0.0010486501269042492
v -0.014665700495243073 0.009186860173940659 -0.0010136900236830115
v -0.014298001304268837 0.009367859922349453 -0.0010486501269042492
v -0.014858401380479336 0.009461980313062668 0.00019548001000657678
v -0.014858401380479336 0.009461980313062668 0.00019548001000657678
v -0.015189601108431816 0.009397060610353947 0.00020453000615816563
v -0.014665700495243073 0.009186860173940659 -0.0010136900236830115
v -0.014665700495243073 0.009186860173940659 -0.0010136900236830115
v -0.015189601108431816 0.009397060610353947 0.00020453000615816563
v -0.01493880059570074 0.009109689854085445 -0.0010176000650972128
v -0.01293920073658228 0.00941483024507761 -0.0035372802522033453
v -0.012884501367807388 0.009637190029025078 -0.003666470292955637
v -0.01318960078060627 0.010499601252377033 -0.002362550236284733
v -0.01318960078060627 0.010499601252377033 -0.002362550236284733
v -0.013482701033353806 0.010327800177037716 -0.001346280099824071
v -0.01293920073658228 0.00941483024507761 -0.0035372802522033453
v -0.012213400565087795 0.007947970181703568 -0.0055056000128388405
v -0.012884501367807388 0.009637190029025078 -0.003666470292955637
v -0.01293920073658228 0.00941483024507761 -0.0035372802522033453
v -0.012363600544631481 0.00769195007160306 -0.005233250558376312
v -0.012213400565087795 0.007947970181703568 -0.0055056000128388405
v -0.01293920073658228 0.00941483024507761 -0.0035372802522033453
v -0.01293920073658228 0.00941483024507761 -0.0035372802522033453
v -0.013118800707161427 0.00901344045996666 -0.0033270500134676695
v -0.012363600544631481 0.00769195007160306 -0.005233250558376312
v -0.013118800707161427 0.00901344045996666 -0.0033270500134676695
v -0.01293920073658228 0.00941483024507761 -0.0035372802522033453
v -0.013482701033353806 0.010327800177037716 -0.001346280099824071
v -0.011516599915921688 0.006082660518586636 -0.006850080564618111
v -0.012213400565087795 0.007947970181703568 -0.0055056000128388405
v -0.012363600544631481 0.00769195007160306 -0.005233250558376312
v -0.013482701033353806 0.010327800177037716 -0.001346280099824071
v -0.013655400834977627 0.009953170083463192 -0.001216320088133216
v -0.013118800707161427 0.00901344045996666 -0.0033270500134676695
v -0.012363600544631481 0.00769195007160306 -0.005233250558376312
v -0.011609700508415699 0.005816240329295397 -0.006704980041831732
v -0.011516599915921688 0.006082660518586636 -0.006850080564618111
v -0.010889500379562378 0.003538060002028942 -0.007819760590791702
v -0.011516599915921688 0.006082660518586636 -0.006850080564618111
v -0.011609700508415699 0.005816240329295397 -0.006704980041831732
v -0.013655400834977627 0.009953170083463192 -0.001216320088133216
v -0.013952100649476051 0.0096069211140275 -0.0011075701331719756
v -0.013118800707161427 0.00901344045996666 -0.0033270500134676695
v -0.012712900526821613 0.007440380286425352 -0.0049148802645504475
v -0.012363600544631481 0.00769195007160306 -0.005233250558376312
v -0.013118800707161427 0.00901344045996666 -0.0033270500134676695
v -0.012363600544631481 0.00769195007160306 -0.005233250558376312
v -0.012712900526821613 0.007440380286425352 -0.0049148802645504475
v -0.011609700508415699 0.005816240329295397 -0.006704980041831732
v -0.013118800707161427 0.00901344045996666 -0.0033270500134676695
v -0.013412900269031525 0.008650070987641811 -0.003173830220475793
v -0.012712900526821613 0.007440380286425352 -0.0049148802645504475
v -0.013412900269031525 0.008650070987641811 -0.003173830220475793
v -0.013118800707161427 0.00901344045996666 -0.0033270500134676695
v -0.013952100649476051 0.0096069211140275 -0.0011075701331719756
v -0.011931700631976128 0.00552365044131875 -0.006444110069423914
v -0.011609700508415699 0.005816240329295397 -0.006704980041831732
v -0.012712900526821613 0.007440380286425352 -0.0049148802645504475
v -0.011609700508415699 0.005816240329295397 -0.006704980041831732
v -0.011931700631976128 0.00552365044131875 -0.006444110069423914
v -0.010889500379562378 0.003538060002028942 -0.007819760590791702
v -0.01094450056552887 0.0009973801206797361 -0.007871400564908981
v -0.010670701041817665 0.0009992100531235337 -0.008112930692732334
v -0.010889500379562378 0.003538060002028942 -0.007819760590791702
v -0.010889500379562378 0.003538060002028942 -0.007819760590791702
v -0.011282199993729591 0.0033961301669478416 -0.007438800297677517
v -0.01094450056552887 0.0009973801206797361 -0.007871400564908981
v -0.011282199993729591 0.0033961301669478416 -0.007438800297677517
v -0.010889500379562378 0.003538060002028942 -0.007819760590791702
v -0.011931700631976128 0.00552365044131875 -0.006444110069423914
v -0.012712900526821613 0.007440380286425352 -0.0049148802645504475
v -0.013143100775778294 0.007238470483571291 -0.004663890227675438
v -0.011931700631976128 0.00552365044131875 -0.006444110069423914
v -0.013143100775778294 0.007238470483571291 -0.004663890227675438
v -0.012712900526821613 0.007440380286425352 -0.0049148802645504475
v -0.013412900269031525 0.008650070987641811 -0.003173830220475793
v -0.013412900269031525 0.008650070987641811 -0.003173830220475793
v -0.013772500678896904 0.008351240307092667 -0.0030814101919531822
v -0.013143100775778294 0.007238470483571291 -0.004663890227675438
v -0.013772500678896904 0.008351240307092667 -0.0030814101919531822
v -0.013412900269031525 0.008650070987641811 -0.003173830220475793
v -0.013952100649476051 0.0096069211140275 -0.0011075701331719756
v -0.013952100649476051 0.0096069211140275 -0.0011075701331719756
v -0.014298001304268837 0.009367859922349453 -0.0010486501269042492
v -0.013772500678896904 0.008351240307092667 -0.0030814101919531822
v -0.011931700631976128 0.00552365044131875 -0.006444110069423914
v -0.012315900065004826 0.005270400084555149 -0.006281849928200245
v -0.011282199993729591 0.0033961301669478416 -0.007438800297677517
v -0.012315900065004826 0.005270400084555149 -0.006281849928200245
v -0.011931700631976128 0.00552365044131875 -0.006444110069423914
v -0.013143100775778294 0.007238470483571291 -0.004663890227675438
v -0.011733800172805786 0.003197520272806287 -0.0071687400341033936
v -0.011358500458300114 0.000997810042463243 -0.007627730257809162
v -0.01094450056552887 0.0009973801206797361 -0.007871400564908981
v -0.011282199993729591 0.0033961301669478416 -0.007438800297677517
v -0.011733800172805786 0.003197520272806287 -0.0071687400341033936
v -0.01094450056552887 0.0009973801206797361 -0.007871400564908981
v -0.011733800172805786 0.003197520272806287 -0.0071687400341033936
v -0.011282199993729591 0.0033961301669478416 -0.007438800297677517
v -0.012315900065004826 0.005270400084555149 -0.006281849928200245
v -0.014298001304268837 0.009367859922349453 -0.0010486501269042492
v -0.014665700495243073 0.009186860173940659 -0.0010136900236830115
v -0.013772500678896904 0.008351240307092667 -0.0030814101919531822
v -0.013143100775778294 0.007238470483571291 -0.004663890227675438
v -0.013792300596833229 0.007109960541129112 -0.004352380055934191
v -0.012315900065004826 0.005270400084555149 -0.006281849928200245
v -0.013792300596833229 0.007109960541129112 -0.004352380055934191
v -0.013143100775778294 0.007238470483571291 -0.004663890227675438
v -0.013772500678896904 0.008351240307092667 -0.0030814101919531822
v -0.014188600704073906 0.008098260499536991 -0.0030337502248585224
v -0.013772500678896904 0.008351240307092667 -0.0030814101919531822
v -0.014665700495243073 0.009186860173940659 -0.0010136900236830115
v -0.013772500678896904 0.008351240307092667 -0.0030814101919531822
v -0.014188600704073906 0.008098260499536991 -0.0030337502248585224
v -0.013792300596833229 0.007109960541129112 -0.004352380055934191
v -0.012315900065004826 0.005270400084555149 -0.006281849928200245
v -0.012804200872778893 0.005004710517823696 -0.006274099927395582
v -0.011733800172805786 0.003197520272806287 -0.0071687400341033936
v -0.012804200872778893 0.005004710517823696 -0.006274099927395582
v -0.012315900065004826 0.005270400084555149 -0.006281849928200245
v -0.013792300596833229 0.007109960541129112 -0.004352380055934191
v -0.014188600704073906 0.008098260499536991 -0.0030337502248585224
v -0.014665700495243073 0.009186860173940659 -0.0010136900236830115
v -0.014330800622701645 0.008004720322787762 -0.0030122902244329453
v -0.013792300596833229 0.007109960541129112 -0.004352380055934191
v -0.014188600704073906 0.008098260499536991 -0.0030337502248585224
v -0.014330800622701645 0.008004720322787762 -0.0030122902244329453
v -0.011981100775301456 0.0031716099474579096 -0.0071603599935770035
v -0.011673900298774242 0.0009995900327339768 -0.0075141205452382565
v -0.011358500458300114 0.000997810042463243 -0.007627730257809162
v -0.011733800172805786 0.003197520272806287 -0.0071687400341033936
v -0.011981100775301456 0.0031716099474579096 -0.0071603599935770035
v -0.011358500458300114 0.000997810042463243 -0.007627730257809162
v -0.014665700495243073 0.009186860173940659 -0.0010136900236830115
v -0.01493880059570074 0.009109689854085445 -0.0010176000650972128
v -0.014330800622701645 0.008004720322787762 -0.0030122902244329453
v -0.010670701041817665 0.0009992100531235337 -0.008112930692732334
v -0.01094450056552887 0.0009973801206797361 -0.007871400564908981
v -0.010665100999176502 -0.0010003000497817993 -0.008111410774290562
v -0.010909001342952251 -0.0009957699803635478 -0.007891650311648846
v -0.010665100999176502 -0.0010003000497817993 -0.008111410774290562
v -0.01094450056552887 0.0009973801206797361 -0.007871400564908981
v -0.01094450056552887 0.0009973801206797361 -0.007871400564908981
v -0.011358500458300114 0.000997810042463243 -0.007627730257809162
v -0.010909001342952251 -0.0009957699803635478 -0.007891650311648846
v -0.011239800602197647 -0.0009991800179705024 -0.007682680618017912
v -0.010909001342952251 -0.0009957699803635478 -0.007891650311648846
v -0.011358500458300114 0.000997810042463243 -0.007627730257809162
v -0.011358500458300114 0.000997810042463243 -0.007627730257809162
v -0.011673900298774242 0.0009995900327339768 -0.0075141205452382565
v -0.011239800602197647 -0.0009991800179705024 -0.007682680618017912
v -0.011640801094472408 -0.000993330031633377 -0.007513630203902721
v -0.011239800602197647 -0.0009991800179705024 -0.007682680618017912
v -0.011673900298774242 0.0009995900327339768 -0.0075141205452382565
v -0.013554301112890244 -0.010505900718271732 -0.00044094002805650234
v -0.01318960078060627 -0.010500400327146053 -0.002362550236284733
v -0.012898600660264492 -0.009672719985246658 -0.003623350290581584
v -0.012898600660264492 -0.009672719985246658 -0.003623350290581584
v -0.012951000593602657 -0.009373720735311508 -0.0035042501986026764
v -0.013554301112890244 -0.010505900718271732 -0.00044094002805650234
v -0.012898600660264492 -0.009672719985246658 -0.003623350290581584
v -0.01221220102161169 -0.007941140793263912 -0.005512929987162352
v -0.012951000593602657 -0.009373720735311508 -0.0035042501986026764
v -0.01221220102161169 -0.007941140793263912 -0.005512929987162352
v -0.012343700975179672 -0.007747510448098183 -0.005266910418868065
v -0.012951000593602657 -0.009373720735311508 -0.0035042501986026764
v -0.013127900660037994 -0.009020620957016945 -0.003324800170958042
v -0.012951000593602657 -0.009373720735311508 -0.0035042501986026764
v -0.012343700975179672 -0.007747510448098183 -0.005266910418868065
v -0.012951000593602657 -0.009373720735311508 -0.0035042501986026764
v -0.013127900660037994 -0.009020620957016945 -0.003324800170958042
v -0.013554301112890244 -0.010505900718271732 -0.00044094002805650234
v -0.01221220102161169 -0.007941140793263912 -0.005512929987162352
v -0.011511900462210178 -0.0060688103549182415 -0.006857620552182198
v -0.012343700975179672 -0.007747510448098183 -0.005266910418868065
v -0.013650300912559032 -0.009957490488886833 -0.0012189900735393167
v -0.013554301112890244 -0.010505900718271732 -0.00044094002805650234
v -0.013127900660037994 -0.009020620957016945 -0.003324800170958042
v -0.011511900462210178 -0.0060688103549182415 -0.006857620552182198
v -0.011635201051831245 -0.0058056204579770565 -0.006687700282782316
v -0.012343700975179672 -0.007747510448098183 -0.005266910418868065
v -0.011511900462210178 -0.0060688103549182415 -0.006857620552182198
v -0.010834900662302971 -0.00355577003210783 -0.007890540175139904
v -0.011635201051831245 -0.0058056204579770565 -0.006687700282782316
v -0.012615700252354145 -0.007371339946985245 -0.005021729972213507
v -0.012343700975179672 -0.007747510448098183 -0.005266910418868065
v -0.011635201051831245 -0.0058056204579770565 -0.006687700282782316
v -0.012343700975179672 -0.007747510448098183 -0.005266910418868065
v -0.012615700252354145 -0.007371339946985245 -0.005021729972213507
v -0.013127900660037994 -0.009020620957016945 -0.003324800170958042
v -0.013923601247370243 -0.00963900052011013 -0.0011159400455653667
v -0.013650300912559032 -0.009957490488886833 -0.0012189900735393167
v -0.013127900660037994 -0.009020620957016945 -0.003324800170958042
v -0.013127900660037994 -0.009020620957016945 -0.003324800170958042
v -0.013377700932323933 -0.008697480894625187 -0.003185440320521593
v -0.013923601247370243 -0.00963900052011013 -0.0011159400455653667
v -0.013377700932323933 -0.008697480894625187 -0.003185440320521593
v -0.013127900660037994 -0.009020620957016945 -0.003324800170958042
v -0.012615700252354145 -0.007371339946985245 -0.005021729972213507
v -0.010834900662302971 -0.00355577003210783 -0.007890540175139904
v -0.011027900502085686 -0.0035286000929772854 -0.007647080346941948
v -0.011635201051831245 -0.0058056204579770565 -0.006687700282782316
v -0.010834900662302971 -0.00355577003210783 -0.007890540175139904
v -0.010665100999176502 -0.0010003000497817993 -0.008111410774290562
v -0.011027900502085686 -0.0035286000929772854 -0.007647080346941948
v -0.011903900653123856 -0.005556910298764706 -0.006463600322604179
v -0.011635201051831245 -0.0058056204579770565 -0.006687700282782316
v -0.011027900502085686 -0.0035286000929772854 -0.007647080346941948
v -0.011635201051831245 -0.0058056204579770565 -0.006687700282782316
v -0.011903900653123856 -0.005556910298764706 -0.006463600322604179
v -0.012615700252354145 -0.007371339946985245 -0.005021729972213507
v -0.010665100999176502 -0.0010003000497817993 -0.008111410774290562
v -0.010909001342952251 -0.0009957699803635478 -0.007891650311648846
v -0.011027900502085686 -0.0035286000929772854 -0.007647080346941948
v -0.014308900572359562 -0.009344580583274364 -0.0010449601104483008
v -0.013923601247370243 -0.00963900052011013 -0.0011159400455653667
v -0.013377700932323933 -0.008697480894625187 -0.003185440320521593
v -0.013693200424313545 -0.008417731150984764 -0.003093040082603693
v -0.013377700932323933 -0.008697480894625187 -0.003185440320521593
v -0.012615700252354145 -0.007371339946985245 -0.005021729972213507
v -0.013377700932323933 -0.008697480894625187 -0.003185440320521593
v -0.013693200424313545 -0.008417731150984764 -0.003093040082603693
v -0.014308900572359562 -0.009344580583274364 -0.0010449601104483008
v -0.011374100111424923 -0.0033625701908022165 -0.007372110150754452
v -0.011027900502085686 -0.0035286000929772854 -0.007647080346941948
v -0.010909001342952251 -0.0009957699803635478 -0.007891650311648846
v -0.011027900502085686 -0.0035286000929772854 -0.007647080346941948
v -0.011374100111424923 -0.0033625701908022165 -0.007372110150754452
v -0.011903900653123856 -0.005556910298764706 -0.006463600322604179
v -0.012615700252354145 -0.007371339946985245 -0.005021729972213507
v -0.013068700209259987 -0.00699306046590209 -0.0048552099615335464
v -0.013693200424313545 -0.008417731150984764 -0.003093040082603693
v -0.013068700209259987 -0.00699306046590209 -0.0048552099615335464
v -0.012615700252354145 -0.007371339946985245 -0.005021729972213507
v -0.011903900653123856 -0.005556910298764706 -0.006463600322604179
v -0.01223050057888031 -0.005328390281647444 -0.006305590271949768
v -0.011903900653123856 -0.005556910298764706 -0.006463600322604179
v -0.011374100111424923 -0.0033625701908022165 -0.007372110150754452
v -0.011903900653123856 -0.005556910298764706 -0.006463600322604179
v -0.01223050057888031 -0.005328390281647444 -0.006305590271949768
v -0.013068700209259987 -0.00699306046590209 -0.0048552099615335464
v -0.010909001342952251 -0.0009957699803635478 -0.007891650311648846
v -0.011239800602197647 -0.0009991800179705024 -0.007682680618017912
v -0.011374100111424923 -0.0033625701908022165 -0.007372110150754452
v -0.014191800728440285 -0.008099029771983624 -0.0030207301024347544
v -0.013693200424313545 -0.008417731150984764 -0.003093040082603693
v -0.013068700209259987 -0.00699306046590209 -0.0048552099615335464
v -0.013693200424313545 -0.008417731150984764 -0.003093040082603693
v -0.014191800728440285 -0.008099029771983624 -0.0030207301024347544
v -0.014308900572359562 -0.009344580583274364 -0.0010449601104483008
v -0.01346650067716837 -0.006754500325769186 -0.004844910465180874
v -0.013068700209259987 -0.00699306046590209 -0.0048552099615335464
v -0.01223050057888031 -0.005328390281647444 -0.006305590271949768
v -0.013068700209259987 -0.00699306046590209 -0.0048552099615335464
v -0.01346650067716837 -0.006754500325769186 -0.004844910465180874
v -0.014191800728440285 -0.008099029771983624 -0.0030207301024347544
v -0.01485429983586073 -0.009115360677242279 -0.001015450106933713
v -0.014308900572359562 -0.009344580583274364 -0.0010449601104483008
v -0.014191800728440285 -0.008099029771983624 -0.0030207301024347544
v -0.01223050057888031 -0.005328390281647444 -0.006305590271949768
v -0.01261149998754263 -0.004969850182533264 -0.006291300058364868
v -0.01346650067716837 -0.006754500325769186 -0.004844910465180874
v -0.01261149998754263 -0.004969850182533264 -0.006291300058364868
v -0.01223050057888031 -0.005328390281647444 -0.006305590271949768
v -0.011374100111424923 -0.0033625701908022165 -0.007372110150754452
v -0.011374100111424923 -0.0033625701908022165 -0.007372110150754452
v -0.011884700506925583 -0.003198720049113035 -0.007207800168544054
v -0.01261149998754263 -0.004969850182533264 -0.006291300058364868
v -0.011884700506925583 -0.003198720049113035 -0.007207800168544054
v -0.011374100111424923 -0.0033625701908022165 -0.007372110150754452
v -0.011239800602197647 -0.0009991800179705024 -0.007682680618017912
v -0.011239800602197647 -0.0009991800179705024 -0.007682680618017912
v -0.011640801094472408 -0.000993330031633377 -0.007513630203902721
v -0.011884700506925583 -0.003198720049113035 -0.007207800168544054
v -0.013554301112890244 -0.010505900718271732 -0.00044094002805650234
v -0.013650300912559032 -0.009957490488886833 -0.0012189900735393167
v -0.013732200488448143 -0.01026070024818182 0.0001135200000135228
v -0.014049599878489971 -0.009929290041327477 0.00015063000319059938
v -0.013732200488448143 -0.01026070024818182 0.0001135200000135228
v -0.013650300912559032 -0.009957490488886833 -0.0012189900735393167
v -0.013650300912559032 -0.009957490488886833 -0.0012189900735393167
v -0.013923601247370243 -0.00963900052011013 -0.0011159400455653667
v -0.014049599878489971 -0.009929290041327477 0.00015063000319059938
v -0.014429100789129734 -0.00963355042040348 0.00017846001719590276
v -0.014049599878489971 -0.009929290041327477 0.00015063000319059938
v -0.013923601247370243 -0.00963900052011013 -0.0011159400455653667
v -0.013923601247370243 -0.00963900052011013 -0.0011159400455653667
v -0.014308900572359562 -0.009344580583274364 -0.0010449601104483008
v -0.014429100789129734 -0.00963355042040348 0.00017846001719590276
v -0.01487790048122406 -0.009458570741117 0.00019826000789180398
v -0.014429100789129734 -0.00963355042040348 0.00017846001719590276
v -0.014308900572359562 -0.009344580583274364 -0.0010449601104483008
v -0.014308900572359562 -0.009344580583274364 -0.0010449601104483008
v -0.01485429983586073 -0.009115360677242279 -0.001015450106933713
v -0.01487790048122406 -0.009458570741117 0.00019826000789180398
v -0.015219500288367271 -0.009384650737047195 0.0002024200075538829
v -0.01487790048122406 -0.009458570741117 0.00019826000789180398
v -0.01485429983586073 -0.009115360677242279 -0.001015450106933713
v -0.012714200653135777 -0.009072470478713512 0.004228620324283838
v -0.012846000492572784 -0.008854580111801624 0.003981630317866802
v -0.012483300641179085 -0.006407390348613262 0.004902580287307501
v -0.012714200653135777 -0.009072470478713512 0.004228620324283838
v -0.012306900694966316 -0.010500400327146053 0.005299250595271587
v -0.01332160085439682 -0.010492799803614616 0.0020691300742328167
v -0.012846000492572784 -0.008854580111801624 0.003981630317866802
v -0.012714200653135777 -0.009072470478713512 0.004228620324283838
v -0.01332160085439682 -0.010492799803614616 0.0020691300742328167
v -0.012711601331830025 -0.0064063905738294125 0.004504380282014608
v -0.012483300641179085 -0.006407390348613262 0.004902580287307501
v -0.012846000492572784 -0.008854580111801624 0.003981630317866802
v -0.013088701292872429 -0.008631630800664425 0.0037030901294201612
v -0.012846000492572784 -0.008854580111801624 0.003981630317866802
v -0.01332160085439682 -0.010492799803614616 0.0020691300742328167
v -0.012846000492572784 -0.008854580111801624 0.003981630317866802
v -0.013088701292872429 -0.008631630800664425 0.0037030901294201612
v -0.012711601331830025 -0.0064063905738294125 0.004504380282014608
v -0.012923001311719418 -0.0064075100235641 0.004297380335628986
v -0.012711601331830025 -0.0064063905738294125 0.004504380282014608
v -0.013088701292872429 -0.008631630800664425 0.0037030901294201612
v -0.01332160085439682 -0.010492799803614616 0.0020691300742328167
v -0.013478401117026806 -0.010087700560688972 0.00215254002250731
v -0.013088701292872429 -0.008631630800664425 0.0037030901294201612
v -0.013116300106048584 -0.006407060660421848 0.004109160043299198
v -0.012923001311719418 -0.0064075100235641 0.004297380335628986
v -0.013088701292872429 -0.008631630800664425 0.0037030901294201612
v -0.013440600596368313 -0.008413930423557758 0.0034698001109063625
v -0.013088701292872429 -0.008631630800664425 0.0037030901294201612
v -0.013478401117026806 -0.010087700560688972 0.00215254002250731
v -0.013088701292872429 -0.008631630800664425 0.0037030901294201612
v -0.013440600596368313 -0.008413930423557758 0.0034698001109063625
v -0.013116300106048584 -0.006407060660421848 0.004109160043299198
v -0.013384600169956684 -0.006405470427125692 0.003964350093156099
v -0.013116300106048584 -0.006407060660421848 0.004109160043299198
v -0.013440600596368313 -0.008413930423557758 0.0034698001109063625
v -0.01332160085439682 -0.010492799803614616 0.0020691300742328167
v -0.013554301112890244 -0.010505900718271732 -0.00044094002805650234
v -0.013478401117026806 -0.010087700560688972 0.00215254002250731
v -0.013478401117026806 -0.010087700560688972 0.00215254002250731
v -0.013554301112890244 -0.010505900718271732 -0.00044094002805650234
v -0.013732200488448143 -0.01026070024818182 0.0001135200000135228
v -0.01377820037305355 -0.009707421064376831 0.0020413000602275133
v -0.013478401117026806 -0.010087700560688972 0.00215254002250731
v -0.013732200488448143 -0.01026070024818182 0.0001135200000135228
v -0.013478401117026806 -0.010087700560688972 0.00215254002250731
v -0.01377820037305355 -0.009707421064376831 0.0020413000602275133
v -0.013440600596368313 -0.008413930423557758 0.0034698001109063625
v -0.013440600596368313 -0.008413930423557758 0.0034698001109063625
v -0.01380430068820715 -0.008245990611612797 0.0033226902596652508
v -0.013384600169956684 -0.006405470427125692 0.003964350093156099
v -0.01380430068820715 -0.008245990611612797 0.0033226902596652508
v -0.013440600596368313 -0.008413930423557758 0.0034698001109063625
v -0.01377820037305355 -0.009707421064376831 0.0020413000602275133
v -0.01367180049419403 -0.006407290231436491 0.0038238801062107086
v -0.013384600169956684 -0.006405470427125692 0.003964350093156099
v -0.01380430068820715 -0.008245990611612797 0.0033226902596652508
v -0.014087201096117496 -0.009475219994783401 0.0019961700309067965
v -0.01377820037305355 -0.009707421064376831 0.0020413000602275133
v -0.013732200488448143 -0.01026070024818182 0.0001135200000135228
v -0.01377820037305355 -0.009707421064376831 0.0020413000602275133
v -0.014087201096117496 -0.009475219994783401 0.0019961700309067965
v -0.01380430068820715 -0.008245990611612797 0.0033226902596652508
v -0.013732200488448143 -0.01026070024818182 0.0001135200000135228
v -0.014049599878489971 -0.009929290041327477 0.00015063000319059938
v -0.014087201096117496 -0.009475219994783401 0.0019961700309067965
v -0.014166800305247307 -0.006406210362911224 0.0037286903243511915
v -0.01367180049419403 -0.006407290231436491 0.0038238801062107086
v -0.01380430068820715 -0.008245990611612797 0.0033226902596652508
v -0.01380430068820715 -0.008245990611612797 0.0033226902596652508
v -0.014364001341164112 -0.008079320192337036 0.003244060091674328
v -0.014166800305247307 -0.006406210362911224 0.0037286903243511915
v -0.014364001341164112 -0.008079320192337036 0.003244060091674328
v -0.01380430068820715 -0.008245990611612797 0.0033226902596652508
v -0.014087201096117496 -0.009475219994783401 0.0019961700309067965
v -0.014087201096117496 -0.009475219994783401 0.0019961700309067965
v -0.014454800635576248 -0.00927130039781332 0.001975440187379718
v -0.014364001341164112 -0.008079320192337036 0.003244060091674328
v -0.014454800635576248 -0.00927130039781332 0.001975440187379718
v -0.014087201096117496 -0.009475219994783401 0.0019961700309067965
v -0.014049599878489971 -0.009929290041327477 0.00015063000319059938
v -0.014049599878489971 -0.009929290041327477 0.00015063000319059938
v -0.014429100789129734 -0.00963355042040348 0.00017846001719590276
v -0.014454800635576248 -0.00927130039781332 0.001975440187379718
v -0.014748300425708294 -0.006405590567737818 0.0037748601753264666
v -0.014166800305247307 -0.006406210362911224 0.0037286903243511915
v -0.014364001341164112 -0.008079320192337036 0.003244060091674328
v -0.01496490091085434 -0.009129340760409832 0.0020082800183445215
v -0.014454800635576248 -0.00927130039781332 0.001975440187379718
v -0.014429100789129734 -0.00963355042040348 0.00017846001719590276
v -0.014454800635576248 -0.00927130039781332 0.001975440187379718
v -0.01496490091085434 -0.009129340760409832 0.0020082800183445215
v -0.014364001341164112 -0.008079320192337036 0.003244060091674328
v -0.014973300509154797 -0.008007200434803963 0.003333620261400938
v -0.014364001341164112 -0.008079320192337036 0.003244060091674328
v -0.01496490091085434 -0.009129340760409832 0.0020082800183445215
v -0.014364001341164112 -0.008079320192337036 0.003244060091674328
v -0.014973300509154797 -0.008007200434803963 0.003333620261400938
v -0.014748300425708294 -0.006405590567737818 0.0037748601753264666
v -0.014429100789129734 -0.00963355042040348 0.00017846001719590276
v -0.01487790048122406 -0.009458570741117 0.00019826000789180398
v -0.01496490091085434 -0.009129340760409832 0.0020082800183445215
v -0.01496490091085434 -0.009129340760409832 0.0020082800183445215
v -0.015483301132917404 -0.009080430492758751 0.0021748000290244818
v -0.014973300509154797 -0.008007200434803963 0.003333620261400938
v -0.015483301132917404 -0.009080430492758751 0.0021748000290244818
v -0.01496490091085434 -0.009129340760409832 0.0020082800183445215
v -0.01487790048122406 -0.009458570741117 0.00019826000789180398
v -0.01487790048122406 -0.009458570741117 0.00019826000789180398
v -0.015219500288367271 -0.009384650737047195 0.0002024200075538829
v -0.015483301132917404 -0.009080430492758751 0.0021748000290244818
v -0.015282200649380684 -0.00640734052285552 0.003980929963290691
v -0.014748300425708294 -0.006405590567737818 0.0037748601753264666
v -0.014973300509154797 -0.008007200434803963 0.003333620261400938
v -0.01538650132715702 -0.007903370074927807 0.0035695801489055157
v -0.014973300509154797 -0.008007200434803963 0.003333620261400938
v -0.015483301132917404 -0.009080430492758751 0.0021748000290244818
v -0.014973300509154797 -0.008007200434803963 0.003333620261400938
v -0.01538650132715702 -0.007903370074927807 0.0035695801489055157
v -0.015282200649380684 -0.00640734052285552 0.003980929963290691
v -0.008586260490119457 -0.010500400327146053 -0.010287799872457981
v -0.006067140493541956 -0.010600400157272816 -0.0044088102877140045
v -0.005017990246415138 -0.010600400157272816 -0.0055740103125572205
v -0.006669520400464535 -0.010500400327146053 -0.011622600257396698
v -0.008586260490119457 -0.010500400327146053 -0.010287799872457981
v -0.005017990246415138 -0.010600400157272816 -0.0055740103125572205
v -0.004550130106508732 -0.010500400327146053 -0.012604201212525368
v -0.006669520400464535 -0.010500400327146053 -0.011622600257396698
v -0.005017990246415138 -0.010600400157272816 -0.0055740103125572205
v -0.006373330485075712 -0.010500400327146053 0.011786500923335552
v -0.004323699977248907 -0.010500400327146053 0.012682600878179073
v -0.003749510273337364 -0.010600400157272816 0.0064947702921926975
v -0.005017990246415138 -0.010600400157272816 -0.0055740103125572205
v -0.0037495202850550413 -0.010600400157272816 -0.006495610345155001
v -0.004550130106508732 -0.010500400327146053 -0.012604201212525368
v -0.004550130106508732 -0.010500400327146053 -0.012604201212525368
v -0.0037495202850550413 -0.010600400157272816 -0.006495610345155001
v -0.0023171401116997004 -0.010600400157272816 -0.007133339997380972
v -0.0022924800869077444 -0.010500400327146053 -0.013202900998294353
v -0.004550130106508732 -0.010500400327146053 -0.012604201212525368
v -0.0023171401116997004 -0.010600400157272816 -0.007133339997380972
v -0.0021534801926463842 -0.010500400327146053 0.013225200586020947
v -0.0023171401116997004 -0.010600400157272816 0.007132500410079956
v -0.003749510273337364 -0.010600400157272816 0.0064947702921926975
v -0.004323699977248907 -0.010500400327146053 0.012682600878179073
v -0.0021534801926463842 -0.010500400327146053 0.013225200586020947
v -0.003749510273337364 -0.010600400157272816 0.0064947702921926975
v -0.007499509956687689 -0.015400401316583157 -4.200000205401011e-07
v -0.007355400361120701 -0.015400401316583157 -0.0014636000851169229
v -0.007499509956687689 -0.010600400157272816 -4.200000205401011e-07
v -0.00733562046661973 -0.010600400157272816 -0.0015597600722685456
v -0.007499509956687689 -0.010600400157272816 -4.200000205401011e-07
v -0.007355400361120701 -0.015400401316583157 -0.0014636000851169229
v -0.007355400361120701 -0.015400401316583157 -0.0014636000851169229
v -0.006928610149770975 -0.015400401316583157 -0.0028705501463264227
v -0.00733562046661973 -0.010600400157272816 -0.0015597600722685456
v -0.006851110141724348 -0.010600400157272816 -0.0030509501229971647
v -0.00733562046661973 -0.010600400157272816 -0.0015597600722685456
v -0.006928610149770975 -0.015400401316583157 -0.0028705501463264227
v -0.006928610149770975 -0.015400401316583157 -0.0028705501463264227
v -0.0062355403788387775 -0.015400401316583157 -0.004167200066149235
v -0.006851110141724348 -0.010600400157272816 -0.0030509501229971647
v -0.006067140493541956 -0.010600400157272816 -0.0044088102877140045
v -0.006851110141724348 -0.010600400157272816 -0.0030509501229971647
v -0.0062355403788387775 -0.015400401316583157 -0.004167200066149235
v -0.0062355403788387775 -0.015400401316583157 -0.004167200066149235
v -0.0053028203547000885 -0.015400401316583157 -0.005303720477968454
v -0.006067140493541956 -0.010600400157272816 -0.0044088102877140045
v -0.005017990246415138 -0.010600400157272816 -0.0055740103125572205
v -0.006067140493541956 -0.010600400157272816 -0.0044088102877140045
v -0.0053028203547000885 -0.015400401316583157 -0.005303720477968454
v -0.0053028203547000885 -0.015400401316583157 -0.005303720477968454
v -0.0041662901639938354 -0.015400401316583157 -0.006236440502107143
v -0.005017990246415138 -0.010600400157272816 -0.0055740103125572205
v -0.0037495202850550413 -0.010600400157272816 -0.006495610345155001
v -0.005017990246415138 -0.010600400157272816 -0.0055740103125572205
v -0.0041662901639938354 -0.015400401316583157 -0.006236440502107143
v -0.0041662901639938354 -0.015400401316583157 -0.006236440502107143
v -0.0028696400113403797 -0.015400401316583157 -0.006929520517587662
v -0.0037495202850550413 -0.010600400157272816 -0.006495610345155001
v -0.0023171401116997004 -0.010600400157272816 -0.007133339997380972
v -0.0037495202850550413 -0.010600400157272816 -0.006495610345155001
v -0.0028696400113403797 -0.015400401316583157 -0.006929520517587662
v -0.0028696400113403797 -0.015400401316583157 -0.006929520517587662
v -0.0014626900665462017 -0.015400401316583157 -0.0073563102632761
v -0.0023171401116997004 -0.010600400157272816 -0.007133339997380972
v -0.0014626900665462017 -0.015400401316583157 0.007355470675975084
v -0.0028696400113403797 -0.015400401316583157 0.006928680464625359
v -0.0023171401116997004 -0.010600400157272816 0.007132500410079956
v -0.003749510273337364 -0.010600400157272816 0.0064947702921926975
v -0.0023171401116997004 -0.010600400157272816 0.007132500410079956
v -0.0028696400113403797 -0.015400401316583157 0.006928680464625359
v -0.0028696400113403797 -0.015400401316583157 0.006928680464625359
v -0.0041662901639938354 -0.015400401316583157 0.00623560044914484
v -0.003749510273337364 -0.010600400157272816 0.0064947702921926975
v -0.005017990246415138 -0.010600400157272816 0.005573170259594917
v -0.003749510273337364 -0.010600400157272816 0.0064947702921926975
v -0.0041662901639938354 -0.015400401316583157 0.00623560044914484
v -0.0041662901639938354 -0.015400401316583157 0.00623560044914484
v -0.005302810575813055 -0.015400401316583157 0.005302879959344864
v -0.005017990246415138 -0.010600400157272816 0.005573170259594917
v -0.006067140493541956 -0.010600400157272816 0.004407970234751701
v -0.005017990246415138 -0.010600400157272816 0.005573170259594917
v -0.005302810575813055 -0.015400401316583157 0.005302879959344864
v -0.005302810575813055 -0.015400401316583157 0.005302879959344864
v -0.006235530134290457 -0.015400401316583157 0.004166360013186932
v -0.006067140493541956 -0.010600400157272816 0.004407970234751701
v -0.006851100362837315 -0.010600400157272816 0.003050100291147828
v -0.006067140493541956 -0.010600400157272816 0.004407970234751701
v -0.006235530134290457 -0.015400401316583157 0.004166360013186932
v -0.006235530134290457 -0.015400401316583157 0.004166360013186932
v -0.006928610149770975 -0.015400401316583157 0.0028697100933641195
v -0.006851100362837315 -0.010600400157272816 0.003050100291147828
v -0.00733562046661973 -0.010600400157272816 0.0015589201357215643
v -0.006851100362837315 -0.010600400157272816 0.003050100291147828
v -0.006928610149770975 -0.015400401316583157 0.0028697100933641195
v -0.006928610149770975 -0.015400401316583157 0.0028697100933641195
v -0.007355400361120701 -0.015400401316583157 0.0014627600321546197
v -0.00733562046661973 -0.010600400157272816 0.0015589201357215643
v -0.00733562046661973 -0.010600400157272816 0.0015589201357215643
v -0.007355400361120701 -0.015400401316583157 0.0014627600321546197
v -0.007499509956687689 -0.015400401316583157 -4.200000205401011e-07
v -0.007499509956687689 -0.010600400157272816 -4.200000205401011e-07
v -0.00733562046661973 -0.010600400157272816 0.0015589201357215643
v -0.007499509956687689 -0.015400401316583157 -4.200000205401011e-07
v -0.0021534801926463842 0.010499601252377033 0.013225200586020947
v -0.004323710221797228 0.010499601252377033 0.012682600878179073
v -0.0023171401116997004 0.010599600151181221 0.007132500410079956
v -0.00749952020123601 0.015399600379168987 -4.200000205401011e-07
v -0.007355410605669022 0.015399600379168987 0.0014627600321546197
v -0.00749952020123601 0.010599600151181221 -4.200000205401011e-07
v -0.00733562046661973 0.010599600151181221 0.0015589201357215643
v -0.00749952020123601 0.010599600151181221 -4.200000205401011e-07
v -0.007355410605669022 0.015399600379168987 0.0014627600321546197
v -0.007355410605669022 0.015399600379168987 0.0014627600321546197
v -0.006928610149770975 0.015399600379168987 0.0028697100933641195
v -0.00733562046661973 0.010599600151181221 0.0015589201357215643
v -0.006851110141724348 0.010599600151181221 0.003050100291147828
v -0.00733562046661973 0.010599600151181221 0.0015589201357215643
v -0.006928610149770975 0.015399600379168987 0.0028697100933641195
v -0.006928610149770975 0.015399600379168987 0.0028697100933641195
v -0.0062355403788387775 0.015399600379168987 0.004166360013186932
v -0.006851110141724348 0.010599600151181221 0.003050100291147828
v -0.006067140493541956 0.010599600151181221 0.004407970234751701
v -0.006851110141724348 0.010599600151181221 0.003050100291147828
v -0.0062355403788387775 0.015399600379168987 0.004166360013186932
v -0.0062355403788387775 0.015399600379168987 0.004166360013186932
v -0.0053028203547000885 0.015399600379168987 0.005302879959344864
v -0.006067140493541956 0.010599600151181221 0.004407970234751701
v -0.005018000490963459 0.010599600151181221 0.005573170259594917
v -0.006067140493541956 0.010599600151181221 0.004407970234751701
v -0.0053028203547000885 0.015399600379168987 0.005302879959344864
v -0.0053028203547000885 0.015399600379168987 0.005302879959344864
v -0.0041662901639938354 0.015399600379168987 0.00623560044914484
v -0.005018000490963459 0.010599600151181221 0.005573170259594917
v -0.0037495202850550413 0.010599600151181221 0.0064947702921926975
v -0.005018000490963459 0.010599600151181221 0.005573170259594917
v -0.0041662901639938354 0.015399600379168987 0.00623560044914484
v -0.0041662901639938354 0.015399600379168987 0.00623560044914484
v -0.0028696400113403797 0.015399600379168987 0.006928680464625359
v -0.0037495202850550413 0.010599600151181221 0.0064947702921926975
v -0.0023171401116997004 0.010599600151181221 0.007132500410079956
v -0.0037495202850550413 0.010599600151181221 0.0064947702921926975
v -0.0028696400113403797 0.015399600379168987 0.006928680464625359
v -0.0028696400113403797 0.015399600379168987 0.006928680464625359
v -0.0014626900665462017 0.015399600379168987 0.007355470675975084
v -0.0023171401116997004 0.010599600151181221 0.007132500410079956
v -0.004368760157376528 0.013899601064622402 0.001076500047929585
v -0.004386690445244312 0.015399600379168987 0.0010009299730882049
v -0.0044995201751589775 0.015399600379168987 -4.200000205401011e-07
v -0.0044995201751589775 0.013899601064622402 -4.200000205401011e-07
v -0.004368760157376528 0.013899601064622402 0.001076500047929585
v -0.0044995201751589775 0.015399600379168987 -4.200000205401011e-07
v -0.004053880460560322 0.015399600379168987 0.0019520600326359272
v -0.004386690445244312 0.015399600379168987 0.0010009299730882049
v -0.004368760157376528 0.013899601064622402 0.001076500047929585
v -0.004368760157376528 0.013899601064622402 0.001076500047929585
v -0.003984070383012295 0.013899601064622402 0.002090830123052001
v -0.004053880460560322 0.015399600379168987 0.0019520600326359272
v -0.003517760196700692 0.015399600379168987 0.0028052800334990025
v -0.004053880460560322 0.015399600379168987 0.0019520600326359272
v -0.003984070383012295 0.013899601064622402 0.002090830123052001
v -0.003984070383012295 0.013899601064622402 0.002090830123052001
v -0.0033678202889859676 0.013899601064622402 0.002983630169183016
v -0.003517760196700692 0.015399600379168987 0.0028052800334990025
v -0.0028052201960235834 0.015399600379168987 0.0035178200341761112
v -0.003517760196700692 0.015399600379168987 0.0028052800334990025
v -0.0033678202889859676 0.013899601064622402 0.002983630169183016
v -0.0033678202889859676 0.013899601064622402 0.002983630169183016
v -0.002555810147896409 0.013899601064622402 0.003703010268509388
v -0.0028052201960235834 0.015399600379168987 0.0035178200341761112
v -0.0019519900670275092 0.015399600379168987 0.004053940065205097
v -0.0028052201960235834 0.015399600379168987 0.0035178200341761112
v -0.002555810147896409 0.013899601064622402 0.003703010268509388
v -0.002555810147896409 0.013899601064622402 0.003703010268509388
v -0.0015952400863170624 0.013899601064622402 0.00420715007930994
v -0.0019519900670275092 0.015399600379168987 0.004053940065205097
v -0.0015952400863170624 0.013899601064622402 -0.004207990597933531
v -0.002555810147896409 0.013899601064622402 -0.003703850321471691
v -0.0019520000787451863 0.015399600379168987 -0.0040547801181674
v -0.0028052201960235834 0.015399600379168987 -0.003518660319969058
v -0.0019520000787451863 0.015399600379168987 -0.0040547801181674
v -0.002555810147896409 0.013899601064622402 -0.003703850321471691
v -0.002555810147896409 0.013899601064622402 -0.003703850321471691
v -0.0033678202889859676 0.013899601064622402 -0.0029844699893146753
v -0.0028052201960235834 0.015399600379168987 -0.003518660319969058
v -0.003517760196700692 0.015399600379168987 -0.0028061200864613056
v -0.0028052201960235834 0.015399600379168987 -0.003518660319969058
v -0.0033678202889859676 0.013899601064622402 -0.0029844699893146753
v -0.0033678202889859676 0.013899601064622402 -0.0029844699893146753
v -0.003984070383012295 0.013899601064622402 -0.002091670176014304
v -0.003517760196700692 0.015399600379168987 -0.0028061200864613056
v -0.004053880460560322 0.015399600379168987 -0.0019528999691829085
v -0.003517760196700692 0.015399600379168987 -0.0028061200864613056
v -0.003984070383012295 0.013899601064622402 -0.002091670176014304
v -0.003984070383012295 0.013899601064622402 -0.002091670176014304
v -0.004368760157376528 0.013899601064622402 -0.0010773401008918881
v -0.004053880460560322 0.015399600379168987 -0.0019528999691829085
v -0.004386690445244312 0.015399600379168987 -0.001001760014332831
v -0.004053880460560322 0.015399600379168987 -0.0019528999691829085
v -0.004368760157376528 0.013899601064622402 -0.0010773401008918881
v -0.004368760157376528 0.013899601064622402 -0.0010773401008918881
v -0.0044995201751589775 0.013899601064622402 -4.200000205401011e-07
v -0.004386690445244312 0.015399600379168987 -0.001001760014332831
v -0.0044995201751589775 0.015399600379168987 -4.200000205401011e-07
v -0.004386690445244312 0.015399600379168987 -0.001001760014332831
v -0.0044995201751589775 0.013899601064622402 -4.200000205401011e-07
v -0.0014627000782638788 0.015399600379168987 -0.0073563102632761
v -0.002869650023058057 0.015399600379168987 -0.006929520517587662
v -0.0023171501234173775 0.010599600151181221 -0.007133339997380972
v -0.0037495202850550413 0.010599600151181221 -0.006495610345155001
v -0.0023171501234173775 0.010599600151181221 -0.007133339997380972
v -0.002869650023058057 0.015399600379168987 -0.006929520517587662
v -0.002869650023058057 0.015399600379168987 -0.006929520517587662
v -0.004166299942880869 0.015399600379168987 -0.006236440502107143
v -0.0037495202850550413 0.010599600151181221 -0.006495610345155001
v -0.005018000490963459 0.010599600151181221 -0.0055740103125572205
v -0.0037495202850550413 0.010599600151181221 -0.006495610345155001
v -0.004166299942880869 0.015399600379168987 -0.006236440502107143
v -0.004166299942880869 0.015399600379168987 -0.006236440502107143
v -0.0053028203547000885 0.015399600379168987 -0.005303720477968454
v -0.005018000490963459 0.010599600151181221 -0.0055740103125572205
v -0.006067150272428989 0.010599600151181221 -0.0044088102877140045
v -0.005018000490963459 0.010599600151181221 -0.0055740103125572205
v -0.0053028203547000885 0.015399600379168987 -0.005303720477968454
v -0.0053028203547000885 0.015399600379168987 -0.005303720477968454
v -0.0062355403788387775 0.015399600379168987 -0.004167200066149235
v -0.006067150272428989 0.010599600151181221 -0.0044088102877140045
v -0.006851110141724348 0.010599600151181221 -0.0030509501229971647
v -0.006067150272428989 0.010599600151181221 -0.0044088102877140045
v -0.0062355403788387775 0.015399600379168987 -0.004167200066149235
v -0.0062355403788387775 0.015399600379168987 -0.004167200066149235
v -0.006928610149770975 0.015399600379168987 -0.0028705501463264227
v -0.006851110141724348 0.010599600151181221 -0.0030509501229971647
v -0.00733562046661973 0.010599600151181221 -0.0015597600722685456
v -0.006851110141724348 0.010599600151181221 -0.0030509501229971647
v -0.006928610149770975 0.015399600379168987 -0.0028705501463264227
v -0.006928610149770975 0.015399600379168987 -0.0028705501463264227
v -0.007355410605669022 0.015399600379168987 -0.0014636000851169229
v -0.00733562046661973 0.010599600151181221 -0.0015597600722685456
v -0.00733562046661973 0.010599600151181221 -0.0015597600722685456
v -0.007355410605669022 0.015399600379168987 -0.0014636000851169229
v -0.00749952020123601 0.015399600379168987 -4.200000205401011e-07
v -0.00749952020123601 0.010599600151181221 -4.200000205401011e-07
v -0.00733562046661973 0.010599600151181221 -0.0015597600722685456
v -0.00749952020123601 0.015399600379168987 -4.200000205401011e-07
v -0.03560410067439079 0.0009999900357797742 0.018944401293992996
v -0.034685902297496796 -0.0010004100622609258 0.014732601121068
v -0.034685298800468445 0.0009995900327339768 0.014730799943208694
v -0.035564400255680084 -0.0010004100622609258 0.018826300278306007
v -0.034685902297496796 -0.0010004100622609258 0.014732601121068
v -0.03560410067439079 0.0009999900357797742 0.018944401293992996
v -0.035564400255680084 -0.0010004100622609258 0.018826300278306007
v -0.03560410067439079 0.0009999900357797742 0.018944401293992996
v -0.03589960187673569 0.0010001800255849957 0.02302510105073452
v -0.035564400255680084 -0.0010004100622609258 0.018826300278306007
v -0.03589960187673569 0.0010001800255849957 0.02302510105073452
v -0.03589870408177376 -0.0010003000497817993 0.02304290048778057
v -0.026241401210427284 0.006406320258975029 0.020031601190567017
v -0.025593701750040054 0.006406320258975029 0.017123199999332428
v -0.025594200938940048 -0.006407140288501978 0.017125099897384644
v -0.026241600513458252 -0.006407140288501978 0.020032601431012154
v -0.026241401210427284 0.006406320258975029 0.020031601190567017
v -0.025594200938940048 -0.006407140288501978 0.017125099897384644
v -0.02650030143558979 0.006406799890100956 0.0230306014418602
v -0.026241401210427284 0.006406320258975029 0.020031601190567017
v -0.026241600513458252 -0.006407140288501978 0.020032601431012154
v -0.026497000828385353 -0.006407900247722864 0.02300490066409111
v -0.02650030143558979 0.006406799890100956 0.0230306014418602
v -0.026241600513458252 -0.006407140288501978 0.020032601431012154
v -0.017047502100467682 0.009109689854085445 3.940999886253849e-05
v -0.014330800622701645 0.008004720322787762 -0.0030122902244329453
v -0.01493880059570074 0.009109689854085445 -0.0010176000650972128
v -0.01858230121433735 0.00428640004247427 -0.004220070317387581
v -0.012804200872778893 0.005004710517823696 -0.006274099927395582
v -0.013792300596833229 0.007109960541129112 -0.004352380055934191
v -0.01858230121433735 0.00428640004247427 -0.004220070317387581
v -0.011981100775301456 0.0031716099474579096 -0.0071603599935770035
v -0.012804200872778893 0.005004710517823696 -0.006274099927395582
v -0.011981100775301456 0.0031716099474579096 -0.0071603599935770035
v -0.011733800172805786 0.003197520272806287 -0.0071687400341033936
v -0.012804200872778893 0.005004710517823696 -0.006274099927395582
v -0.004550119861960411 0.010499601252377033 -0.012604201212525368
v -0.0022924700751900673 0.010499601252377033 -0.013202900998294353
v -0.0023171501234173775 0.010599600151181221 -0.007133339997380972
v -0.004550119861960411 0.010499601252377033 -0.012604201212525368
v -0.0023171501234173775 0.010599600151181221 -0.007133339997380972
v -0.0037495202850550413 0.010599600151181221 -0.006495610345155001
v -0.006669510155916214 0.010499601252377033 -0.011622600257396698
v -0.004550119861960411 0.010499601252377033 -0.012604201212525368
v -0.0037495202850550413 0.010599600151181221 -0.006495610345155001
v -0.006669510155916214 0.010499601252377033 -0.011622600257396698
v -0.0037495202850550413 0.010599600151181221 -0.006495610345155001
v -0.005018000490963459 0.010599600151181221 -0.0055740103125572205
v -0.008586251176893711 0.010499601252377033 -0.010287799872457981
v -0.006669510155916214 0.010499601252377033 -0.011622600257396698
v -0.005018000490963459 0.010599600151181221 -0.0055740103125572205
v -0.008586251176893711 0.010499601252377033 -0.010287799872457981
v -0.005018000490963459 0.010599600151181221 -0.0055740103125572205
v -0.006067150272428989 0.010599600151181221 -0.0044088102877140045
v -0.0102420998737216 0.010499601252377033 -0.008640540763735771
v -0.008586251176893711 0.010499601252377033 -0.010287799872457981
v -0.006067150272428989 0.010599600151181221 -0.0044088102877140045
v -0.011586800217628479 0.010499601252377033 -0.006730740424245596
v -0.0102420998737216 0.010499601252377033 -0.008640540763735771
v -0.006067150272428989 0.010599600151181221 -0.0044088102877140045
v -0.011586800217628479 0.010499601252377033 -0.006730740424245596
v -0.006067150272428989 0.010599600151181221 -0.0044088102877140045
v -0.006851110141724348 0.010599600151181221 -0.0030509501229971647
v -0.012579401023685932 0.010499601252377033 -0.004616470076143742
v -0.011586800217628479 0.010499601252377033 -0.006730740424245596
v -0.006851110141724348 0.010599600151181221 -0.0030509501229971647
v -0.012579401023685932 0.010499601252377033 -0.004616470076143742
v -0.006851110141724348 0.010599600151181221 -0.0030509501229971647
v -0.00733562046661973 0.010599600151181221 -0.0015597600722685456
v -0.012579401023685932 0.010499601252377033 -0.004616470076143742
v -0.00733562046661973 0.010599600151181221 -0.0015597600722685456
v -0.01318960078060627 0.010499601252377033 -0.002362550236284733
v -0.01318960078060627 0.010499601252377033 -0.002362550236284733
v -0.00733562046661973 0.010599600151181221 -0.0015597600722685456
v -0.00749952020123601 0.010599600151181221 -4.200000205401011e-07
v -0.013257000595331192 0.010505201295018196 0.0023251702077686787
v -0.00749952020123601 0.010599600151181221 -4.200000205401011e-07
v -0.00733562046661973 0.010599600151181221 0.0015589201357215643
v -0.012306900694966316 0.010499601252377033 0.005299250595271587
v -0.013257000595331192 0.010505201295018196 0.0023251702077686787
v -0.00733562046661973 0.010599600151181221 0.0015589201357215643
v -0.01318960078060627 0.010499601252377033 -0.002362550236284733
v -0.01344630029052496 0.010502400808036327 -1.868999970611185e-05
v -0.013482701033353806 0.010327800177037716 -0.001346280099824071
v -0.013257000595331192 0.010505201295018196 0.0023251702077686787
v -0.01344630029052496 0.010502400808036327 -1.868999970611185e-05
v -0.00749952020123601 0.010599600151181221 -4.200000205401011e-07
v -0.01344630029052496 0.010502400808036327 -1.868999970611185e-05
v -0.01318960078060627 0.010499601252377033 -0.002362550236284733
v -0.00749952020123601 0.010599600151181221 -4.200000205401011e-07
v -0.01369240041822195 0.010338899679481983 0.00010007000673795119
v -0.013482701033353806 0.010327800177037716 -0.001346280099824071
v -0.01344630029052496 0.010502400808036327 -1.868999970611185e-05
v -0.013257000595331192 0.010505201295018196 0.0023251702077686787
v -0.01369240041822195 0.010338899679481983 0.00010007000673795119
v -0.01344630029052496 0.010502400808036327 -1.868999970611185e-05
v -0.0192096009850502 0.0071241105906665325 -0.0018192101269960403
v -0.014330800622701645 0.008004720322787762 -0.0030122902244329453
v -0.017047502100467682 0.009109689854085445 3.940999886253849e-05
v -0.0192096009850502 0.0071241105906665325 -0.0018192101269960403
v -0.013792300596833229 0.007109960541129112 -0.004352380055934191
v -0.014330800622701645 0.008004720322787762 -0.0030122902244329453
v -0.012306900694966316 0.010499601252377033 0.005299250595271587
v -0.00733562046661973 0.010599600151181221 0.0015589201357215643
v -0.006851110141724348 0.010599600151181221 0.003050100291147828
v -0.01125389989465475 0.010499601252377033 0.007272540591657162
v -0.012306900694966316 0.010499601252377033 0.005299250595271587
v -0.006851110141724348 0.010599600151181221 0.003050100291147828
v -0.01125389989465475 0.010499601252377033 0.007272540591657162
v -0.006851110141724348 0.010599600151181221 0.003050100291147828
v -0.006067140493541956 0.010599600151181221 0.004407970234751701
v -0.004323710221797228 0.010499601252377033 0.012682600878179073
v -0.006373330485075712 0.010499601252377033 0.011786500923335552
v -0.0023171401116997004 0.010599600151181221 0.007132500410079956
v -0.006373330485075712 0.010499601252377033 0.011786500923335552
v -0.0037495202850550413 0.010599600151181221 0.0064947702921926975
v -0.0023171401116997004 0.010599600151181221 0.007132500410079956
v -0.006373330485075712 0.010499601252377033 0.011786500923335552
v -0.008245269767940044 0.010499601252377033 0.010562000796198845
v -0.0037495202850550413 0.010599600151181221 0.0064947702921926975
v -0.008245269767940044 0.010499601252377033 0.010562000796198845
v -0.005018000490963459 0.010599600151181221 0.005573170259594917
v -0.0037495202850550413 0.010599600151181221 0.0064947702921926975
v -0.008245269767940044 0.010499601252377033 0.010562000796198845
v -0.00988738052546978 0.010499601252377033 0.009043239988386631
v -0.005018000490963459 0.010599600151181221 0.005573170259594917
v -0.00988738052546978 0.010499601252377033 0.009043239988386631
v -0.006067140493541956 0.010599600151181221 0.004407970234751701
v -0.005018000490963459 0.010599600151181221 0.005573170259594917
v -0.00988738052546978 0.010499601252377033 0.009043239988386631
v -0.01125389989465475 0.010499601252377033 0.007272540591657162
v -0.006067140493541956 0.010599600151181221 0.004407970234751701
v -0.0102420998737216 -0.010500400327146053 -0.008640529587864876
v -0.006067140493541956 -0.010600400157272816 -0.0044088102877140045
v -0.008586260490119457 -0.010500400327146053 -0.010287799872457981
v -0.011586800217628479 -0.010500400327146053 -0.006730740424245596
v -0.006067140493541956 -0.010600400157272816 -0.0044088102877140045
v -0.0102420998737216 -0.010500400327146053 -0.008640529587864876
v -0.011586800217628479 -0.010500400327146053 -0.006730740424245596
v -0.006851110141724348 -0.010600400157272816 -0.0030509501229971647
v -0.006067140493541956 -0.010600400157272816 -0.0044088102877140045
v -0.012579401023685932 -0.010500400327146053 -0.004616470076143742
v -0.006851110141724348 -0.010600400157272816 -0.0030509501229971647
v -0.011586800217628479 -0.010500400327146053 -0.006730740424245596
v -0.012579401023685932 -0.010500400327146053 -0.004616470076143742
v -0.00733562046661973 -0.010600400157272816 -0.0015597600722685456
v -0.006851110141724348 -0.010600400157272816 -0.0030509501229971647
v -0.01318960078060627 -0.010500400327146053 -0.002362550236284733
v -0.00733562046661973 -0.010600400157272816 -0.0015597600722685456
v -0.012579401023685932 -0.010500400327146053 -0.004616470076143742
v -0.01318960078060627 -0.010500400327146053 -0.002362550236284733
v -0.007499509956687689 -0.010600400157272816 -4.200000205401011e-07
v -0.00733562046661973 -0.010600400157272816 -0.0015597600722685456
v -0.01318960078060627 -0.010500400327146053 -0.002362550236284733
v -0.013554301112890244 -0.010505900718271732 -0.00044094002805650234
v -0.007499509956687689 -0.010600400157272816 -4.200000205401011e-07
v -0.013554301112890244 -0.010505900718271732 -0.00044094002805650234
v -0.00733562046661973 -0.010600400157272816 0.0015589201357215643
v -0.007499509956687689 -0.010600400157272816 -4.200000205401011e-07
v -0.013554301112890244 -0.010505900718271732 -0.00044094002805650234
v -0.01332160085439682 -0.010492799803614616 0.0020691300742328167
v -0.00733562046661973 -0.010600400157272816 0.0015589201357215643
v -0.012306900694966316 -0.010500400327146053 0.005299250595271587
v -0.006851100362837315 -0.010600400157272816 0.003050100291147828
v -0.01332160085439682 -0.010492799803614616 0.0020691300742328167
v -0.01332160085439682 -0.010492799803614616 0.0020691300742328167
v -0.006851100362837315 -0.010600400157272816 0.003050100291147828
v -0.00733562046661973 -0.010600400157272816 0.0015589201357215643
v -0.012306900694966316 -0.010500400327146053 0.005299250595271587
v -0.006067140493541956 -0.010600400157272816 0.004407970234751701
v -0.006851100362837315 -0.010600400157272816 0.003050100291147828
v -0.01125389989465475 -0.010500400327146053 0.007272540591657162
v -0.006067140493541956 -0.010600400157272816 0.004407970234751701
v -0.012306900694966316 -0.010500400327146053 0.005299250595271587
v -0.01125389989465475 -0.010500400327146053 0.007272540591657162
v -0.005017990246415138 -0.010600400157272816 0.005573170259594917
v -0.006067140493541956 -0.010600400157272816 0.004407970234751701
v -0.00988738052546978 -0.010500400327146053 0.009043239988386631
v -0.005017990246415138 -0.010600400157272816 0.005573170259594917
v -0.01125389989465475 -0.010500400327146053 0.007272540591657162
v -0.00988738052546978 -0.010500400327146053 0.009043239988386631
v -0.003749510273337364 -0.010600400157272816 0.0064947702921926975
v -0.005017990246415138 -0.010600400157272816 0.005573170259594917
v -0.008245260454714298 -0.010500400327146053 0.010562000796198845
v -0.003749510273337364 -0.010600400157272816 0.0064947702921926975
v -0.00988738052546978 -0.010500400327146053 0.009043239988386631
v -0.006373330485075712 -0.010500400327146053 0.011786500923335552
v -0.003749510273337364 -0.010600400157272816 0.0064947702921926975
v -0.008245260454714298 -0.010500400327146053 0.010562000796198845
v -0.035107001662254333 -0.004693230148404837 0.024050801992416382
v -0.03451860323548317 -0.005790960043668747 0.022991200909018517
v -0.03446149826049805 -0.00429016025736928 0.016351299360394478
v -0.03451860323548317 -0.005790960043668747 0.022991200909018517
v -0.03279479965567589 -0.0071270703338086605 0.017069201916456223
v -0.03446149826049805 -0.00429016025736928 0.016351299360394478
v -0.03451860323548317 -0.005790960043668747 0.022991200909018517
v -0.03349190205335617 -0.007126979995518923 0.0229979008436203
v -0.03279479965567589 -0.0071270703338086605 0.017069201916456223
v -0.03224020078778267 -0.008244520984590054 0.0230088010430336
v -0.03279479965567589 -0.0071270703338086605 0.017069201916456223
v -0.03349190205335617 -0.007126979995518923 0.0229979008436203
v -0.03224020078778267 -0.008244520984590054 0.0230088010430336
v -0.030457401648163795 -0.009110510349273682 0.01915830187499523
v -0.03279479965567589 -0.0071270703338086605 0.017069201916456223
v -0.03224020078778267 -0.008244520984590054 0.0230088010430336
v -0.03079710155725479 -0.009114410728216171 0.02299090102314949
v -0.030457401648163795 -0.009110510349273682 0.01915830187499523
v -0.03589960187673569 0.0010001800255849957 0.02302510105073452
v -0.03560410067439079 0.0009999900357797742 0.018944401293992996
v -0.035695500671863556 0.0030573902186006308 0.023433100432157516
v -0.03560410067439079 0.0009999900357797742 0.018944401293992996
v -0.03527750074863434 0.004286590497940779 0.023016301915049553
v -0.035695500671863556 0.0030573902186006308 0.023433100432157516
v 0.021300502121448517 0.009226610884070396 0.028011102229356766
v 0.022304100915789604 0.008646270260214806 0.02719990164041519
v 0.022555401548743248 0.008847210556268692 0.027463499456644058
v 0.021300502121448517 0.009226610884070396 0.028011102229356766
v 0.02206300012767315 0.008405440486967564 0.026904400438070297
v 0.022304100915789604 0.008646270260214806 0.02719990164041519
v 0.021300502121448517 0.009226610884070396 0.028011102229356766
v 0.021845800802111626 0.008131660521030426 0.026592200621962547
v 0.02206300012767315 0.008405440486967564 0.026904400438070297
v 0.021300502121448517 0.009226610884070396 0.028011102229356766
v 0.021300502121448517 0.00795500073581934 0.026402801275253296
v 0.021845800802111626 0.008131660521030426 0.026592200621962547
v -0.035106901079416275 0.004692629911005497 0.02405090071260929
v -0.035695500671863556 0.0030573902186006308 0.023433100432157516
v -0.03527750074863434 0.004286590497940779 0.023016301915049553
v -0.03589960187673569 0.0010001800255849957 0.02302510105073452
v -0.035695500671863556 0.0030573902186006308 0.023433100432157516
v -0.03589950501918793 0.0030573902186006308 0.023433100432157516
v -0.03589950501918793 0.0030573902186006308 0.023433100432157516
v -0.035695500671863556 0.0030573902186006308 0.023433100432157516
v -0.035106901079416275 0.004692629911005497 0.02405090071260929
v 0.03069930151104927 0.0009994300780817866 0.023041700944304466
v 0.030700501054525375 0.0020841702353209257 0.044800203293561935
v 0.030700501054525375 0.003057400230318308 0.023433100432157516
v 0.03069930151104927 0.0009994300780817866 0.023041700944304466
v 0.030700501054525375 -4.0000000467443897e-07 0.04499960318207741
v 0.030700501054525375 0.0020841702353209257 0.044800203293561935
v 0.030702902004122734 -0.0010007499950006604 0.023021701723337173
v 0.030700501054525375 -4.0000000467443897e-07 0.04499960318207741
v 0.03069930151104927 0.0009994300780817866 0.023041700944304466
v 0.030702902004122734 -0.0010007499950006604 0.023021701723337173
v 0.030700501054525375 -0.002084980020299554 0.044800203293561935
v 0.030700501054525375 -4.0000000467443897e-07 0.04499960318207741
v 0.030702902004122734 -0.0010007499950006604 0.023021701723337173
v 0.030700501054525375 -0.003058200003579259 0.023433100432157516
v 0.030700501054525375 -0.002084980020299554 0.044800203293561935
v -0.032187700271606445 0.008282080292701721 0.026760799810290337
v -0.031734902411699295 0.008590320125222206 0.02657260000705719
v -0.03155380114912987 0.008044060319662094 0.026520002633333206
v -0.031734902411699295 0.008590320125222206 0.02657260000705719
v -0.031261201947927475 0.008872030302882195 0.026500500738620758
v -0.03155380114912987 0.008044060319662094 0.026520002633333206
v -0.030896902084350586 0.0080677205696702 0.026522601023316383
v -0.03155380114912987 0.008044060319662094 0.026520002633333206
v -0.031261201947927475 0.008872030302882195 0.026500500738620758
v -0.031261201947927475 0.008872030302882195 0.026500500738620758
v -0.030799500644207 0.009110690094530582 0.0265400018543005
v -0.030896902084350586 0.0080677205696702 0.026522601023316383
v -0.030462700873613358 0.008175160735845566 0.02664020098745823
v -0.030896902084350586 0.0080677205696702 0.026522601023316383
v -0.030799500644207 0.009110690094530582 0.0265400018543005
v -0.030799500644207 0.009110690094530582 0.0265400018543005
v -0.030313802883028984 0.009285660460591316 0.02670850045979023
v -0.030462700873613358 0.008175160735845566 0.02664020098745823
v -0.03003700263798237 0.008378109894692898 0.02687220089137554
v -0.030462700873613358 0.008175160735845566 0.02664020098745823
v -0.030313802883028984 0.009285660460591316 0.02670850045979023
v -0.030313802883028984 0.009285660460591316 0.02670850045979023
v -0.029931001365184784 0.009375790134072304 0.026953302323818207
v -0.03003700263798237 0.008378109894692898 0.02687220089137554
v -0.02965399995446205 0.008669929578900337 0.02723020128905773
v -0.03003700263798237 0.008378109894692898 0.02687220089137554
v -0.029651101678609848 0.009397351182997227 0.027232700958848
v -0.03003700263798237 0.008378109894692898 0.02687220089137554
v -0.029931001365184784 0.009375790134072304 0.026953302323818207
v -0.029651101678609848 0.009397351182997227 0.027232700958848
v -0.0293589998036623 0.009028869681060314 0.027716901153326035
v -0.02965399995446205 0.008669929578900337 0.02723020128905773
v -0.02938139997422695 0.009398910216987133 0.027662400156259537
v -0.02965399995446205 0.008669929578900337 0.02723020128905773
v -0.029651101678609848 0.009397351182997227 0.027232700958848
v -0.02938139997422695 0.009398910216987133 0.027662400156259537
v -0.0293589998036623 0.009028869681060314 0.027716901153326035
v -0.02938139997422695 0.009398910216987133 0.027662400156259537
v -0.029215002432465553 0.009382210671901703 0.028217900544404984
v -0.029359102249145508 -0.009029570035636425 0.027716699987649918
v -0.02921210043132305 -0.009394009597599506 0.028275901451706886
v -0.029302701354026794 -0.009396450594067574 0.027862900868058205
v -0.029302701354026794 -0.009396450594067574 0.027862900868058205
v -0.029513301327824593 -0.009401950053870678 0.027422301471233368
v -0.029359102249145508 -0.009029570035636425 0.027716699987649918
v -0.029651401564478874 -0.008673200383782387 0.027233300730586052
v -0.029359102249145508 -0.009029570035636425 0.027716699987649918
v -0.029513301327824593 -0.009401950053870678 0.027422301471233368
v -0.029513301327824593 -0.009401950053870678 0.027422301471233368
v -0.029851602390408516 -0.009380480274558067 0.027021801099181175
v -0.029651401564478874 -0.008673200383782387 0.027233300730586052
v -0.030032401904463768 -0.008381710387766361 0.02687540091574192
v -0.029651401564478874 -0.008673200383782387 0.027233300730586052
v -0.029851602390408516 -0.009380480274558067 0.027021801099181175
v -0.029851602390408516 -0.009380480274558067 0.027021801099181175
v -0.030309602618217468 -0.009288810193538666 0.026711100712418556
v -0.030032401904463768 -0.008381710387766361 0.02687540091574192
v -0.030455902218818665 -0.00817842036485672 0.026643000543117523
v -0.030032401904463768 -0.008381710387766361 0.02687540091574192
v -0.030309602618217468 -0.009288810193538666 0.026711100712418556
v -0.03089100308716297 -0.008069400675594807 0.02652350254356861
v -0.030455902218818665 -0.00817842036485672 0.026643000543117523
v -0.030799500644207 -0.009111519902944565 0.0265400018543005
v -0.030455902218818665 -0.00817842036485672 0.026643000543117523
v -0.030309602618217468 -0.009288810193538666 0.026711100712418556
v -0.030799500644207 -0.009111519902944565 0.0265400018543005
v -0.030799500644207 -0.009111519902944565 0.0265400018543005
v -0.03126140311360359 -0.00887278001755476 0.026500500738620758
v -0.03089100308716297 -0.008069400675594807 0.02652350254356861
v -0.03155159950256348 -0.008044250309467316 0.026519400998950005
v -0.03089100308716297 -0.008069400675594807 0.02652350254356861
v -0.03126140311360359 -0.00887278001755476 0.026500500738620758
v -0.03126140311360359 -0.00887278001755476 0.026500500738620758
v -0.03173520416021347 -0.008590959943830967 0.026572702452540398
v -0.03155159950256348 -0.008044250309467316 0.026519400998950005
v -0.03173520416021347 -0.008590959943830967 0.026572702452540398
v -0.032187700271606445 -0.008282911032438278 0.026760799810290337
v -0.03155159950256348 -0.008044250309467316 0.026519400998950005
v 0.02698870189487934 -0.008282899856567383 0.026760799810290337
v 0.02653590217232704 -0.008591130375862122 0.02657260000705719
v 0.026354800909757614 -0.008044879883527756 0.02651990018785
v 0.02653590217232704 -0.008591130375862122 0.02657260000705719
v 0.02606220170855522 -0.00887285079807043 0.026500500738620758
v 0.026354800909757614 -0.008044879883527756 0.02651990018785
v 0.025697901844978333 -0.008068540133535862 0.026522601023316383
v 0.026354800909757614 -0.008044879883527756 0.02651990018785
v 0.02606220170855522 -0.00887285079807043 0.026500500738620758
v 0.02606220170855522 -0.00887285079807043 0.026500500738620758
v 0.025600500404834747 -0.009111510589718819 0.0265400018543005
v 0.025697901844978333 -0.008068540133535862 0.026522601023316383
v 0.025263702496886253 -0.008175980299711227 0.02664020098745823
v 0.025697901844978333 -0.008068540133535862 0.026522601023316383
v 0.025600500404834747 -0.009111510589718819 0.0265400018543005
v 0.025600500404834747 -0.009111510589718819 0.0265400018543005
v 0.025114702060818672 -0.009286491200327873 0.02670850045979023
v 0.025263702496886253 -0.008175980299711227 0.02664020098745823
v 0.024838000535964966 -0.008378930389881134 0.026872102171182632
v 0.025263702496886253 -0.008175980299711227 0.02664020098745823
v 0.025114702060818672 -0.009286491200327873 0.02670850045979023
v 0.025114702060818672 -0.009286491200327873 0.02670850045979023
v 0.02473200112581253 -0.00937661062926054 0.026953302323818207
v 0.024838000535964966 -0.008378930389881134 0.026872102171182632
v 0.024455001577734947 -0.008670750074088573 0.027230102568864822
v 0.024838000535964966 -0.008378930389881134 0.026872102171182632
v 0.024452000856399536 -0.009398160502314568 0.027232700958848
v 0.024838000535964966 -0.008378930389881134 0.026872102171182632
v 0.02473200112581253 -0.00937661062926054 0.026953302323818207
v 0.024452000856399536 -0.009398160502314568 0.027232700958848
v 0.024160001426935196 -0.009029680863022804 0.027716901153326035
v 0.024455001577734947 -0.008670750074088573 0.027230102568864822
v 0.024182401597499847 -0.009399729780852795 0.027662400156259537
v 0.024455001577734947 -0.008670750074088573 0.027230102568864822
v 0.024452000856399536 -0.009398160502314568 0.027232700958848
v 0.024182401597499847 -0.009399729780852795 0.027662400156259537
v 0.024160001426935196 -0.009029680863022804 0.027716901153326035
v 0.024182401597499847 -0.009399729780852795 0.027662400156259537
v 0.02401590161025524 -0.00938310008496046 0.0282181017100811
v 0.024160102009773254 0.009028750471770763 0.027716699987649918
v 0.02401300147175789 0.009393200278282166 0.028275901451706886
v 0.02410300262272358 0.009395580738782883 0.027865102514624596
v 0.02410300262272358 0.009395580738782883 0.027865102514624596
v 0.02431430108845234 0.009401160292327404 0.027422400191426277
v 0.024160102009773254 0.009028750471770763 0.027716699987649918
v 0.02445240132510662 0.008672380819916725 0.027233300730586052
v 0.024160102009773254 0.009028750471770763 0.027716699987649918
v 0.02431430108845234 0.009401160292327404 0.027422400191426277
v 0.02431430108845234 0.009401160292327404 0.027422400191426277
v 0.024652600288391113 0.009379680268466473 0.027021801099181175
v 0.02445240132510662 0.008672380819916725 0.027233300730586052
v 0.024833401665091515 0.008380889892578125 0.02687540091574192
v 0.02445240132510662 0.008672380819916725 0.027233300730586052
v 0.024652600288391113 0.009379680268466473 0.027021801099181175
v 0.024652600288391113 0.009379680268466473 0.027021801099181175
v 0.025110701099038124 0.009287980385124683 0.026711001992225647
v 0.024833401665091515 0.008380889892578125 0.02687540091574192
v 0.02525690197944641 0.008177611045539379 0.026642901822924614
v 0.024833401665091515 0.008380889892578125 0.02687540091574192
v 0.025110701099038124 0.009287980385124683 0.026711001992225647
v 0.02569200098514557 0.00806858018040657 0.02652350254356861
v 0.02525690197944641 0.008177611045539379 0.026642901822924614
v 0.025600500404834747 0.009110700339078903 0.0265400018543005
v 0.02525690197944641 0.008177611045539379 0.026642901822924614
v 0.025110701099038124 0.009287980385124683 0.026711001992225647
v 0.025600500404834747 0.009110700339078903 0.0265400018543005
v 0.025600500404834747 0.009110700339078903 0.0265400018543005
v 0.02606230042874813 0.008871960453689098 0.026500500738620758
v 0.02569200098514557 0.00806858018040657 0.02652350254356861
v 0.026352601125836372 0.008043430745601654 0.026519400998950005
v 0.02569200098514557 0.00806858018040657 0.02652350254356861
v 0.02606230042874813 0.008871960453689098 0.026500500738620758
v 0.02606230042874813 0.008871960453689098 0.026500500738620758
v 0.02653620019555092 0.008590140379965305 0.02657260000705719
v 0.026352601125836372 0.008043430745601654 0.026519400998950005
v 0.02653620019555092 0.008590140379965305 0.02657260000705719
v 0.02698870189487934 0.008282090537250042 0.026760799810290337
v 0.026352601125836372 0.008043430745601654 0.026519400998950005
v 0.030700501054525375 -0.005005210172384977 0.024204101413488388
v 0.030700501054525375 -0.003058200003579259 0.023433100432157516
v 0.02990800328552723 -0.004693220369517803 0.024050801992416382
v 0.030700501054525375 -0.003058200003579259 0.023433100432157516
v 0.03033600188791752 -0.003535840194672346 0.023583201691508293
v 0.02990800328552723 -0.004693220369517803 0.024050801992416382
v 0.02990800328552723 -0.004693220369517803 0.024050801992416382
v 0.029355701059103012 -0.005733089987188578 0.024611501023173332
v 0.030700501054525375 -0.005005210172384977 0.024204101413488388
v 0.030700501054525375 -0.006770830601453781 0.02533000148832798
v 0.030700501054525375 -0.005005210172384977 0.024204101413488388
v 0.02870730124413967 -0.00664889020845294 0.025236202403903008
v 0.030700501054525375 -0.005005210172384977 0.024204101413488388
v 0.029355701059103012 -0.005733089987188578 0.024611501023173332
v 0.02870730124413967 -0.00664889020845294 0.025236202403903008
v 0.021300502121448517 -0.006407810375094414 0.025058399885892868
v 0.021300502121448517 -0.007955820299685001 0.026402801275253296
v 0.02132680080831051 -0.006804320029914379 0.02535630203783512
v 0.021300502121448517 -0.007955820299685001 0.026402801275253296
v 0.021403200924396515 -0.0071862004697322845 0.02567100152373314
v 0.02132680080831051 -0.006804320029914379 0.02535630203783512
v 0.021300502121448517 -0.007955820299685001 0.026402801275253296
v 0.021524500101804733 -0.007545210421085358 0.0259948018938303
v 0.021403200924396515 -0.0071862004697322845 0.02567100152373314
v 0.021300502121448517 -0.007955820299685001 0.026402801275253296
v 0.021684100851416588 -0.007875550538301468 0.026319600641727448
v 0.021524500101804733 -0.007545210421085358 0.0259948018938303
v 0.02870730124413967 -0.00664889020845294 0.025236202403903008
v 0.02793770097196102 -0.007488610222935677 0.02594190090894699
v 0.030700501054525375 -0.006770830601453781 0.02533000148832798
v 0.030700501054525375 -0.008291090838611126 0.026770099997520447
v 0.030700501054525375 -0.006770830601453781 0.02533000148832798
v 0.02698870189487934 -0.008282899856567383 0.026760799810290337
v 0.030700501054525375 -0.006770830601453781 0.02533000148832798
v 0.02793770097196102 -0.007488610222935677 0.02594190090894699
v 0.02698870189487934 -0.008282899856567383 0.026760799810290337
v 0.021875601261854172 -0.008174190297722816 0.026638202369213104
v 0.021684100851416588 -0.007875550538301468 0.026319600641727448
v 0.021300502121448517 -0.007955820299685001 0.026402801275253296
v 0.021300502121448517 -0.007955820299685001 0.026402801275253296
v 0.021300502121448517 -0.009227420203387737 0.028011102229356766
v 0.021875601261854172 -0.008174190297722816 0.026638202369213104
v 0.021300502121448517 -0.009227420203387737 0.028011102229356766
v 0.02209320105612278 -0.008439560420811176 0.026944002136588097
v 0.021875601261854172 -0.008174190297722816 0.026638202369213104
v 0.021300502121448517 -0.009227420203387737 0.028011102229356766
v 0.02232930064201355 -0.00866934098303318 0.027228301391005516
v 0.02209320105612278 -0.008439560420811176 0.026944002136588097
v 0.021300502121448517 -0.009227420203387737 0.028011102229356766
v 0.02257240004837513 -0.008860070258378983 0.027479901909828186
v 0.02232930064201355 -0.00866934098303318 0.027228301391005516
v 0.021300502121448517 -0.009227420203387737 0.028011102229356766
v 0.02292330004274845 -0.009075970388948917 0.027775201946496964
v 0.02257240004837513 -0.008860070258378983 0.027479901909828186
v 0.021300502121448517 -0.009227420203387737 0.028011102229356766
v 0.02327350154519081 -0.009226540103554726 0.028009701520204544
v 0.02292330004274845 -0.009075970388948917 0.027775201946496964
v 0.025697901844978333 -0.008068540133535862 0.026522601023316383
v 0.025263702496886253 -0.008175980299711227 0.02664020098745823
v 0.026354800909757614 -0.008044879883527756 0.02651990018785
v 0.02698870189487934 -0.008282899856567383 0.026760799810290337
v 0.026354800909757614 -0.008044879883527756 0.02651990018785
v 0.025263702496886253 -0.008175980299711227 0.02664020098745823
v 0.025263702496886253 -0.008175980299711227 0.02664020098745823
v 0.024838000535964966 -0.008378930389881134 0.026872102171182632
v 0.02698870189487934 -0.008282899856567383 0.026760799810290337
v 0.024838000535964966 -0.008378930389881134 0.026872102171182632
v 0.030700501054525375 -0.008291090838611126 0.026770099997520447
v 0.02698870189487934 -0.008282899856567383 0.026760799810290337
v 0.030700501054525375 -0.009510880336165428 0.028472300618886948
v 0.030700501054525375 -0.008291090838611126 0.026770099997520447
v 0.02401590161025524 -0.00938310008496046 0.0282181017100811
v 0.030700501054525375 -0.008291090838611126 0.026770099997520447
v 0.024160001426935196 -0.009029680863022804 0.027716901153326035
v 0.02401590161025524 -0.00938310008496046 0.0282181017100811
v 0.030700501054525375 -0.008291090838611126 0.026770099997520447
v 0.024455001577734947 -0.008670750074088573 0.027230102568864822
v 0.024160001426935196 -0.009029680863022804 0.027716901153326035
v 0.030700501054525375 -0.008291090838611126 0.026770099997520447
v 0.024838000535964966 -0.008378930389881134 0.026872102171182632
v 0.024455001577734947 -0.008670750074088573 0.027230102568864822
v 0.02361290156841278 -0.009329530410468578 0.028164001181721687
v 0.02327350154519081 -0.009226540103554726 0.028009701520204544
v 0.021300502121448517 -0.009227420203387737 0.028011102229356766
v 0.021300502121448517 -0.009227420203387737 0.028011102229356766
v 0.021300502121448517 -0.010178500786423683 0.029827401041984558
v 0.02361290156841278 -0.009329530410468578 0.028164001181721687
v 0.021300502121448517 -0.010178500786423683 0.029827401041984558
v 0.02401590161025524 -0.00938310008496046 0.0282181017100811
v 0.02361290156841278 -0.009329530410468578 0.028164001181721687
v 0.021300502121448517 -0.010178500786423683 0.029827401041984558
v 0.030700501054525375 -0.009510880336165428 0.028472300618886948
v 0.02401590161025524 -0.00938310008496046 0.0282181017100811
v 0.030700501054525375 -0.010386000387370586 0.030374800786376
v 0.030700501054525375 -0.009510880336165428 0.028472300618886948
v 0.021300502121448517 -0.010178500786423683 0.029827401041984558
v 0.021300502121448517 -0.010178500786423683 0.029827401041984558
v 0.021300502121448517 -0.010775900445878506 0.03178870305418968
v 0.030700501054525375 -0.010386000387370586 0.030374800786376
v 0.030700501054525375 -0.01088470034301281 0.03240860253572464
v 0.030700501054525375 -0.010386000387370586 0.030374800786376
v 0.021300502121448517 -0.010775900445878506 0.03178870305418968
v 0.021300502121448517 -0.010775900445878506 0.03178870305418968
v 0.021300502121448517 -0.010998999699950218 0.03382670134305954
v 0.030700501054525375 -0.01088470034301281 0.03240860253572464
v 0.030700501054525375 -0.010989001020789146 0.03450009971857071
v 0.030700501054525375 -0.01088470034301281 0.03240860253572464
v 0.021300502121448517 -0.010998999699950218 0.03382670134305954
v 0.021300502121448517 -0.010998999699950218 0.03382670134305954
v 0.021300502121448517 -0.010840101167559624 0.03587070107460022
v 0.030700501054525375 -0.010989001020789146 0.03450009971857071
v 0.030700501054525375 -0.010695000179111958 0.03657339885830879
v 0.030700501054525375 -0.010989001020789146 0.03450009971857071
v 0.021300502121448517 -0.010840101167559624 0.03587070107460022
v 0.021300502121448517 -0.010840101167559624 0.03587070107460022
v 0.021300502121448517 -0.01030460000038147 0.037849701941013336
v 0.030700501054525375 -0.010695000179111958 0.03657339885830879
v 0.030700501054525375 -0.010013500228524208 0.03855350241065025
v 0.030700501054525375 -0.010695000179111958 0.03657339885830879
v 0.021300502121448517 -0.01030460000038147 0.037849701941013336
v 0.021300502121448517 -0.01030460000038147 0.037849701941013336
v 0.021300502121448517 -0.00941115990281105 0.039695002138614655
v 0.030700501054525375 -0.010013500228524208 0.03855350241065025
v 0.030700501054525375 -0.008969040587544441 0.04036850109696388
v 0.030700501054525375 -0.010013500228524208 0.03855350241065025
v 0.021300502121448517 -0.00941115990281105 0.039695002138614655
v 0.021300502121448517 -0.00941115990281105 0.039695002138614655
v 0.021300502121448517 -0.008190830238163471 0.04134240001440048
v 0.030700501054525375 -0.008969040587544441 0.04036850109696388
v 0.030700501054525375 -0.007599570322781801 0.0419527031481266
v 0.030700501054525375 -0.008969040587544441 0.04036850109696388
v 0.021300502121448517 -0.008190830238163471 0.04134240001440048
v 0.021300502121448517 -0.008190830238163471 0.04134240001440048
v 0.021300502121448517 -0.006686000153422356 0.04273470118641853
v 0.030700501054525375 -0.007599570322781801 0.0419527031481266
v 0.030700501054525375 -0.005954680033028126 0.043248701840639114
v 0.030700501054525375 -0.007599570322781801 0.0419527031481266
v 0.021300502121448517 -0.006686000153422356 0.04273470118641853
v 0.021300502121448517 -0.006686000153422356 0.04273470118641853
v 0.021300502121448517 -0.0049489401280879974 0.04382360354065895
v 0.030700501054525375 -0.005954680033028126 0.043248701840639114
v 0.030700501054525375 -0.004094010218977928 0.04420950263738632
v 0.030700501054525375 -0.005954680033028126 0.043248701840639114
v 0.021300502121448517 -0.0049489401280879974 0.04382360354065895
v 0.021300502121448517 -0.0049489401280879974 0.04382360354065895
v 0.021300502121448517 -0.0030400000978261232 0.04457130283117294
v 0.030700501054525375 -0.004094010218977928 0.04420950263738632
v 0.030700501054525375 -0.002084980020299554 0.044800203293561935
v 0.030700501054525375 -0.004094010218977928 0.04420950263738632
v 0.021300502121448517 -0.0030400000978261232 0.04457130283117294
v 0.021300502121448517 -0.0030400000978261232 0.04457130283117294
v 0.021300502121448517 -0.001025470090098679 0.044951699674129486
v 0.030700501054525375 -0.002084980020299554 0.044800203293561935
v 0.030700501054525375 -4.0000000467443897e-07 0.04499960318207741
v 0.030700501054525375 -0.002084980020299554 0.044800203293561935
v 0.021300502121448517 -0.001025470090098679 0.044951699674129486
v 0.021300502121448517 -0.001025470090098679 0.044951699674129486
v 0.021300502121448517 0.0010246600722894073 0.044951699674129486
v 0.030700501054525375 -4.0000000467443897e-07 0.04499960318207741
v 0.030700501054525375 0.0020841702353209257 0.044800203293561935
v 0.030700501054525375 -4.0000000467443897e-07 0.04499960318207741
v 0.021300502121448517 0.0010246600722894073 0.044951699674129486
v 0.021300502121448517 0.0010246600722894073 0.044951699674129486
v 0.021300502121448517 0.003039190312847495 0.04457130283117294
v 0.030700501054525375 0.0020841702353209257 0.044800203293561935
v 0.030700501054525375 0.0040932004339993 0.04420950263738632
v 0.030700501054525375 0.0020841702353209257 0.044800203293561935
v 0.021300502121448517 0.003039190312847495 0.04457130283117294
v 0.021300502121448517 0.003039190312847495 0.04457130283117294
v 0.021300502121448517 0.004948130343109369 0.04382360354065895
v 0.030700501054525375 0.0040932004339993 0.04420950263738632
v 0.030700501054525375 0.005953880026936531 0.043248701840639114
v 0.030700501054525375 0.0040932004339993 0.04420950263738632
v 0.021300502121448517 0.004948130343109369 0.04382360354065895
v 0.021300502121448517 0.004948130343109369 0.04382360354065895
v 0.021300502121448517 0.0066851903684437275 0.04273470118641853
v 0.030700501054525375 0.005953880026936531 0.043248701840639114
v 0.030700501054525375 0.007598760537803173 0.0419527031481266
v 0.030700501054525375 0.005953880026936531 0.043248701840639114
v 0.021300502121448517 0.0066851903684437275 0.04273470118641853
v 0.021300502121448517 0.0066851903684437275 0.04273470118641853
v 0.021300502121448517 0.008190019987523556 0.04134240001440048
v 0.030700501054525375 0.007598760537803173 0.0419527031481266
v 0.030700501054525375 0.008968240581452847 0.04036850109696388
v 0.030700501054525375 0.007598760537803173 0.0419527031481266
v 0.021300502121448517 0.008190019987523556 0.04134240001440048
v 0.021300502121448517 0.008190019987523556 0.04134240001440048
v 0.021300502121448517 0.00941035058349371 0.039695002138614655
v 0.030700501054525375 0.008968240581452847 0.04036850109696388
v 0.030700501054525375 0.010012700222432613 0.03855350241065025
v 0.030700501054525375 0.008968240581452847 0.04036850109696388
v 0.021300502121448517 0.00941035058349371 0.039695002138614655
v 0.021300502121448517 0.00941035058349371 0.039695002138614655
v 0.021300502121448517 0.010303799994289875 0.037849701941013336
v 0.030700501054525375 0.010012700222432613 0.03855350241065025
v 0.030700501054525375 0.010694200173020363 0.03657339885830879
v 0.030700501054525375 0.010012700222432613 0.03855350241065025
v 0.021300502121448517 0.010303799994289875 0.037849701941013336
v 0.021300502121448517 0.010303799994289875 0.037849701941013336
v 0.021300502121448517 0.010839300230145454 0.03587070107460022
v 0.030700501054525375 0.010694200173020363 0.03657339885830879
v 0.030700501054525375 0.010988201014697552 0.03450009971857071
v 0.030700501054525375 0.010694200173020363 0.03657339885830879
v 0.021300502121448517 0.010839300230145454 0.03587070107460022
v 0.021300502121448517 0.010839300230145454 0.03587070107460022
v 0.021300502121448517 0.010998200625181198 0.03382670134305954
v 0.030700501054525375 0.010988201014697552 0.03450009971857071
v 0.030700501054525375 0.010883900336921215 0.03240860253572464
v 0.030700501054525375 0.010988201014697552 0.03450009971857071
v 0.021300502121448517 0.010998200625181198 0.03382670134305954
v 0.021300502121448517 0.010998200625181198 0.03382670134305954
v 0.021300502121448517 0.010775100439786911 0.03178870305418968
v 0.030700501054525375 0.010883900336921215 0.03240860253572464
v 0.030700501054525375 0.010385200381278992 0.030374800786376
v 0.030700501054525375 0.010883900336921215 0.03240860253572464
v 0.021300502121448517 0.010775100439786911 0.03178870305418968
v 0.021300502121448517 0.010775100439786911 0.03178870305418968
v 0.021300502121448517 0.010177700780332088 0.029827401041984558
v 0.030700501054525375 0.010385200381278992 0.030374800786376
v 0.030700501054525375 0.009510080330073833 0.028472300618886948
v 0.030700501054525375 0.010385200381278992 0.030374800786376
v 0.021300502121448517 0.010177700780332088 0.029827401041984558
v 0.021300502121448517 0.010177700780332088 0.029827401041984558
v 0.021300502121448517 0.009226610884070396 0.028011102229356766
v 0.02401300147175789 0.009393200278282166 0.028275901451706886
v 0.02401300147175789 0.009393200278282166 0.028275901451706886
v 0.030700501054525375 0.009510080330073833 0.028472300618886948
v 0.021300502121448517 0.010177700780332088 0.029827401041984558
v 0.021300502121448517 0.009226610884070396 0.028011102229356766
v 0.023611800745129585 0.009328470565378666 0.028163501992821693
v 0.02401300147175789 0.009393200278282166 0.028275901451706886
v 0.030700501054525375 0.008290289901196957 0.026770099997520447
v 0.030700501054525375 0.009510080330073833 0.028472300618886948
v 0.024833401665091515 0.008380889892578125 0.02687540091574192
v 0.030700501054525375 0.009510080330073833 0.028472300618886948
v 0.02445240132510662 0.008672380819916725 0.027233300730586052
v 0.024833401665091515 0.008380889892578125 0.02687540091574192
v 0.030700501054525375 0.009510080330073833 0.028472300618886948
v 0.024160102009773254 0.009028750471770763 0.027716699987649918
v 0.02445240132510662 0.008672380819916725 0.027233300730586052
v 0.030700501054525375 0.009510080330073833 0.028472300618886948
v 0.02401300147175789 0.009393200278282166 0.028275901451706886
v 0.024160102009773254 0.009028750471770763 0.027716699987649918
v 0.023152600973844528 0.009181130677461624 0.027933400124311447
v 0.023611800745129585 0.009328470565378666 0.028163501992821693
v 0.021300502121448517 0.009226610884070396 0.028011102229356766
v 0.022555401548743248 0.008847210556268692 0.027463499456644058
v 0.022802000865340233 0.009005961008369923 0.027684099972248077
v 0.021300502121448517 0.009226610884070396 0.028011102229356766
v 0.022802000865340233 0.009005961008369923 0.027684099972248077
v 0.023152600973844528 0.009181130677461624 0.027933400124311447
v 0.021300502121448517 0.009226610884070396 0.028011102229356766
v 0.024833401665091515 0.008380889892578125 0.02687540091574192
v 0.02525690197944641 0.008177611045539379 0.026642901822924614
v 0.02698870189487934 0.008282090537250042 0.026760799810290337
v 0.02698870189487934 0.008282090537250042 0.026760799810290337
v 0.030700501054525375 0.008290289901196957 0.026770099997520447
v 0.024833401665091515 0.008380889892578125 0.02687540091574192
v 0.030700501054525375 0.006770030129700899 0.02533000148832798
v 0.030700501054525375 0.008290289901196957 0.026770099997520447
v 0.027938401326537132 0.007487160619348288 0.02594130113720894
v 0.030700501054525375 0.008290289901196957 0.026770099997520447
v 0.02698870189487934 0.008282090537250042 0.026760799810290337
v 0.027938401326537132 0.007487160619348288 0.02594130113720894
v 0.026352601125836372 0.008043430745601654 0.026519400998950005
v 0.02698870189487934 0.008282090537250042 0.026760799810290337
v 0.02525690197944641 0.008177611045539379 0.026642901822924614
v 0.02525690197944641 0.008177611045539379 0.026642901822924614
v 0.02569200098514557 0.00806858018040657 0.02652350254356861
v 0.026352601125836372 0.008043430745601654 0.026519400998950005
v 0.021574201062321663 0.007676310371607542 0.026107599958777428
v 0.021845800802111626 0.008131660521030426 0.026592200621962547
v 0.021300502121448517 0.00795500073581934 0.026402801275253296
v 0.021300502121448517 0.00795500073581934 0.026402801275253296
v 0.021300502121448517 0.006407000590115786 0.025058399885892868
v 0.02132500149309635 0.006790000479668379 0.02534560114145279
v 0.02132500149309635 0.006790000479668379 0.02534560114145279
v 0.02139570191502571 0.007156750652939081 0.025646401569247246
v 0.021300502121448517 0.00795500073581934 0.026402801275253296
v 0.02139570191502571 0.007156750652939081 0.025646401569247246
v 0.021574201062321663 0.007676310371607542 0.026107599958777428
v 0.021300502121448517 0.00795500073581934 0.026402801275253296
v 0.027938401326537132 0.007487160619348288 0.02594130113720894
v 0.02870750240981579 0.006647830363363028 0.02523600123822689
v 0.030700501054525375 0.006770030129700899 0.02533000148832798
v 0.030700501054525375 0.005004399921745062 0.024204101413488388
v 0.030700501054525375 0.006770030129700899 0.02533000148832798
v 0.029355602338910103 0.005732440389692783 0.02461160160601139
v 0.030700501054525375 0.006770030129700899 0.02533000148832798
v 0.02870750240981579 0.006647830363363028 0.02523600123822689
v 0.029355602338910103 0.005732440389692783 0.02461160160601139
v 0.029355602338910103 0.005732440389692783 0.02461160160601139
v 0.02990790084004402 0.004692640155553818 0.02405090071260929
v 0.030700501054525375 0.005004399921745062 0.024204101413488388
v 0.030700501054525375 0.003057400230318308 0.023433100432157516
v 0.030700501054525375 0.005004399921745062 0.024204101413488388
v 0.03033600188791752 0.0035351202823221684 0.023583201691508293
v 0.030700501054525375 0.005004399921745062 0.024204101413488388
v 0.02990790084004402 0.004692640155553818 0.02405090071260929
v 0.03033600188791752 0.0035351202823221684 0.023583201691508293
v -0.03589870408177376 -0.0010003000497817993 0.02304290048778057
v -0.03589950501918793 -0.003058210015296936 0.023433100432157516
v -0.03567100316286087 -0.0029117600060999393 0.023411601781845093
v -0.03589950501918793 -0.003058210015296936 0.023433100432157516
v -0.03589950501918793 -0.005005219951272011 0.024204101413488388
v -0.03567100316286087 -0.0029117600060999393 0.023411601781845093
v -0.03589950501918793 -0.005005219951272011 0.024204101413488388
v -0.035107001662254333 -0.004693230148404837 0.024050801992416382
v -0.03567100316286087 -0.0029117600060999393 0.023411601781845093
v -0.034554701298475266 -0.005733100231736898 0.024611501023173332
v -0.035107001662254333 -0.004693230148404837 0.024050801992416382
v -0.03589950501918793 -0.005005219951272011 0.024204101413488388
v -0.03589950501918793 -0.005005219951272011 0.024204101413488388
v -0.03589950501918793 -0.006770850624889135 0.02533000148832798
v -0.034554701298475266 -0.005733100231736898 0.024611501023173332
v -0.03589950501918793 -0.006770850624889135 0.02533000148832798
v -0.033906299620866776 -0.006648900453001261 0.025236202403903008
v -0.034554701298475266 -0.005733100231736898 0.024611501023173332
v -0.02649950236082077 -0.007955820299685001 0.026402801275253296
v -0.02649950236082077 -0.006407810375094414 0.025058399885892868
v -0.026525400578975677 -0.006800880189985037 0.025353601202368736
v -0.026525400578975677 -0.006800880189985037 0.025353601202368736
v -0.026600202545523643 -0.007178559899330139 0.025664500892162323
v -0.02649950236082077 -0.007955820299685001 0.026402801275253296
v -0.026600202545523643 -0.007178559899330139 0.025664500892162323
v -0.02671920135617256 -0.007534580770879984 0.02598480135202408
v -0.02649950236082077 -0.007955820299685001 0.026402801275253296
v -0.02671920135617256 -0.007534580770879984 0.02598480135202408
v -0.02687690034508705 -0.007864450104534626 0.026308201253414154
v -0.02649950236082077 -0.007955820299685001 0.026402801275253296
v -0.033136799931526184 -0.00748862000182271 0.02594190090894699
v -0.033906299620866776 -0.006648900453001261 0.025236202403903008
v -0.03589950501918793 -0.006770850624889135 0.02533000148832798
v -0.03589950501918793 -0.006770850624889135 0.02533000148832798
v -0.03589950501918793 -0.008291100151836872 0.026770202443003654
v -0.033136799931526184 -0.00748862000182271 0.02594190090894699
v -0.03589950501918793 -0.008291100151836872 0.026770202443003654
v -0.032187700271606445 -0.008282911032438278 0.026760799810290337
v -0.033136799931526184 -0.00748862000182271 0.02594190090894699
v -0.02687690034508705 -0.007864450104534626 0.026308201253414154
v -0.027168700471520424 -0.008306019939482212 0.026773899793624878
v -0.02649950236082077 -0.007955820299685001 0.026402801275253296
v -0.02649950236082077 -0.009227430447936058 0.028011102229356766
v -0.02649950236082077 -0.007955820299685001 0.026402801275253296
v -0.02789049968123436 -0.008945470675826073 0.0275851022452116
v -0.02789049968123436 -0.008945470675826073 0.0275851022452116
v -0.028360800817608833 -0.009185660630464554 0.02793930098414421
v -0.02649950236082077 -0.009227430447936058 0.028011102229356766
v -0.02649950236082077 -0.007955820299685001 0.026402801275253296
v -0.027526801452040672 -0.008668040856719017 0.027226701378822327
v -0.02789049968123436 -0.008945470675826073 0.0275851022452116
v -0.02649950236082077 -0.007955820299685001 0.026402801275253296
v -0.027168700471520424 -0.008306019939482212 0.026773899793624878
v -0.027526801452040672 -0.008668040856719017 0.027226701378822327
v -0.030455902218818665 -0.00817842036485672 0.026643000543117523
v -0.03089100308716297 -0.008069400675594807 0.02652350254356861
v -0.03155159950256348 -0.008044250309467316 0.026519400998950005
v -0.03155159950256348 -0.008044250309467316 0.026519400998950005
v -0.032187700271606445 -0.008282911032438278 0.026760799810290337
v -0.030455902218818665 -0.00817842036485672 0.026643000543117523
v -0.030032401904463768 -0.008381710387766361 0.02687540091574192
v -0.030455902218818665 -0.00817842036485672 0.026643000543117523
v -0.032187700271606445 -0.008282911032438278 0.026760799810290337
v -0.032187700271606445 -0.008282911032438278 0.026760799810290337
v -0.03589950501918793 -0.008291100151836872 0.026770202443003654
v -0.030032401904463768 -0.008381710387766361 0.02687540091574192
v -0.03589950501918793 -0.008291100151836872 0.026770202443003654
v -0.03589950501918793 -0.009510890580713749 0.028472300618886948
v -0.030032401904463768 -0.008381710387766361 0.02687540091574192
v -0.03589950501918793 -0.009510890580713749 0.028472300618886948
v -0.029651401564478874 -0.008673200383782387 0.027233300730586052
v -0.030032401904463768 -0.008381710387766361 0.02687540091574192
v -0.03589950501918793 -0.009510890580713749 0.028472300618886948
v -0.029359102249145508 -0.009029570035636425 0.027716699987649918
v -0.029651401564478874 -0.008673200383782387 0.027233300730586052
v -0.03589950501918793 -0.009510890580713749 0.028472300618886948
v -0.02921210043132305 -0.009394009597599506 0.028275901451706886
v -0.029359102249145508 -0.009029570035636425 0.027716699987649918
v -0.02649950236082077 -0.010178500786423683 0.029827401041984558
v -0.02649950236082077 -0.009227430447936058 0.028011102229356766
v -0.02921210043132305 -0.009394009597599506 0.028275901451706886
v -0.02921210043132305 -0.009394009597599506 0.028275901451706886
v -0.03589950501918793 -0.009510890580713749 0.028472300618886948
v -0.02649950236082077 -0.010178500786423683 0.029827401041984558
v -0.02649950236082077 -0.009227430447936058 0.028011102229356766
v -0.02881620079278946 -0.009330380707979202 0.028165701776742935
v -0.02921210043132305 -0.009394009597599506 0.028275901451706886
v -0.02649950236082077 -0.009227430447936058 0.028011102229356766
v -0.028360800817608833 -0.009185660630464554 0.02793930098414421
v -0.02881620079278946 -0.009330380707979202 0.028165701776742935
v -0.03589950501918793 -0.009510890580713749 0.028472300618886948
v -0.03589950501918793 -0.010386000387370586 0.030374800786376
v -0.02649950236082077 -0.010178500786423683 0.029827401041984558
v -0.02649950236082077 -0.010775900445878506 0.03178870305418968
v -0.02649950236082077 -0.010178500786423683 0.029827401041984558
v -0.03589950501918793 -0.010386000387370586 0.030374800786376
v -0.03589950501918793 -0.010386000387370586 0.030374800786376
v -0.03589950501918793 -0.010884800925850868 0.03240860253572464
v -0.02649950236082077 -0.010775900445878506 0.03178870305418968
v -0.02649950236082077 -0.010999100282788277 0.03382670134305954
v -0.02649950236082077 -0.010775900445878506 0.03178870305418968
v -0.03589950501918793 -0.010884800925850868 0.03240860253572464
v -0.03589950501918793 -0.010884800925850868 0.03240860253572464
v -0.03589950501918793 -0.010989001020789146 0.03450009971857071
v -0.02649950236082077 -0.010999100282788277 0.03382670134305954
v -0.02649950236082077 -0.010840101167559624 0.03587070107460022
v -0.02649950236082077 -0.010999100282788277 0.03382670134305954
v -0.03589950501918793 -0.010989001020789146 0.03450009971857071
v -0.03589950501918793 -0.010989001020789146 0.03450009971857071
v -0.03589950501918793 -0.010695100761950016 0.03657339885830879
v -0.02649950236082077 -0.010840101167559624 0.03587070107460022
v -0.02649950236082077 -0.01030460000038147 0.037849701941013336
v -0.02649950236082077 -0.010840101167559624 0.03587070107460022
v -0.03589950501918793 -0.010695100761950016 0.03657339885830879
v -0.03589950501918793 -0.010695100761950016 0.03657339885830879
v -0.03589950501918793 -0.010013500228524208 0.03855350241065025
v -0.02649950236082077 -0.01030460000038147 0.037849701941013336
v -0.02649950236082077 -0.009411170147359371 0.039695002138614655
v -0.02649950236082077 -0.01030460000038147 0.037849701941013336
v -0.03589950501918793 -0.010013500228524208 0.03855350241065025
v -0.03589950501918793 -0.010013500228524208 0.03855350241065025
v -0.03589950501918793 -0.008969050832092762 0.04036850109696388
v -0.02649950236082077 -0.009411170147359371 0.039695002138614655
v -0.02649950236082077 -0.008190840482711792 0.04134240001440048
v -0.02649950236082077 -0.009411170147359371 0.039695002138614655
v -0.03589950501918793 -0.008969050832092762 0.04036850109696388
v -0.03589950501918793 -0.008969050832092762 0.04036850109696388
v -0.03589950501918793 -0.007599580101668835 0.04195280373096466
v -0.02649950236082077 -0.008190840482711792 0.04134240001440048
v -0.02649950236082077 -0.006686010397970676 0.04273470118641853
v -0.02649950236082077 -0.008190840482711792 0.04134240001440048
v -0.03589950501918793 -0.007599580101668835 0.04195280373096466
v -0.03589950501918793 -0.007599580101668835 0.04195280373096466
v -0.03589950501918793 -0.00595470005646348 0.043248701840639114
v -0.02649950236082077 -0.006686010397970676 0.04273470118641853
v -0.02649950236082077 -0.004948949906975031 0.04382360354065895
v -0.02649950236082077 -0.006686010397970676 0.04273470118641853
v -0.03589950501918793 -0.00595470005646348 0.043248701840639114
v -0.03589950501918793 -0.00595470005646348 0.043248701840639114
v -0.03589950501918793 -0.004094019997864962 0.04420950263738632
v -0.02649950236082077 -0.004948949906975031 0.04382360354065895
v -0.02649950236082077 -0.0030400101095438004 0.04457130283117294
v -0.02649950236082077 -0.004948949906975031 0.04382360354065895
v -0.03589950501918793 -0.004094019997864962 0.04420950263738632
v -0.03589950501918793 -0.004094019997864962 0.04420950263738632
v -0.03589950501918793 -0.002084990032017231 0.044800303876399994
v -0.02649950236082077 -0.0030400101095438004 0.04457130283117294
v -0.02649950236082077 -0.0010254801018163562 0.044951699674129486
v -0.02649950236082077 -0.0030400101095438004 0.04457130283117294
v -0.03589950501918793 -0.002084990032017231 0.044800303876399994
v -0.03589950501918793 -0.002084990032017231 0.044800303876399994
v -0.03589950501918793 -4.1000004102897947e-07 0.04499960318207741
v -0.02649950236082077 -0.0010254801018163562 0.044951699674129486
v -0.02649950236082077 0.0010246500605717301 0.044951699674129486
v -0.02649950236082077 -0.0010254801018163562 0.044951699674129486
v -0.03589950501918793 -4.1000004102897947e-07 0.04499960318207741
v -0.03589950501918793 -4.1000004102897947e-07 0.04499960318207741
v -0.03589950501918793 0.0020841602236032486 0.044800303876399994
v -0.02649950236082077 0.0010246500605717301 0.044951699674129486
v -0.02649950236082077 0.0030391800682991743 0.04457130283117294
v -0.02649950236082077 0.0010246500605717301 0.044951699674129486
v -0.03589950501918793 0.0020841602236032486 0.044800303876399994
v -0.03589950501918793 0.0020841602236032486 0.044800303876399994
v -0.03589950501918793 0.004093190189450979 0.04420950263738632
v -0.02649950236082077 0.0030391800682991743 0.04457130283117294
v -0.02649950236082077 0.004948120564222336 0.04382360354065895
v -0.02649950236082077 0.0030391800682991743 0.04457130283117294
v -0.03589950501918793 0.004093190189450979 0.04420950263738632
v -0.03589950501918793 0.004093190189450979 0.04420950263738632
v -0.03589950501918793 0.005953870248049498 0.043248701840639114
v -0.02649950236082077 0.004948120564222336 0.04382360354065895
v -0.02649950236082077 0.006685180589556694 0.04273470118641853
v -0.02649950236082077 0.004948120564222336 0.04382360354065895
v -0.03589950501918793 0.005953870248049498 0.043248701840639114
v -0.03589950501918793 0.005953870248049498 0.043248701840639114
v -0.03589950501918793 0.007598750293254852 0.04195280373096466
v -0.02649950236082077 0.006685180589556694 0.04273470118641853
v -0.02649950236082077 0.00819001067429781 0.04134240001440048
v -0.02649950236082077 0.006685180589556694 0.04273470118641853
v -0.03589950501918793 0.007598750293254852 0.04195280373096466
v -0.03589950501918793 0.007598750293254852 0.04195280373096466
v -0.03589950501918793 0.008968230336904526 0.04036850109696388
v -0.02649950236082077 0.00819001067429781 0.04134240001440048
v -0.02649950236082077 0.009410340338945389 0.039695002138614655
v -0.02649950236082077 0.00819001067429781 0.04134240001440048
v -0.03589950501918793 0.008968230336904526 0.04036850109696388
v -0.03589950501918793 0.008968230336904526 0.04036850109696388
v -0.03589950501918793 0.010012700222432613 0.03855350241065025
v -0.02649950236082077 0.009410340338945389 0.039695002138614655
v -0.02649950236082077 0.010303799994289875 0.037849701941013336
v -0.02649950236082077 0.009410340338945389 0.039695002138614655
v -0.03589950501918793 0.010012700222432613 0.03855350241065025
v -0.03589950501918793 0.010012700222432613 0.03855350241065025
v -0.03589950501918793 0.010694200173020363 0.03657339885830879
v -0.02649950236082077 0.010303799994289875 0.037849701941013336
v -0.02649950236082077 0.010839300230145454 0.03587070107460022
v -0.02649950236082077 0.010303799994289875 0.037849701941013336
v -0.03589950501918793 0.010694200173020363 0.03657339885830879
v -0.03589950501918793 0.010694200173020363 0.03657339885830879
v -0.03589950501918793 0.010988201014697552 0.03450009971857071
v -0.02649950236082077 0.010839300230145454 0.03587070107460022
v -0.02649950236082077 0.010998200625181198 0.03382670134305954
v -0.02649950236082077 0.010839300230145454 0.03587070107460022
v -0.03589950501918793 0.010988201014697552 0.03450009971857071
v -0.03589950501918793 0.010988201014697552 0.03450009971857071
v -0.03589950501918793 0.010883900336921215 0.03240860253572464
v -0.02649950236082077 0.010998200625181198 0.03382670134305954
v -0.02649950236082077 0.010775100439786911 0.03178870305418968
v -0.02649950236082077 0.010998200625181198 0.03382670134305954
v -0.03589950501918793 0.010883900336921215 0.03240860253572464
v -0.03589950501918793 0.010883900336921215 0.03240860253572464
v -0.03589950501918793 0.010385200381278992 0.030374800786376
v -0.02649950236082077 0.010775100439786911 0.03178870305418968
v -0.02649950236082077 0.010177700780332088 0.029827401041984558
v -0.02649950236082077 0.010775100439786911 0.03178870305418968
v -0.03589950501918793 0.010385200381278992 0.030374800786376
v -0.03589950501918793 0.010385200381278992 0.030374800786376
v -0.03589950501918793 0.009510070085525513 0.028472300618886948
v -0.02649950236082077 0.010177700780332088 0.029827401041984558
v -0.02649950236082077 0.009226610884070396 0.028011102229356766
v -0.02649950236082077 0.010177700780332088 0.029827401041984558
v -0.028807200491428375 0.009327639825642109 0.028162101283669472
v -0.02649950236082077 0.010177700780332088 0.029827401041984558
v -0.029215002432465553 0.009382210671901703 0.028217900544404984
v -0.028807200491428375 0.009327639825642109 0.028162101283669472
v -0.02649950236082077 0.010177700780332088 0.029827401041984558
v -0.03589950501918793 0.009510070085525513 0.028472300618886948
v -0.029215002432465553 0.009382210671901703 0.028217900544404984
v -0.03589950501918793 0.009510070085525513 0.028472300618886948
v -0.03589950501918793 0.00829028058797121 0.026770202443003654
v -0.029215002432465553 0.009382210671901703 0.028217900544404984
v -0.03589950501918793 0.00829028058797121 0.026770202443003654
v -0.0293589998036623 0.009028869681060314 0.027716901153326035
v -0.029215002432465553 0.009382210671901703 0.028217900544404984
v -0.03589950501918793 0.00829028058797121 0.026770202443003654
v -0.02965399995446205 0.008669929578900337 0.02723020128905773
v -0.0293589998036623 0.009028869681060314 0.027716901153326035
v -0.03589950501918793 0.00829028058797121 0.026770202443003654
v -0.03003700263798237 0.008378109894692898 0.02687220089137554
v -0.02965399995446205 0.008669929578900337 0.02723020128905773
v -0.028807200491428375 0.009327639825642109 0.028162101283669472
v -0.02846430242061615 0.009222730062901974 0.028005100786685944
v -0.02649950236082077 0.009226610884070396 0.028011102229356766
v -0.02649950236082077 0.00795500073581934 0.026402801275253296
v -0.02649950236082077 0.009226610884070396 0.028011102229356766
v -0.02705170214176178 0.008141410537064075 0.02660290151834488
v -0.02649950236082077 0.009226610884070396 0.028011102229356766
v -0.027267301455140114 0.008411270566284657 0.026911301538348198
v -0.02705170214176178 0.008141410537064075 0.02660290151834488
v -0.02649950236082077 0.009226610884070396 0.028011102229356766
v -0.027504801750183105 0.008647780865430832 0.027201902121305466
v -0.027267301455140114 0.008411270566284657 0.026911301538348198
v -0.02649950236082077 0.009226610884070396 0.028011102229356766
v -0.027751900255680084 0.008845430798828602 0.02746110036969185
v -0.027504801750183105 0.008647780865430832 0.027201902121305466
v -0.02649950236082077 0.009226610884070396 0.028011102229356766
v -0.028109000995755196 0.009068409912288189 0.027765102684497833
v -0.027751900255680084 0.008845430798828602 0.02746110036969185
v -0.02649950236082077 0.009226610884070396 0.028011102229356766
v -0.02846430242061615 0.009222730062901974 0.028005100786685944
v -0.028109000995755196 0.009068409912288189 0.027765102684497833
v -0.030462700873613358 0.008175160735845566 0.02664020098745823
v -0.03003700263798237 0.008378109894692898 0.02687220089137554
v -0.032187700271606445 0.008282080292701721 0.026760799810290337
v -0.03003700263798237 0.008378109894692898 0.02687220089137554
v -0.03589950501918793 0.00829028058797121 0.026770202443003654
v -0.032187700271606445 0.008282080292701721 0.026760799810290337
v -0.03589950501918793 0.00829028058797121 0.026770202443003654
v -0.03589950501918793 0.006770020350813866 0.02533000148832798
v -0.032187700271606445 0.008282080292701721 0.026760799810290337
v -0.03589950501918793 0.006770020350813866 0.02533000148832798
v -0.033137403428554535 0.007487150374799967 0.02594130113720894
v -0.032187700271606445 0.008282080292701721 0.026760799810290337
v -0.032187700271606445 0.008282080292701721 0.026760799810290337
v -0.03155380114912987 0.008044060319662094 0.026520002633333206
v -0.030462700873613358 0.008175160735845566 0.02664020098745823
v -0.030896902084350586 0.0080677205696702 0.026522601023316383
v -0.030462700873613358 0.008175160735845566 0.02664020098745823
v -0.03155380114912987 0.008044060319662094 0.026520002633333206
v -0.02705170214176178 0.008141410537064075 0.02660290151834488
v -0.026864901185035706 0.007841840386390686 0.02628600038588047
v -0.02649950236082077 0.00795500073581934 0.026402801275253296
v -0.02649950236082077 0.006406990345567465 0.025058399885892868
v -0.02649950236082077 0.00795500073581934 0.026402801275253296
v -0.0265245009213686 0.006793670356273651 0.0253486018627882
v -0.02649950236082077 0.00795500073581934 0.026402801275253296
v -0.02664310112595558 0.007350319996476173 0.025802701711654663
v -0.0265245009213686 0.006793670356273651 0.0253486018627882
v -0.02649950236082077 0.00795500073581934 0.026402801275253296
v -0.026864901185035706 0.007841840386390686 0.02628600038588047
v -0.02664310112595558 0.007350319996476173 0.025802701711654663
v -0.03390650451183319 0.006647820118814707 0.02523600123822689
v -0.033137403428554535 0.007487150374799967 0.02594130113720894
v -0.03589950501918793 0.006770020350813866 0.02533000148832798
v -0.03589950501918793 0.006770020350813866 0.02533000148832798
v -0.03589950501918793 0.005004390142858028 0.024204101413488388
v -0.03390650451183319 0.006647820118814707 0.02523600123822689
v -0.03589950501918793 0.005004390142858028 0.024204101413488388
v -0.03455460071563721 0.005732430145144463 0.02461160160601139
v -0.03390650451183319 0.006647820118814707 0.02523600123822689
v -0.035106901079416275 0.004692629911005497 0.02405090071260929
v -0.03455460071563721 0.005732430145144463 0.02461160160601139
v -0.03589950501918793 0.005004390142858028 0.024204101413488388
v -0.03589950501918793 0.005004390142858028 0.024204101413488388
v -0.03589950501918793 0.0030573902186006308 0.023433100432157516
v -0.035106901079416275 0.004692629911005497 0.02405090071260929
v -0.030799500644207 -0.009111519902944565 0.0265400018543005
v -0.030309602618217468 -0.009288810193538666 0.026711100712418556
v -0.03079710155725479 -0.009114410728216171 0.02299090102314949
v -0.029330402612686157 -0.009407300502061844 0.02297450229525566
v -0.03079710155725479 -0.009114410728216171 0.02299090102314949
v -0.030309602618217468 -0.009288810193538666 0.026711100712418556
v -0.030309602618217468 -0.009288810193538666 0.026711100712418556
v -0.029851602390408516 -0.009380480274558067 0.027021801099181175
v -0.029330402612686157 -0.009407300502061844 0.02297450229525566
v -0.029330402612686157 -0.009407300502061844 0.02297450229525566
v -0.029513301327824593 -0.009401950053870678 0.027422301471233368
v -0.029302701354026794 -0.009396450594067574 0.027862900868058205
v -0.029330402612686157 -0.009407300502061844 0.02297450229525566
v -0.029851602390408516 -0.009380480274558067 0.027021801099181175
v -0.029513301327824593 -0.009401950053870678 0.027422301471233368
v -0.028587400913238525 -0.009266000241041183 0.02299869991838932
v -0.029330402612686157 -0.009407300502061844 0.02297450229525566
v -0.02881620079278946 -0.009330380707979202 0.028165701776742935
v -0.029330402612686157 -0.009407300502061844 0.02297450229525566
v -0.02921210043132305 -0.009394009597599506 0.028275901451706886
v -0.02881620079278946 -0.009330380707979202 0.028165701776742935
v -0.029330402612686157 -0.009407300502061844 0.02297450229525566
v -0.029302701354026794 -0.009396450594067574 0.027862900868058205
v -0.02921210043132305 -0.009394009597599506 0.028275901451706886
v -0.02881620079278946 -0.009330380707979202 0.028165701776742935
v -0.028360800817608833 -0.009185660630464554 0.02793930098414421
v -0.028587400913238525 -0.009266000241041183 0.02299869991838932
v -0.027901802211999893 -0.008946080692112446 0.02298559993505478
v -0.028587400913238525 -0.009266000241041183 0.02299869991838932
v -0.02789049968123436 -0.008945470675826073 0.0275851022452116
v -0.028587400913238525 -0.009266000241041183 0.02299869991838932
v -0.028360800817608833 -0.009185660630464554 0.02793930098414421
v -0.02789049968123436 -0.008945470675826073 0.0275851022452116
v -0.02731950208544731 -0.0084677804261446 0.023010700941085815
v -0.027901802211999893 -0.008946080692112446 0.02298559993505478
v -0.027526801452040672 -0.008668040856719017 0.027226701378822327
v -0.027901802211999893 -0.008946080692112446 0.02298559993505478
v -0.02789049968123436 -0.008945470675826073 0.0275851022452116
v -0.027526801452040672 -0.008668040856719017 0.027226701378822327
v -0.027526801452040672 -0.008668040856719017 0.027226701378822327
v -0.027168700471520424 -0.008306019939482212 0.026773899793624878
v -0.02731950208544731 -0.0084677804261446 0.023010700941085815
v -0.026872701942920685 -0.00785525981336832 0.022999100387096405
v -0.02731950208544731 -0.0084677804261446 0.023010700941085815
v -0.02687690034508705 -0.007864450104534626 0.026308201253414154
v -0.02731950208544731 -0.0084677804261446 0.023010700941085815
v -0.027168700471520424 -0.008306019939482212 0.026773899793624878
v -0.02687690034508705 -0.007864450104534626 0.026308201253414154
v -0.02687690034508705 -0.007864450104534626 0.026308201253414154
v -0.02671920135617256 -0.007534580770879984 0.02598480135202408
v -0.026872701942920685 -0.00785525981336832 0.022999100387096405
v -0.026497000828385353 -0.006407900247722864 0.02300490066409111
v -0.026872701942920685 -0.00785525981336832 0.022999100387096405
v -0.026600202545523643 -0.007178559899330139 0.025664500892162323
v -0.026872701942920685 -0.00785525981336832 0.022999100387096405
v -0.02671920135617256 -0.007534580770879984 0.02598480135202408
v -0.026600202545523643 -0.007178559899330139 0.025664500892162323
v -0.026600202545523643 -0.007178559899330139 0.025664500892162323
v -0.026525400578975677 -0.006800880189985037 0.025353601202368736
v -0.026497000828385353 -0.006407900247722864 0.02300490066409111
v -0.026497000828385353 -0.006407900247722864 0.02300490066409111
v -0.026525400578975677 -0.006800880189985037 0.025353601202368736
v -0.02649950236082077 -0.006407810375094414 0.025058399885892868
v 0.025600701570510864 -0.009110851213335991 0.02301350049674511
v 0.024884702637791634 -0.009351369924843311 0.023003799840807915
v 0.025600500404834747 -0.009111510589718819 0.0265400018543005
v 0.024884702637791634 -0.009351369924843311 0.023003799840807915
v 0.025114702060818672 -0.009286491200327873 0.02670850045979023
v 0.025600500404834747 -0.009111510589718819 0.0265400018543005
v 0.02473200112581253 -0.00937661062926054 0.026953302323818207
v 0.025114702060818672 -0.009286491200327873 0.02670850045979023
v 0.024884702637791634 -0.009351369924843311 0.023003799840807915
v 0.024884702637791634 -0.009351369924843311 0.023003799840807915
v 0.02413110062479973 -0.009403050877153873 0.02300180122256279
v 0.02473200112581253 -0.00937661062926054 0.026953302323818207
v 0.02413110062479973 -0.009403050877153873 0.02300180122256279
v 0.024452000856399536 -0.009398160502314568 0.027232700958848
v 0.02473200112581253 -0.00937661062926054 0.026953302323818207
v 0.02413110062479973 -0.009403050877153873 0.02300180122256279
v 0.024182401597499847 -0.009399729780852795 0.027662400156259537
v 0.024452000856399536 -0.009398160502314568 0.027232700958848
v 0.02401590161025524 -0.00938310008496046 0.0282181017100811
v 0.024182401597499847 -0.009399729780852795 0.027662400156259537
v 0.02413110062479973 -0.009403050877153873 0.02300180122256279
v 0.02413110062479973 -0.009403050877153873 0.02300180122256279
v 0.02338859997689724 -0.009265470318496227 0.023013800382614136
v 0.02401590161025524 -0.00938310008496046 0.0282181017100811
v 0.02338859997689724 -0.009265470318496227 0.023013800382614136
v 0.02361290156841278 -0.009329530410468578 0.028164001181721687
v 0.02401590161025524 -0.00938310008496046 0.0282181017100811
v 0.02327350154519081 -0.009226540103554726 0.028009701520204544
v 0.02361290156841278 -0.009329530410468578 0.028164001181721687
v 0.02338859997689724 -0.009265470318496227 0.023013800382614136
v 0.02338859997689724 -0.009265470318496227 0.023013800382614136
v 0.022703800350427628 -0.008945470675826073 0.023007402196526527
v 0.02327350154519081 -0.009226540103554726 0.028009701520204544
v 0.022703800350427628 -0.008945470675826073 0.023007402196526527
v 0.02292330004274845 -0.009075970388948917 0.027775201946496964
v 0.02327350154519081 -0.009226540103554726 0.028009701520204544
v 0.02257240004837513 -0.008860070258378983 0.027479901909828186
v 0.02292330004274845 -0.009075970388948917 0.027775201946496964
v 0.022703800350427628 -0.008945470675826073 0.023007402196526527
v 0.022703800350427628 -0.008945470675826073 0.023007402196526527
v 0.022121300920844078 -0.00846693105995655 0.02301969937980175
v 0.02257240004837513 -0.008860070258378983 0.027479901909828186
v 0.022121300920844078 -0.00846693105995655 0.02301969937980175
v 0.02232930064201355 -0.00866934098303318 0.027228301391005516
v 0.02257240004837513 -0.008860070258378983 0.027479901909828186
v 0.02209320105612278 -0.008439560420811176 0.026944002136588097
v 0.02232930064201355 -0.00866934098303318 0.027228301391005516
v 0.022121300920844078 -0.00846693105995655 0.02301969937980175
v 0.022121300920844078 -0.00846693105995655 0.02301969937980175
v 0.021675601601600647 -0.007855660282075405 0.02301200106739998
v 0.02209320105612278 -0.008439560420811176 0.026944002136588097
v 0.021675601601600647 -0.007855660282075405 0.02301200106739998
v 0.021875601261854172 -0.008174190297722816 0.026638202369213104
v 0.02209320105612278 -0.008439560420811176 0.026944002136588097
v 0.021675601601600647 -0.007855660282075405 0.02301200106739998
v 0.021684100851416588 -0.007875550538301468 0.026319600641727448
v 0.021875601261854172 -0.008174190297722816 0.026638202369213104
v 0.021524500101804733 -0.007545210421085358 0.0259948018938303
v 0.021684100851416588 -0.007875550538301468 0.026319600641727448
v 0.021675601601600647 -0.007855660282075405 0.02301200106739998
v 0.021675601601600647 -0.007855660282075405 0.02301200106739998
v 0.021396402269601822 -0.007156350649893284 0.023028600960969925
v 0.021524500101804733 -0.007545210421085358 0.0259948018938303
v 0.021396402269601822 -0.007156350649893284 0.023028600960969925
v 0.021403200924396515 -0.0071862004697322845 0.02567100152373314
v 0.021524500101804733 -0.007545210421085358 0.0259948018938303
v 0.02132680080831051 -0.006804320029914379 0.02535630203783512
v 0.021403200924396515 -0.0071862004697322845 0.02567100152373314
v 0.021396402269601822 -0.007156350649893284 0.023028600960969925
v 0.021396402269601822 -0.007156350649893284 0.023028600960969925
v 0.021301601082086563 -0.006407500244677067 0.023039400577545166
v 0.02132680080831051 -0.006804320029914379 0.02535630203783512
v 0.021300502121448517 -0.006407810375094414 0.025058399885892868
v 0.02132680080831051 -0.006804320029914379 0.02535630203783512
v 0.021301601082086563 -0.006407500244677067 0.023039400577545166
v -0.030799701809883118 0.009110360406339169 0.023007700219750404
v -0.030083801597356796 0.009354250505566597 0.02299640141427517
v -0.030799500644207 0.009110690094530582 0.0265400018543005
v -0.030083801597356796 0.009354250505566597 0.02299640141427517
v -0.030313802883028984 0.009285660460591316 0.02670850045979023
v -0.030799500644207 0.009110690094530582 0.0265400018543005
v -0.029931001365184784 0.009375790134072304 0.026953302323818207
v -0.030313802883028984 0.009285660460591316 0.02670850045979023
v -0.030083801597356796 0.009354250505566597 0.02299640141427517
v -0.030083801597356796 0.009354250505566597 0.02299640141427517
v -0.029333101585507393 0.00940134096890688 0.02294980175793171
v -0.029931001365184784 0.009375790134072304 0.026953302323818207
v -0.029333101585507393 0.00940134096890688 0.02294980175793171
v -0.029651101678609848 0.009397351182997227 0.027232700958848
v -0.029931001365184784 0.009375790134072304 0.026953302323818207
v -0.029333101585507393 0.00940134096890688 0.02294980175793171
v -0.02938139997422695 0.009398910216987133 0.027662400156259537
v -0.029651101678609848 0.009397351182997227 0.027232700958848
v -0.029215002432465553 0.009382210671901703 0.028217900544404984
v -0.02938139997422695 0.009398910216987133 0.027662400156259537
v -0.029333101585507393 0.00940134096890688 0.02294980175793171
v -0.029333101585507393 0.00940134096890688 0.02294980175793171
v -0.028587400913238525 0.009264551103115082 0.02300110086798668
v -0.029215002432465553 0.009382210671901703 0.028217900544404984
v -0.028587400913238525 0.009264551103115082 0.02300110086798668
v -0.028807200491428375 0.009327639825642109 0.028162101283669472
v -0.029215002432465553 0.009382210671901703 0.028217900544404984
v -0.02846430242061615 0.009222730062901974 0.028005100786685944
v -0.028807200491428375 0.009327639825642109 0.028162101283669472
v -0.028587400913238525 0.009264551103115082 0.02300110086798668
v -0.028587400913238525 0.009264551103115082 0.02300110086798668
v -0.02790370211005211 0.00894572027027607 0.022999702021479607
v -0.02846430242061615 0.009222730062901974 0.028005100786685944
v -0.02790370211005211 0.00894572027027607 0.022999702021479607
v -0.028109000995755196 0.009068409912288189 0.027765102684497833
v -0.02846430242061615 0.009222730062901974 0.028005100786685944
v -0.027751900255680084 0.008845430798828602 0.02746110036969185
v -0.028109000995755196 0.009068409912288189 0.027765102684497833
v -0.02790370211005211 0.00894572027027607 0.022999702021479607
v -0.02790370211005211 0.00894572027027607 0.022999702021479607
v -0.02731970138847828 0.008466389961540699 0.02300950139760971
v -0.027751900255680084 0.008845430798828602 0.02746110036969185
v -0.02731970138847828 0.008466389961540699 0.02300950139760971
v -0.027504801750183105 0.008647780865430832 0.027201902121305466
v -0.027751900255680084 0.008845430798828602 0.02746110036969185
v -0.027267301455140114 0.008411270566284657 0.026911301538348198
v -0.027504801750183105 0.008647780865430832 0.027201902121305466
v -0.02731970138847828 0.008466389961540699 0.02300950139760971
v -0.02731970138847828 0.008466389961540699 0.02300950139760971
v -0.02687470242381096 0.007856760174036026 0.023002400994300842
v -0.027267301455140114 0.008411270566284657 0.026911301538348198
v -0.02687470242381096 0.007856760174036026 0.023002400994300842
v -0.02705170214176178 0.008141410537064075 0.02660290151834488
v -0.027267301455140114 0.008411270566284657 0.026911301538348198
v -0.026864901185035706 0.007841840386390686 0.02628600038588047
v -0.02705170214176178 0.008141410537064075 0.02660290151834488
v -0.02687470242381096 0.007856760174036026 0.023002400994300842
v -0.02687470242381096 0.007856760174036026 0.023002400994300842
v -0.0265951007604599 0.0071556102484464645 0.02301960065960884
v -0.026864901185035706 0.007841840386390686 0.02628600038588047
v -0.0265951007604599 0.0071556102484464645 0.02301960065960884
v -0.02664310112595558 0.007350319996476173 0.025802701711654663
v -0.026864901185035706 0.007841840386390686 0.02628600038588047
v -0.0265245009213686 0.006793670356273651 0.0253486018627882
v -0.02664310112595558 0.007350319996476173 0.025802701711654663
v -0.0265951007604599 0.0071556102484464645 0.02301960065960884
v -0.0265951007604599 0.0071556102484464645 0.02301960065960884
v -0.02650030143558979 0.006406799890100956 0.0230306014418602
v -0.0265245009213686 0.006793670356273651 0.0253486018627882
v -0.02649950236082077 0.006406990345567465 0.025058399885892868
v -0.0265245009213686 0.006793670356273651 0.0253486018627882
v -0.02650030143558979 0.006406799890100956 0.0230306014418602
v 0.025600500404834747 0.009110700339078903 0.0265400018543005
v 0.025110701099038124 0.009287980385124683 0.026711001992225647
v 0.02559240162372589 0.009096390567719936 0.023033101111650467
v 0.024884600192308426 0.009349450469017029 0.022992702201008797
v 0.02559240162372589 0.009096390567719936 0.023033101111650467
v 0.025110701099038124 0.009287980385124683 0.026711001992225647
v 0.025110701099038124 0.009287980385124683 0.026711001992225647
v 0.024652600288391113 0.009379680268466473 0.027021801099181175
v 0.024884600192308426 0.009349450469017029 0.022992702201008797
v 0.024134401232004166 0.009400931186974049 0.02294130064547062
v 0.024884600192308426 0.009349450469017029 0.022992702201008797
v 0.02410300262272358 0.009395580738782883 0.027865102514624596
v 0.024884600192308426 0.009349450469017029 0.022992702201008797
v 0.02431430108845234 0.009401160292327404 0.027422400191426277
v 0.02410300262272358 0.009395580738782883 0.027865102514624596
v 0.024884600192308426 0.009349450469017029 0.022992702201008797
v 0.024652600288391113 0.009379680268466473 0.027021801099181175
v 0.02431430108845234 0.009401160292327404 0.027422400191426277
v 0.023388801142573357 0.009264149703085423 0.022998502478003502
v 0.024134401232004166 0.009400931186974049 0.02294130064547062
v 0.023611800745129585 0.009328470565378666 0.028163501992821693
v 0.024134401232004166 0.009400931186974049 0.02294130064547062
v 0.02401300147175789 0.009393200278282166 0.028275901451706886
v 0.023611800745129585 0.009328470565378666 0.028163501992821693
v 0.024134401232004166 0.009400931186974049 0.02294130064547062
v 0.02410300262272358 0.009395580738782883 0.027865102514624596
v 0.02401300147175789 0.009393200278282166 0.028275901451706886
v 0.023611800745129585 0.009328470565378666 0.028163501992821693
v 0.023152600973844528 0.009181130677461624 0.027933400124311447
v 0.023388801142573357 0.009264149703085423 0.022998502478003502
v 0.02270510047674179 0.008946551010012627 0.02296460047364235
v 0.023388801142573357 0.009264149703085423 0.022998502478003502
v 0.022802000865340233 0.009005961008369923 0.027684099972248077
v 0.023388801142573357 0.009264149703085423 0.022998502478003502
v 0.023152600973844528 0.009181130677461624 0.027933400124311447
v 0.022802000865340233 0.009005961008369923 0.027684099972248077
v 0.022802000865340233 0.009005961008369923 0.027684099972248077
v 0.022555401548743248 0.008847210556268692 0.027463499456644058
v 0.02270510047674179 0.008946551010012627 0.02296460047364235
v 0.022120600566267967 0.0084666907787323 0.02300960011780262
v 0.02270510047674179 0.008946551010012627 0.02296460047364235
v 0.022304100915789604 0.008646270260214806 0.02719990164041519
v 0.02270510047674179 0.008946551010012627 0.02296460047364235
v 0.022555401548743248 0.008847210556268692 0.027463499456644058
v 0.022304100915789604 0.008646270260214806 0.02719990164041519
v 0.022304100915789604 0.008646270260214806 0.02719990164041519
v 0.02206300012767315 0.008405440486967564 0.026904400438070297
v 0.022120600566267967 0.0084666907787323 0.02300960011780262
v 0.02167450077831745 0.007856880314648151 0.022985702380537987
v 0.022120600566267967 0.0084666907787323 0.02300960011780262
v 0.021845800802111626 0.008131660521030426 0.026592200621962547
v 0.022120600566267967 0.0084666907787323 0.02300960011780262
v 0.02206300012767315 0.008405440486967564 0.026904400438070297
v 0.021845800802111626 0.008131660521030426 0.026592200621962547
v 0.021845800802111626 0.008131660521030426 0.026592200621962547
v 0.021574201062321663 0.007676310371607542 0.026107599958777428
v 0.02167450077831745 0.007856880314648151 0.022985702380537987
v 0.021396001800894737 0.007155530154705048 0.023024501278996468
v 0.02167450077831745 0.007856880314648151 0.022985702380537987
v 0.02139570191502571 0.007156750652939081 0.025646401569247246
v 0.02167450077831745 0.007856880314648151 0.022985702380537987
v 0.021574201062321663 0.007676310371607542 0.026107599958777428
v 0.02139570191502571 0.007156750652939081 0.025646401569247246
v 0.02139570191502571 0.007156750652939081 0.025646401569247246
v 0.02132500149309635 0.006790000479668379 0.02534560114145279
v 0.021396001800894737 0.007155530154705048 0.023024501278996468
v 0.021301399916410446 0.006406530272215605 0.023023199290037155
v 0.021396001800894737 0.007155530154705048 0.023024501278996468
v 0.021300502121448517 0.006407000590115786 0.025058399885892868
v 0.021396001800894737 0.007155530154705048 0.023024501278996468
v 0.02132500149309635 0.006790000479668379 0.02534560114145279
v 0.021300502121448517 0.006407000590115786 0.025058399885892868
v 0.02559240162372589 0.009096390567719936 0.023033101111650467
v 0.027041001245379448 0.008243810385465622 0.023053400218486786
v 0.025600500404834747 0.009110700339078903 0.0265400018543005
v 0.027041001245379448 0.008243810385465622 0.023053400218486786
v 0.02606230042874813 0.008871960453689098 0.026500500738620758
v 0.025600500404834747 0.009110700339078903 0.0265400018543005
v 0.027041001245379448 0.008243810385465622 0.023053400218486786
v 0.02653620019555092 0.008590140379965305 0.02657260000705719
v 0.02606230042874813 0.008871960453689098 0.026500500738620758
v 0.027041001245379448 0.008243810385465622 0.023053400218486786
v 0.02698870189487934 0.008282090537250042 0.026760799810290337
v 0.02653620019555092 0.008590140379965305 0.02657260000705719
v 0.027938401326537132 0.007487160619348288 0.02594130113720894
v 0.02698870189487934 0.008282090537250042 0.026760799810290337
v 0.027041001245379448 0.008243810385465622 0.023053400218486786
v 0.027041001245379448 0.008243810385465622 0.023053400218486786
v 0.028295401483774185 0.007123900111764669 0.023042701184749603
v 0.027938401326537132 0.007487160619348288 0.02594130113720894
v 0.02870750240981579 0.006647830363363028 0.02523600123822689
v 0.027938401326537132 0.007487160619348288 0.02594130113720894
v 0.028295401483774185 0.007123900111764669 0.023042701184749603
v 0.028295401483774185 0.007123900111764669 0.023042701184749603
v 0.02931950055062771 0.005790249910205603 0.023031901568174362
v 0.02870750240981579 0.006647830363363028 0.02523600123822689
v 0.029355602338910103 0.005732440389692783 0.02461160160601139
v 0.02870750240981579 0.006647830363363028 0.02523600123822689
v 0.02931950055062771 0.005790249910205603 0.023031901568174362
v 0.02931950055062771 0.005790249910205603 0.023031901568174362
v 0.030077701434493065 0.00428939051926136 0.023021001368761063
v 0.029355602338910103 0.005732440389692783 0.02461160160601139
v 0.030077701434493065 0.00428939051926136 0.023021001368761063
v 0.02990790084004402 0.004692640155553818 0.02405090071260929
v 0.029355602338910103 0.005732440389692783 0.02461160160601139
v 0.03033600188791752 0.0035351202823221684 0.023583201691508293
v 0.02990790084004402 0.004692640155553818 0.02405090071260929
v 0.030077701434493065 0.00428939051926136 0.023021001368761063
v 0.030077701434493065 0.00428939051926136 0.023021001368761063
v 0.030543401837348938 0.002673709997907281 0.02301020175218582
v 0.03033600188791752 0.0035351202823221684 0.023583201691508293
v -0.030799500644207 0.009110690094530582 0.0265400018543005
v -0.031261201947927475 0.008872030302882195 0.026500500738620758
v -0.030799701809883118 0.009110360406339169 0.023007700219750404
v -0.03224010393023491 0.008243749849498272 0.023041600361466408
v -0.030799701809883118 0.009110360406339169 0.023007700219750404
v -0.032187700271606445 0.008282080292701721 0.026760799810290337
v -0.030799701809883118 0.009110360406339169 0.023007700219750404
v -0.031734902411699295 0.008590320125222206 0.02657260000705719
v -0.032187700271606445 0.008282080292701721 0.026760799810290337
v -0.030799701809883118 0.009110360406339169 0.023007700219750404
v -0.031261201947927475 0.008872030302882195 0.026500500738620758
v -0.031734902411699295 0.008590320125222206 0.02657260000705719
v -0.032187700271606445 0.008282080292701721 0.026760799810290337
v -0.033137403428554535 0.007487150374799967 0.02594130113720894
v -0.03224010393023491 0.008243749849498272 0.023041600361466408
v -0.03349440172314644 0.007123940158635378 0.023033199831843376
v -0.03224010393023491 0.008243749849498272 0.023041600361466408
v -0.033137403428554535 0.007487150374799967 0.02594130113720894
v -0.033137403428554535 0.007487150374799967 0.02594130113720894
v -0.03390650451183319 0.006647820118814707 0.02523600123822689
v -0.03349440172314644 0.007123940158635378 0.023033199831843376
v -0.03451860323548317 0.005790200550109148 0.023024801164865494
v -0.03349440172314644 0.007123940158635378 0.023033199831843376
v -0.03390650451183319 0.006647820118814707 0.02523600123822689
v -0.03390650451183319 0.006647820118814707 0.02523600123822689
v -0.03455460071563721 0.005732430145144463 0.02461160160601139
v -0.03451860323548317 0.005790200550109148 0.023024801164865494
v -0.03527750074863434 0.004286590497940779 0.023016301915049553
v -0.03451860323548317 0.005790200550109148 0.023024801164865494
v -0.035106901079416275 0.004692629911005497 0.02405090071260929
v -0.03451860323548317 0.005790200550109148 0.023024801164865494
v -0.03455460071563721 0.005732430145144463 0.02461160160601139
v -0.035106901079416275 0.004692629911005497 0.02405090071260929
v -0.03079710155725479 -0.009114410728216171 0.02299090102314949
v -0.03224020078778267 -0.008244520984590054 0.0230088010430336
v -0.030799500644207 -0.009111519902944565 0.0265400018543005
v -0.03224020078778267 -0.008244520984590054 0.0230088010430336
v -0.03126140311360359 -0.00887278001755476 0.026500500738620758
v -0.030799500644207 -0.009111519902944565 0.0265400018543005
v -0.03224020078778267 -0.008244520984590054 0.0230088010430336
v -0.03173520416021347 -0.008590959943830967 0.026572702452540398
v -0.03126140311360359 -0.00887278001755476 0.026500500738620758
v -0.03224020078778267 -0.008244520984590054 0.0230088010430336
v -0.032187700271606445 -0.008282911032438278 0.026760799810290337
v -0.03173520416021347 -0.008590959943830967 0.026572702452540398
v -0.033136799931526184 -0.00748862000182271 0.02594190090894699
v -0.032187700271606445 -0.008282911032438278 0.026760799810290337
v -0.03224020078778267 -0.008244520984590054 0.0230088010430336
v -0.03224020078778267 -0.008244520984590054 0.0230088010430336
v -0.03349190205335617 -0.007126979995518923 0.0229979008436203
v -0.033136799931526184 -0.00748862000182271 0.02594190090894699
v -0.033906299620866776 -0.006648900453001261 0.025236202403903008
v -0.033136799931526184 -0.00748862000182271 0.02594190090894699
v -0.03349190205335617 -0.007126979995518923 0.0229979008436203
v -0.03349190205335617 -0.007126979995518923 0.0229979008436203
v -0.03451860323548317 -0.005790960043668747 0.022991200909018517
v -0.033906299620866776 -0.006648900453001261 0.025236202403903008
v -0.034554701298475266 -0.005733100231736898 0.024611501023173332
v -0.033906299620866776 -0.006648900453001261 0.025236202403903008
v -0.03451860323548317 -0.005790960043668747 0.022991200909018517
v -0.03451860323548317 -0.005790960043668747 0.022991200909018517
v -0.035107001662254333 -0.004693230148404837 0.024050801992416382
v -0.034554701298475266 -0.005733100231736898 0.024611501023173332
v 0.025600500404834747 -0.009111510589718819 0.0265400018543005
v 0.02606220170855522 -0.00887285079807043 0.026500500738620758
v 0.025600701570510864 -0.009110851213335991 0.02301350049674511
v 0.027041001245379448 -0.008244610391557217 0.023053400218486786
v 0.025600701570510864 -0.009110851213335991 0.02301350049674511
v 0.02698870189487934 -0.008282899856567383 0.026760799810290337
v 0.025600701570510864 -0.009110851213335991 0.02301350049674511
v 0.02653590217232704 -0.008591130375862122 0.02657260000705719
v 0.02698870189487934 -0.008282899856567383 0.026760799810290337
v 0.025600701570510864 -0.009110851213335991 0.02301350049674511
v 0.02606220170855522 -0.00887285079807043 0.026500500738620758
v 0.02653590217232704 -0.008591130375862122 0.02657260000705719
v 0.02698870189487934 -0.008282899856567383 0.026760799810290337
v 0.02793770097196102 -0.007488610222935677 0.02594190090894699
v 0.027041001245379448 -0.008244610391557217 0.023053400218486786
v 0.028293602168560028 -0.007126280106604099 0.023042701184749603
v 0.027041001245379448 -0.008244610391557217 0.023053400218486786
v 0.02793770097196102 -0.007488610222935677 0.02594190090894699
v 0.02793770097196102 -0.007488610222935677 0.02594190090894699
v 0.02870730124413967 -0.00664889020845294 0.025236202403903008
v 0.028293602168560028 -0.007126280106604099 0.023042701184749603
v 0.02931950055062771 -0.005791050381958485 0.023031901568174362
v 0.028293602168560028 -0.007126280106604099 0.023042701184749603
v 0.02870730124413967 -0.00664889020845294 0.025236202403903008
v 0.02870730124413967 -0.00664889020845294 0.025236202403903008
v 0.029355701059103012 -0.005733089987188578 0.024611501023173332
v 0.02931950055062771 -0.005791050381958485 0.023031901568174362
v 0.030077701434493065 -0.004290190525352955 0.023021001368761063
v 0.02931950055062771 -0.005791050381958485 0.023031901568174362
v 0.02990800328552723 -0.004693220369517803 0.024050801992416382
v 0.02931950055062771 -0.005791050381958485 0.023031901568174362
v 0.029355701059103012 -0.005733089987188578 0.024611501023173332
v 0.02990800328552723 -0.004693220369517803 0.024050801992416382
v 0.02990800328552723 -0.004693220369517803 0.024050801992416382
v 0.03033600188791752 -0.003535840194672346 0.023583201691508293
v 0.030077701434493065 -0.004290190525352955 0.023021001368761063
v 0.030700501054525375 0.010694200173020363 0.03657339885830879
v 0.030700501054525375 0.010988201014697552 0.03450009971857071
v 0.030700501054525375 0.010883900336921215 0.03240860253572464
v 0.030700501054525375 0.010883900336921215 0.03240860253572464
v 0.030700501054525375 0.010385200381278992 0.030374800786376
v 0.030700501054525375 0.010694200173020363 0.03657339885830879
v 0.030700501054525375 0.010012700222432613 0.03855350241065025
v 0.030700501054525375 0.010694200173020363 0.03657339885830879
v 0.030700501054525375 0.010385200381278992 0.030374800786376
v 0.030700501054525375 0.010385200381278992 0.030374800786376
v 0.030700501054525375 0.009510080330073833 0.028472300618886948
v 0.030700501054525375 0.010012700222432613 0.03855350241065025
v 0.030700501054525375 0.008968240581452847 0.04036850109696388
v 0.030700501054525375 0.010012700222432613 0.03855350241065025
v 0.030700501054525375 0.009510080330073833 0.028472300618886948
v 0.030700501054525375 0.009510080330073833 0.028472300618886948
v 0.030700501054525375 0.008290289901196957 0.026770099997520447
v 0.030700501054525375 0.008968240581452847 0.04036850109696388
v 0.030700501054525375 0.007598760537803173 0.0419527031481266
v 0.030700501054525375 0.008968240581452847 0.04036850109696388
v 0.030700501054525375 0.008290289901196957 0.026770099997520447
v 0.030700501054525375 0.008290289901196957 0.026770099997520447
v 0.030700501054525375 0.006770030129700899 0.02533000148832798
v 0.030700501054525375 0.007598760537803173 0.0419527031481266
v 0.030700501054525375 0.005953880026936531 0.043248701840639114
v 0.030700501054525375 0.007598760537803173 0.0419527031481266
v 0.030700501054525375 0.006770030129700899 0.02533000148832798
v 0.030700501054525375 0.006770030129700899 0.02533000148832798
v 0.030700501054525375 0.005004399921745062 0.024204101413488388
v 0.030700501054525375 0.005953880026936531 0.043248701840639114
v 0.030700501054525375 0.0040932004339993 0.04420950263738632
v 0.030700501054525375 0.005953880026936531 0.043248701840639114
v 0.030700501054525375 0.005004399921745062 0.024204101413488388
v 0.030700501054525375 0.005004399921745062 0.024204101413488388
v 0.030700501054525375 0.003057400230318308 0.023433100432157516
v 0.030700501054525375 0.0040932004339993 0.04420950263738632
v 0.030700501054525375 0.0020841702353209257 0.044800203293561935
v 0.030700501054525375 0.0040932004339993 0.04420950263738632
v 0.030700501054525375 0.003057400230318308 0.023433100432157516
v 0.030700501054525375 -0.004094010218977928 0.04420950263738632
v 0.030700501054525375 -0.002084980020299554 0.044800203293561935
v 0.030700501054525375 -0.003058200003579259 0.023433100432157516
v 0.030700501054525375 -0.003058200003579259 0.023433100432157516
v 0.030700501054525375 -0.005005210172384977 0.024204101413488388
v 0.030700501054525375 -0.004094010218977928 0.04420950263738632
v 0.030700501054525375 -0.005954680033028126 0.043248701840639114
v 0.030700501054525375 -0.004094010218977928 0.04420950263738632
v 0.030700501054525375 -0.005005210172384977 0.024204101413488388
v 0.030700501054525375 -0.005005210172384977 0.024204101413488388
v 0.030700501054525375 -0.006770830601453781 0.02533000148832798
v 0.030700501054525375 -0.005954680033028126 0.043248701840639114
v 0.030700501054525375 -0.007599570322781801 0.0419527031481266
v 0.030700501054525375 -0.005954680033028126 0.043248701840639114
v 0.030700501054525375 -0.006770830601453781 0.02533000148832798
v 0.030700501054525375 -0.006770830601453781 0.02533000148832798
v 0.030700501054525375 -0.008291090838611126 0.026770099997520447
v 0.030700501054525375 -0.007599570322781801 0.0419527031481266
v 0.030700501054525375 -0.008969040587544441 0.04036850109696388
v 0.030700501054525375 -0.007599570322781801 0.0419527031481266
v 0.030700501054525375 -0.008291090838611126 0.026770099997520447
v 0.030700501054525375 -0.008291090838611126 0.026770099997520447
v 0.030700501054525375 -0.009510880336165428 0.028472300618886948
v 0.030700501054525375 -0.008969040587544441 0.04036850109696388
v 0.030700501054525375 -0.010013500228524208 0.03855350241065025
v 0.030700501054525375 -0.008969040587544441 0.04036850109696388
v 0.030700501054525375 -0.009510880336165428 0.028472300618886948
v 0.030700501054525375 -0.009510880336165428 0.028472300618886948
v 0.030700501054525375 -0.010386000387370586 0.030374800786376
v 0.030700501054525375 -0.010013500228524208 0.03855350241065025
v 0.030700501054525375 -0.010695000179111958 0.03657339885830879
v 0.030700501054525375 -0.010013500228524208 0.03855350241065025
v 0.030700501054525375 -0.010386000387370586 0.030374800786376
v 0.030700501054525375 -0.010386000387370586 0.030374800786376
v 0.030700501054525375 -0.01088470034301281 0.03240860253572464
v 0.030700501054525375 -0.010695000179111958 0.03657339885830879
v 0.030700501054525375 -0.010989001020789146 0.03450009971857071
v 0.030700501054525375 -0.010695000179111958 0.03657339885830879
v 0.030700501054525375 -0.01088470034301281 0.03240860253572464
v 0.021301399916410446 0.006406530272215605 0.023023199290037155
v 0.021300502121448517 0.006407000590115786 0.025058399885892868
v 0.021301601082086563 -0.006407500244677067 0.023039400577545166
v 0.021300502121448517 -0.006407810375094414 0.025058399885892868
v 0.021301601082086563 -0.006407500244677067 0.023039400577545166
v 0.021300502121448517 0.006407000590115786 0.025058399885892868
v 0.021300502121448517 0.006407000590115786 0.025058399885892868
v 0.021300502121448517 0.00795500073581934 0.026402801275253296
v 0.021300502121448517 -0.006407810375094414 0.025058399885892868
v 0.021300502121448517 -0.007955820299685001 0.026402801275253296
v 0.021300502121448517 -0.006407810375094414 0.025058399885892868
v 0.021300502121448517 0.00795500073581934 0.026402801275253296
v 0.021300502121448517 0.00795500073581934 0.026402801275253296
v 0.021300502121448517 0.009226610884070396 0.028011102229356766
v 0.021300502121448517 -0.007955820299685001 0.026402801275253296
v 0.021300502121448517 -0.009227420203387737 0.028011102229356766
v 0.021300502121448517 -0.007955820299685001 0.026402801275253296
v 0.021300502121448517 0.009226610884070396 0.028011102229356766
v 0.021300502121448517 0.009226610884070396 0.028011102229356766
v 0.021300502121448517 0.010177700780332088 0.029827401041984558
v 0.021300502121448517 -0.009227420203387737 0.028011102229356766
v 0.021300502121448517 -0.010178500786423683 0.029827401041984558
v 0.021300502121448517 -0.009227420203387737 0.028011102229356766
v 0.021300502121448517 0.010177700780332088 0.029827401041984558
v 0.021300502121448517 0.010177700780332088 0.029827401041984558
v 0.021300502121448517 0.010775100439786911 0.03178870305418968
v 0.021300502121448517 -0.010178500786423683 0.029827401041984558
v 0.021300502121448517 -0.010775900445878506 0.03178870305418968
v 0.021300502121448517 -0.010178500786423683 0.029827401041984558
v 0.021300502121448517 0.010775100439786911 0.03178870305418968
v 0.021300502121448517 0.010775100439786911 0.03178870305418968
v 0.021300502121448517 0.010998200625181198 0.03382670134305954
v 0.021300502121448517 -0.010775900445878506 0.03178870305418968
v 0.021300502121448517 -0.010998999699950218 0.03382670134305954
v 0.021300502121448517 -0.010775900445878506 0.03178870305418968
v 0.021300502121448517 0.010998200625181198 0.03382670134305954
v 0.021300502121448517 0.010998200625181198 0.03382670134305954
v 0.021300502121448517 0.010839300230145454 0.03587070107460022
v 0.021300502121448517 -0.010998999699950218 0.03382670134305954
v 0.021300502121448517 -0.010840101167559624 0.03587070107460022
v 0.021300502121448517 -0.010998999699950218 0.03382670134305954
v 0.021300502121448517 0.010839300230145454 0.03587070107460022
v 0.021300502121448517 0.010839300230145454 0.03587070107460022
v 0.021300502121448517 0.010303799994289875 0.037849701941013336
v 0.021300502121448517 -0.010840101167559624 0.03587070107460022
v 0.021300502121448517 -0.01030460000038147 0.037849701941013336
v 0.021300502121448517 -0.010840101167559624 0.03587070107460022
v 0.021300502121448517 0.010303799994289875 0.037849701941013336
v 0.021300502121448517 0.010303799994289875 0.037849701941013336
v 0.021300502121448517 0.00941035058349371 0.039695002138614655
v 0.021300502121448517 -0.01030460000038147 0.037849701941013336
v 0.021300502121448517 -0.00941115990281105 0.039695002138614655
v 0.021300502121448517 -0.01030460000038147 0.037849701941013336
v 0.021300502121448517 0.00941035058349371 0.039695002138614655
v 0.021300502121448517 0.00941035058349371 0.039695002138614655
v 0.021300502121448517 0.008190019987523556 0.04134240001440048
v 0.021300502121448517 -0.00941115990281105 0.039695002138614655
v 0.021300502121448517 -0.008190830238163471 0.04134240001440048
v 0.021300502121448517 -0.00941115990281105 0.039695002138614655
v 0.021300502121448517 0.008190019987523556 0.04134240001440048
v 0.021300502121448517 0.008190019987523556 0.04134240001440048
v 0.021300502121448517 0.0066851903684437275 0.04273470118641853
v 0.021300502121448517 -0.008190830238163471 0.04134240001440048
v 0.021300502121448517 -0.006686000153422356 0.04273470118641853
v 0.021300502121448517 -0.008190830238163471 0.04134240001440048
v 0.021300502121448517 0.0066851903684437275 0.04273470118641853
v 0.021300502121448517 0.0066851903684437275 0.04273470118641853
v 0.021300502121448517 0.004948130343109369 0.04382360354065895
v 0.021300502121448517 -0.006686000153422356 0.04273470118641853
v 0.021300502121448517 -0.0049489401280879974 0.04382360354065895
v 0.021300502121448517 -0.006686000153422356 0.04273470118641853
v 0.021300502121448517 0.004948130343109369 0.04382360354065895
v 0.021300502121448517 0.004948130343109369 0.04382360354065895
v 0.021300502121448517 0.003039190312847495 0.04457130283117294
v 0.021300502121448517 -0.0049489401280879974 0.04382360354065895
v 0.021300502121448517 -0.0030400000978261232 0.04457130283117294
v 0.021300502121448517 -0.0049489401280879974 0.04382360354065895
v 0.021300502121448517 0.003039190312847495 0.04457130283117294
v 0.021300502121448517 0.003039190312847495 0.04457130283117294
v 0.021300502121448517 0.0010246600722894073 0.044951699674129486
v 0.021300502121448517 -0.0030400000978261232 0.04457130283117294
v 0.021300502121448517 -0.001025470090098679 0.044951699674129486
v 0.021300502121448517 -0.0030400000978261232 0.04457130283117294
v 0.021300502121448517 0.0010246600722894073 0.044951699674129486
v -0.02649950236082077 0.0010246500605717301 0.044951699674129486
v -0.02649950236082077 0.0030391800682991743 0.04457130283117294
v -0.02649950236082077 -0.0010254801018163562 0.044951699674129486
v -0.02649950236082077 -0.0030400101095438004 0.04457130283117294
v -0.02649950236082077 -0.0010254801018163562 0.044951699674129486
v -0.02649950236082077 0.0030391800682991743 0.04457130283117294
v -0.02649950236082077 0.0030391800682991743 0.04457130283117294
v -0.02649950236082077 0.004948120564222336 0.04382360354065895
v -0.02649950236082077 -0.0030400101095438004 0.04457130283117294
v -0.02649950236082077 -0.004948949906975031 0.04382360354065895
v -0.02649950236082077 -0.0030400101095438004 0.04457130283117294
v -0.02649950236082077 0.004948120564222336 0.04382360354065895
v -0.02649950236082077 0.004948120564222336 0.04382360354065895
v -0.02649950236082077 0.006685180589556694 0.04273470118641853
v -0.02649950236082077 -0.004948949906975031 0.04382360354065895
v -0.02649950236082077 -0.006686010397970676 0.04273470118641853
v -0.02649950236082077 -0.004948949906975031 0.04382360354065895
v -0.02649950236082077 0.006685180589556694 0.04273470118641853
v -0.02649950236082077 0.006685180589556694 0.04273470118641853
v -0.02649950236082077 0.00819001067429781 0.04134240001440048
v -0.02649950236082077 -0.006686010397970676 0.04273470118641853
v -0.02649950236082077 -0.008190840482711792 0.04134240001440048
v -0.02649950236082077 -0.006686010397970676 0.04273470118641853
v -0.02649950236082077 0.00819001067429781 0.04134240001440048
v -0.02649950236082077 0.00819001067429781 0.04134240001440048
v -0.02649950236082077 0.009410340338945389 0.039695002138614655
v -0.02649950236082077 -0.008190840482711792 0.04134240001440048
v -0.02649950236082077 -0.009411170147359371 0.039695002138614655
v -0.02649950236082077 -0.008190840482711792 0.04134240001440048
v -0.02649950236082077 0.009410340338945389 0.039695002138614655
v -0.02649950236082077 0.009410340338945389 0.039695002138614655
v -0.02649950236082077 0.010303799994289875 0.037849701941013336
v -0.02649950236082077 -0.009411170147359371 0.039695002138614655
v -0.02649950236082077 -0.01030460000038147 0.037849701941013336
v -0.02649950236082077 -0.009411170147359371 0.039695002138614655
v -0.02649950236082077 0.010303799994289875 0.037849701941013336
v -0.02649950236082077 0.010303799994289875 0.037849701941013336
v -0.02649950236082077 0.010839300230145454 0.03587070107460022
v -0.02649950236082077 -0.01030460000038147 0.037849701941013336
v -0.02649950236082077 -0.010840101167559624 0.03587070107460022
v -0.02649950236082077 -0.01030460000038147 0.037849701941013336
v -0.02649950236082077 0.010839300230145454 0.03587070107460022
v -0.02649950236082077 0.010839300230145454 0.03587070107460022
v -0.02649950236082077 0.010998200625181198 0.03382670134305954
v -0.02649950236082077 -0.010840101167559624 0.03587070107460022
v -0.02649950236082077 -0.010999100282788277 0.03382670134305954
v -0.02649950236082077 -0.010840101167559624 0.03587070107460022
v -0.02649950236082077 0.010998200625181198 0.03382670134305954
v -0.02649950236082077 0.010998200625181198 0.03382670134305954
v -0.02649950236082077 0.010775100439786911 0.03178870305418968
v -0.02649950236082077 -0.010999100282788277 0.03382670134305954
v -0.02649950236082077 -0.010775900445878506 0.03178870305418968
v -0.02649950236082077 -0.010999100282788277 0.03382670134305954
v -0.02649950236082077 0.010775100439786911 0.03178870305418968
v -0.02649950236082077 0.010775100439786911 0.03178870305418968
v -0.02649950236082077 0.010177700780332088 0.029827401041984558
v -0.02649950236082077 -0.010775900445878506 0.03178870305418968
v -0.02649950236082077 -0.010178500786423683 0.029827401041984558
v -0.02649950236082077 -0.010775900445878506 0.03178870305418968
v -0.02649950236082077 0.010177700780332088 0.029827401041984558
v -0.02649950236082077 0.010177700780332088 0.029827401041984558
v -0.02649950236082077 0.009226610884070396 0.028011102229356766
v -0.02649950236082077 -0.010178500786423683 0.029827401041984558
v -0.02649950236082077 -0.009227430447936058 0.028011102229356766
v -0.02649950236082077 -0.010178500786423683 0.029827401041984558
v -0.02649950236082077 0.009226610884070396 0.028011102229356766
v -0.02649950236082077 0.009226610884070396 0.028011102229356766
v -0.02649950236082077 0.00795500073581934 0.026402801275253296
v -0.02649950236082077 -0.009227430447936058 0.028011102229356766
v -0.02649950236082077 -0.007955820299685001 0.026402801275253296
v -0.02649950236082077 -0.009227430447936058 0.028011102229356766
v -0.02649950236082077 0.00795500073581934 0.026402801275253296
v -0.02649950236082077 0.00795500073581934 0.026402801275253296
v -0.02649950236082077 0.006406990345567465 0.025058399885892868
v -0.02649950236082077 -0.007955820299685001 0.026402801275253296
v -0.02649950236082077 -0.006407810375094414 0.025058399885892868
v -0.02649950236082077 -0.007955820299685001 0.026402801275253296
v -0.02649950236082077 0.006406990345567465 0.025058399885892868
v -0.02649950236082077 0.006406990345567465 0.025058399885892868
v -0.02650030143558979 0.006406799890100956 0.0230306014418602
v -0.02649950236082077 -0.006407810375094414 0.025058399885892868
v -0.026497000828385353 -0.006407900247722864 0.02300490066409111
v -0.02649950236082077 -0.006407810375094414 0.025058399885892868
v -0.02650030143558979 0.006406799890100956 0.0230306014418602
v -0.03589950501918793 0.010988201014697552 0.03450009971857071
v -0.03589950501918793 0.010694200173020363 0.03657339885830879
v -0.03589950501918793 0.010883900336921215 0.03240860253572464
v -0.03589950501918793 0.010385200381278992 0.030374800786376
v -0.03589950501918793 0.010883900336921215 0.03240860253572464
v -0.03589950501918793 0.010694200173020363 0.03657339885830879
v -0.03589950501918793 0.010694200173020363 0.03657339885830879
v -0.03589950501918793 0.010012700222432613 0.03855350241065025
v -0.03589950501918793 0.010385200381278992 0.030374800786376
v -0.03589950501918793 0.009510070085525513 0.028472300618886948
v -0.03589950501918793 0.010385200381278992 0.030374800786376
v -0.03589950501918793 0.010012700222432613 0.03855350241065025
v -0.03589950501918793 0.010012700222432613 0.03855350241065025
v -0.03589950501918793 0.008968230336904526 0.04036850109696388
v -0.03589950501918793 0.009510070085525513 0.028472300618886948
v -0.03589950501918793 0.00829028058797121 0.026770202443003654
v -0.03589950501918793 0.009510070085525513 0.028472300618886948
v -0.03589950501918793 0.008968230336904526 0.04036850109696388
v -0.03589950501918793 0.008968230336904526 0.04036850109696388
v -0.03589950501918793 0.007598750293254852 0.04195280373096466
v -0.03589950501918793 0.00829028058797121 0.026770202443003654
v -0.03589950501918793 0.006770020350813866 0.02533000148832798
v -0.03589950501918793 0.00829028058797121 0.026770202443003654
v -0.03589950501918793 0.007598750293254852 0.04195280373096466
v -0.03589950501918793 0.007598750293254852 0.04195280373096466
v -0.03589950501918793 0.005953870248049498 0.043248701840639114
v -0.03589950501918793 0.006770020350813866 0.02533000148832798
v -0.03589950501918793 0.005004390142858028 0.024204101413488388
v -0.03589950501918793 0.006770020350813866 0.02533000148832798
v -0.03589950501918793 0.005953870248049498 0.043248701840639114
v -0.03589950501918793 0.005953870248049498 0.043248701840639114
v -0.03589950501918793 0.004093190189450979 0.04420950263738632
v -0.03589950501918793 0.005004390142858028 0.024204101413488388
v -0.03589950501918793 0.0030573902186006308 0.023433100432157516
v -0.03589950501918793 0.005004390142858028 0.024204101413488388
v -0.03589950501918793 0.004093190189450979 0.04420950263738632
v -0.03589950501918793 0.004093190189450979 0.04420950263738632
v -0.03589950501918793 0.0020841602236032486 0.044800303876399994
v -0.03589950501918793 0.0030573902186006308 0.023433100432157516
v -0.03589960187673569 0.0010001800255849957 0.02302510105073452
v -0.03589950501918793 0.0030573902186006308 0.023433100432157516
v -0.03589950501918793 0.0020841602236032486 0.044800303876399994
v -0.03589950501918793 0.0020841602236032486 0.044800303876399994
v -0.03589950501918793 -4.1000004102897947e-07 0.04499960318207741
v -0.03589960187673569 0.0010001800255849957 0.02302510105073452
v -0.03589960187673569 0.0010001800255849957 0.02302510105073452
v -0.03589950501918793 -4.1000004102897947e-07 0.04499960318207741
v -0.03589870408177376 -0.0010003000497817993 0.02304290048778057
v -0.03589950501918793 -4.1000004102897947e-07 0.04499960318207741
v -0.03589950501918793 -0.002084990032017231 0.044800303876399994
v -0.03589870408177376 -0.0010003000497817993 0.02304290048778057
v -0.03589950501918793 -0.003058210015296936 0.023433100432157516
v -0.03589870408177376 -0.0010003000497817993 0.02304290048778057
v -0.03589950501918793 -0.002084990032017231 0.044800303876399994
v -0.03589950501918793 -0.002084990032017231 0.044800303876399994
v -0.03589950501918793 -0.004094019997864962 0.04420950263738632
v -0.03589950501918793 -0.003058210015296936 0.023433100432157516
v -0.03589950501918793 -0.005005219951272011 0.024204101413488388
v -0.03589950501918793 -0.003058210015296936 0.023433100432157516
v -0.03589950501918793 -0.004094019997864962 0.04420950263738632
v -0.03589950501918793 -0.004094019997864962 0.04420950263738632
v -0.03589950501918793 -0.00595470005646348 0.043248701840639114
v -0.03589950501918793 -0.005005219951272011 0.024204101413488388
v -0.03589950501918793 -0.006770850624889135 0.02533000148832798
v -0.03589950501918793 -0.005005219951272011 0.024204101413488388
v -0.03589950501918793 -0.00595470005646348 0.043248701840639114
v -0.03589950501918793 -0.00595470005646348 0.043248701840639114
v -0.03589950501918793 -0.007599580101668835 0.04195280373096466
v -0.03589950501918793 -0.006770850624889135 0.02533000148832798
v -0.03589950501918793 -0.008291100151836872 0.026770202443003654
v -0.03589950501918793 -0.006770850624889135 0.02533000148832798
v -0.03589950501918793 -0.007599580101668835 0.04195280373096466
v -0.03589950501918793 -0.007599580101668835 0.04195280373096466
v -0.03589950501918793 -0.008969050832092762 0.04036850109696388
v -0.03589950501918793 -0.008291100151836872 0.026770202443003654
v -0.03589950501918793 -0.009510890580713749 0.028472300618886948
v -0.03589950501918793 -0.008291100151836872 0.026770202443003654
v -0.03589950501918793 -0.008969050832092762 0.04036850109696388
v -0.03589950501918793 -0.008969050832092762 0.04036850109696388
v -0.03589950501918793 -0.010013500228524208 0.03855350241065025
v -0.03589950501918793 -0.009510890580713749 0.028472300618886948
v -0.03589950501918793 -0.010386000387370586 0.030374800786376
v -0.03589950501918793 -0.009510890580713749 0.028472300618886948
v -0.03589950501918793 -0.010013500228524208 0.03855350241065025
v -0.03589950501918793 -0.010013500228524208 0.03855350241065025
v -0.03589950501918793 -0.010695100761950016 0.03657339885830879
v -0.03589950501918793 -0.010386000387370586 0.030374800786376
v -0.03589950501918793 -0.010884800925850868 0.03240860253572464
v -0.03589950501918793 -0.010386000387370586 0.030374800786376
v -0.03589950501918793 -0.010695100761950016 0.03657339885830879
v -0.03589950501918793 -0.010695100761950016 0.03657339885830879
v -0.03589950501918793 -0.010989001020789146 0.03450009971857071
v -0.03589950501918793 -0.010884800925850868 0.03240860253572464
v 0.030700501054525375 -0.003058200003579259 0.023433100432157516
v 0.030702902004122734 -0.0010007499950006604 0.023021701723337173
v 0.030608002096414566 -0.0022876602597534657 0.023240000009536743
v 0.030608002096414566 -0.0022876602597534657 0.023240000009536743
v 0.03033600188791752 -0.003535840194672346 0.023583201691508293
v 0.030700501054525375 -0.003058200003579259 0.023433100432157516
v 0.03033600188791752 0.0035351202823221684 0.023583201691508293
v 0.030608002096414566 0.0022867799270898104 0.023240000009536743
v 0.030700501054525375 0.003057400230318308 0.023433100432157516
v 0.03069930151104927 0.0009994300780817866 0.023041700944304466
v 0.030700501054525375 0.003057400230318308 0.023433100432157516
v 0.030608002096414566 0.0022867799270898104 0.023240000009536743
v 0.030608002096414566 0.0022867799270898104 0.023240000009536743
v 0.03033600188791752 0.0035351202823221684 0.023583201691508293
v 0.030543401837348938 0.002673709997907281 0.02301020175218582
v 0.030543401837348938 0.002673709997907281 0.02301020175218582
v 0.03069930151104927 0.0009994300780817866 0.023041700944304466
v 0.030608002096414566 0.0022867799270898104 0.023240000009536743
v 0.030543401837348938 -0.0026745102368295193 0.02301020175218582
v 0.030077701434493065 -0.004290190525352955 0.023021001368761063
v 0.03033600188791752 -0.003535840194672346 0.023583201691508293
v 0.03033600188791752 -0.003535840194672346 0.023583201691508293
v 0.030608002096414566 -0.0022876602597534657 0.023240000009536743
v 0.030543401837348938 -0.0026745102368295193 0.02301020175218582
v 0.030543401837348938 -0.0026745102368295193 0.02301020175218582
v 0.030608002096414566 -0.0022876602597534657 0.023240000009536743
v 0.030702902004122734 -0.0010007499950006604 0.023021701723337173
f 1 2 3
f 4 5 6
f 7 8 9
f 10 11 12
f 13 14 15
f 16 17 18
f 19 20 21
f 22 23 24
f 25 26 27
f 28 29 30
f 31 32 33
f 34 35 36
f 37 38 39
f 40 41 42
f 43 44 45
f 46 47 48
f 49 50 51
f 52 53 54
f 55 56 57
f 58 59 60
f 61 62 63
f 64 65 66
f 67 68 69
f 70 71 72
f 73 74 75
f 76 77 78
f 79 80 81
f 82 83 84
f 85 86 87
f 88 89 90
f 91 92 93
f 94 95 96
f 97 98 99
f 100 101 102
f 103 104 105
f 106 107 108
f 109 110 111
f 112 113 114
f 115 116 117
f 118 119 120
f 121 122 123
f 124 125 126
f 127 128 129
f 130 131 132
f 133 134 135
f 136 137 138
f 139 140 141
f 142 143 144
f 145 146 147
f 148 149 150
f 151 152 153
f 154 155 156
f 157 158 159
f 160 161 162
f 163 164 165
f 166 167 168
f 169 170 171
f 172 173 174
f 175 176 177
f 178 179 180
f 181 182 183
f 184 185 186
f 187 188 189
f 190 191 192
f 193 194 195
f 196 197 198
f 199 200 201
f 202 203 204
f 205 206 207
f 208 209 210
f 211 212 213
f 214 215 216
f 217 218 219
f 220 221 222
f 223 224 225
f 226 227 228
f 229 230 231
f 232 233 234
f 235 236 237
f 238 239 240
f 241 242 243
f 244 245 246
f 247 248 249
f 250 251 252
f 253 254 255
f 256 257 258
f 259 260 261
f 262 263 264
f 265 266 267
f 268 269 270
f 271 272 273
f 274 275 276
f 277 278 279
f 280 281 282
f 283 284 285
f 286 287 288
f 289 290 291
f 292 293 294
f 295 296 297
f 298 299 300
f 301 302 303
f 304 305 306
f 307 308 309
f 310 311 312
f 313 314 315
f 316 317 318
f 319 320 321
f 322 323 324
f 325 326 327
f 328 329 330
f 331 332 333
f 334 335 336
f 337 338 339
f 340 341 342
f 343 344 345
f 346 347 348
f 349 350 351
f 352 353 354
f 355 356 357
f 358 359 360
f 361 362 363
f 364 365 366
f 367 368 369
f 370 371 372
f 373 374 375
f 376 377 378
f 379 380 381
f 382 383 384
f 385 386 387
f 388 389 390
f 391 392 393
f 394 395 396
f 397 398 399
f 400 401 402
f 403 404 405
f 406 407 408
f 409 410 411
f 412 413 414
f 415 416 417
f 418 419 420
f 421 422 423
f 424 425 426
f 427 428 429
f 430 431 432
f 433 434 435
f 436 437 438
f 439 440 441
f 442 443 444
f 445 446 447
f 448 449 450
f 451 452 453
f 454 455 456
f 457 458 459
f 460 461 462
f 463 464 465
f 466 467 468
f 469 470 471
f 472 473 474
f 475 476 477
f 478 479 480
f 481 482 483
f 484 485 486
f 487 488 489
f 490 491 492
f 493 494 495
f 496 497 498
f 499 500 501
f 502 503 504
f 505 506 507
f 508 509 510
f 511 512 513
f 514 515 516
f 517 518 519
f 520 521 522
f 523 524 525
f 526 527 528
f 529 530 531
f 532 533 534
f 535 536 537
f 538 539 540
f 541 542 543
f 544 545 546
f 547 548 549
f 550 551 552
f 553 554 555
f 556 557 558
f 559 560 561
f 562 563 564
f 565 566 567
f 568 569 570
f 571 572 573
f 574 575 576
f 577 578 579
f 580 581 582
f 583 584 585
f 586 587 588
f 589 590 591
f 592 593 594
f 595 596 597
f 598 599 600
f 601 602 603
f 604 605 606
f 607 608 609
f 610 611 612
f 613 614 615
f 616 617 618
f 619 620 621
f 622 623 624
f 625 626 627
f 628 629 630
f 631 632 633
f 634 635 636
f 637 638 639
f 640 641 642
f 643 644 645
f 646 647 648
f 649 650 651
f 652 653 654
f 655 656 657
f 658 659 660
f 661 662 663
f 664 665 666
f 667 668 669
f 670 671 672
f 673 674 675
f 676 677 678
f 679 680 681
f 682 683 684
f 685 686 687
f 688 689 690
f 691 692 693
f 694 695 696
f 697 698 699
f 700 701 702
f 703 704 705
f 706 707 708
f 709 710 711
f 712 713 714
f 715 716 717
f 718 719 720
f 721 722 723
f 724 725 726
f 727 728 729
f 730 731 732
f 733 734 735
f 736 737 738
f 739 740 741
f 742 743 744
f 745 746 747
f 748 749 750
f 751 752 753
f 754 755 756
f 757 758 759
f 760 761 762
f 763 764 765
f 766 767 768
f 769 770 771
f 772 773 774
f 775 776 777
f 778 779 780
f 781 782 783
f 784 785 786
f 787 788 789
f 790 791 792
f 793 794 795
f 796 797 798
f 799 800 801
f 802 803 804
f 805 806 807
f 808 809 810
f 811 812 813
f 814 815 816
f 817 818 819
f 820 821 822
f 823 824 825
f 826 827 828
f 829 830 831
f 832 833 834
f 835 836 837
f 838 839 840
f 841 842 843
f 844 845 846
f 847 848 849
f 850 851 852
f 853 854 855
f 856 857 858
f 859 860 861
f 862 863 864
f 865 866 867
f 868 869 870
f 871 872 873
f 874 875 876
f 877 878 879
f 880 881 882
f 883 884 885
f 886 887 888
f 889 890 891
f 892 893 894
f 895 896 897
f 898 899 900
f 901 902 903
f 904 905 906
f 907 908 909
f 910 911 912
f 913 914 915
f 916 917 918
f 919 920 921
f 922 923 924
f 925 926 927
f 928 929 930
f 931 932 933
f 934 935 936
f 937 938 939
f 940 941 942
f 943 944 945
f 946 947 948
f 949 950 951
f 952 953 954
f 955 956 957
f 958 959 960
f 961 962 963
f 964 965 966
f 967 968 969
f 970 971 972
f 973 974 975
f 976 977 978
f 979 980 981
f 982 983 984
f 985 986 987
f 988 989 990
f 991 992 993
f 994 995 996
f 997 998 999
f 1000 1001 1002
f 1003 1004 1005
f 1006 1007 1008
f 1009 1010 1011
f 1012 1013 1014
f 1015 1016 1017
f 1018 1019 1020
f 1021 1022 1023
f 1024 1025 1026
f 1027 1028 1029
f 1030 1031 1032
f 1033 1034 1035
f 1036 1037 1038
f 1039 1040 1041
f 1042 1043 1044
f 1045 1046 1047
f 1048 1049 1050
f 1051 1052 1053
f 1054 1055 1056
f 1057 1058 1059
f 1060 1061 1062
f 1063 1064 1065
f 1066 1067 1068
f 1069 1070 1071
f 1072 1073 1074
f 1075 1076 1077
f 1078 1079 1080
f 1081 1082 1083
f 1084 1085 1086
f 1087 1088 1089
f 1090 1091 1092
f 1093 1094 1095
f 1096 1097 1098
f 1099 1100 1101
f 1102 1103 1104
f 1105 1106 1107
f 1108 1109 1110
f 1111 1112 1113
f 1114 1115 1116
f 1117 1118 1119
f 1120 1121 1122
f 1123 1124 1125
f 1126 1127 1128
f 1129 1130 1131
f 1132 1133 1134
f 1135 1136 1137
f 1138 1139 1140
f 1141 1142 1143
f 1144 1145 1146
f 1147 1148 1149
f 1150 1151 1152
f 1153 1154 1155
f 1156 1157 1158
f 1159 1160 1161
f 1162 1163 1164
f 1165 1166 1167
f 1168 1169 1170
f 1171 1172 1173
f 1174 1175 1176
f 1177 1178 1179
f 1180 1181 1182
f 1183 1184 1185
f 1186 1187 1188
f 1189 1190 1191
f 1192 1193 1194
f 1195 1196 1197
f 1198 1199 1200
f 1201 1202 1203
f 1204 1205 1206
f 1207 1208 1209
f 1210 1211 1212
f 1213 1214 1215
f 1216 1217 1218
f 1219 1220 1221
f 1222 1223 1224
f 1225 1226 1227
f 1228 1229 1230
f 1231 1232 1233
f 1234 1235 1236
f 1237 1238 1239
f 1240 1241 1242
f 1243 1244 1245
f 1246 1247 1248
f 1249 1250 1251
f 1252 1253 1254
f 1255 1256 1257
f 1258 1259 1260
f 1261 1262 1263
f 1264 1265 1266
f 1267 1268 1269
f 1270 1271 1272
f 1273 1274 1275
f 1276 1277 1278
f 1279 1280 1281
f 1282 1283 1284
f 1285 1286 1287
f 1288 1289 1290
f 1291 1292 1293
f 1294 1295 1296
f 1297 1298 1299
f 1300 1301 1302
f 1303 1304 1305
f 1306 1307 1308
f 1309 1310 1311
f 1312 1313 1314
f 1315 1316 1317
f 1318 1319 1320
f 1321 1322 1323
f 1324 1325 1326
f 1327 1328 1329
f 1330 1331 1332
f 1333 1334 1335
f 1336 1337 1338
f 1339 1340 1341
f 1342 1343 1344
f 1345 1346 1347
f 1348 1349 1350
f 1351 1352 1353
f 1354 1355 1356
f 1357 1358 1359
f 1360 1361 1362
f 1363 1364 1365
f 1366 1367 1368
f 1369 1370 1371
f 1372 1373 1374
f 1375 1376 1377
f 1378 1379 1380
f 1381 1382 1383
f 1384 1385 1386
f 1387 1388 1389
f 1390 1391 1392
f 1393 1394 1395
f 1396 1397 1398
f 1399 1400 1401
f 1402 1403 1404
f 1405 1406 1407
f 1408 1409 1410
f 1411 1412 1413
f 1414 1415 1416
f 1417 1418 1419
f 1420 1421 1422
f 1423 1424 1425
f 1426 1427 1428
f 1429 1430 1431
f 1432 1433 1434
f 1435 1436 1437
f 1438 1439 1440
f 1441 1442 1443
f 1444 1445 1446
f 1447 1448 1449
f 1450 1451 1452
f 1453 1454 1455
f 1456 1457 1458
f 1459 1460 1461
f 1462 1463 1464
f 1465 1466 1467
f 1468 1469 1470
f 1471 1472 1473
f 1474 1475 1476
f 1477 1478 1479
f 1480 1481 1482
f 1483 1484 1485
f 1486 1487 1488
f 1489 1490 1491
f 1492 1493 1494
f 1495 1496 1497
f 1498 1499 1500
f 1501 1502 1503
f 1504 1505 1506
f 1507 1508 1509
f 1510 1511 1512
f 1513 1514 1515
f 1516 1517 1518
f 1519 1520 1521
f 1522 1523 1524
f 1525 1526 1527
f 1528 1529 1530
f 1531 1532 1533
f 1534 1535 1536
f 1537 1538 1539
f 1540 1541 1542
f 1543 1544 1545
f 1546 1547 1548
f 1549 1550 1551
f 1552 1553 1554
f 1555 1556 1557
f 1558 1559 1560
f 1561 1562 1563
f 1564 1565 1566
f 1567 1568 1569
f 1570 1571 1572
f 1573 1574 1575
f 1576 1577 1578
f 1579 1580 1581
f 1582 1583 1584
f 1585 1586 1587
f 1588 1589 1590
f 1591 1592 1593
f 1594 1595 1596
f 1597 1598 1599
f 1600 1601 1602
f 1603 1604 1605
f 1606 1607 1608
f 1609 1610 1611
f 1612 1613 1614
f 1615 1616 1617
f 1618 1619 1620
f 1621 1622 1623
f 1624 1625 1626
f 1627 1628 1629
f 1630 1631 1632
f 1633 1634 1635
f 1636 1637 1638
f 1639 1640 1641
f 1642 1643 1644
f 1645 1646 1647
f 1648 1649 1650
f 1651 1652 1653
f 1654 1655 1656
f 1657 1658 1659
f 1660 1661 1662
f 1663 1664 1665
f 1666 1667 1668
f 1669 1670 1671
f 1672 1673 1674
f 1675 1676 1677
f 1678 1679 1680
f 1681 1682 1683
f 1684 1685 1686
f 1687 1688 1689
f 1690 1691 1692
f 1693 1694 1695
f 1696 1697 1698
f 1699 1700 1701
f 1702 1703 1704
f 1705 1706 1707
f 1708 1709 1710
f 1711 1712 1713
f 1714 1715 1716
f 1717 1718 1719
f 1720 1721 1722
f 1723 1724 1725
f 1726 1727 1728
f 1729 1730 1731
f 1732 1733 1734
f 1735 1736 1737
f 1738 1739 1740
f 1741 1742 1743
f 1744 1745 1746
f 1747 1748 1749
f 1750 1751 1752
f 1753 1754 1755
f 1756 1757 1758
f 1759 1760 1761
f 1762 1763 1764
f 1765 1766 1767
f 1768 1769 1770
f 1771 1772 1773
f 1774 1775 1776
f 1777 1778 1779
f 1780 1781 1782
f 1783 1784 1785
f 1786 1787 1788
f 1789 1790 1791
f 1792 1793 1794
f 1795 1796 1797
f 1798 1799 1800
f 1801 1802 1803
f 1804 1805 1806
f 1807 1808 1809
f 1810 1811 1812
f 1813 1814 1815
f 1816 1817 1818
f 1819 1820 1821
f 1822 1823 1824
f 1825 1826 1827
f 1828 1829 1830
f 1831 1832 1833
f 1834 1835 1836
f 1837 1838 1839
f 1840 1841 1842
f 1843 1844 1845
f 1846 1847 1848
f 1849 1850 1851
f 1852 1853 1854
f 1855 1856 1857
f 1858 1859 1860
f 1861 1862 1863
f 1864 1865 1866
f 1867 1868 1869
f 1870 1871 1872
f 1873 1874 1875
f 1876 1877 1878
f 1879 1880 1881
f 1882 1883 1884
f 1885 1886 1887
f 1888 1889 1890
f 1891 1892 1893
f 1894 1895 1896
f 1897 1898 1899
f 1900 1901 1902
f 1903 1904 1905
f 1906 1907 1908
f 1909 1910 1911
f 1912 1913 1914
f 1915 1916 1917
f 1918 1919 1920
f 1921 1922 1923
f 1924 1925 1926
f 1927 1928 1929
f 1930 1931 1932
f 1933 1934 1935
f 1936 1937 1938
f 1939 1940 1941
f 1942 1943 1944
f 1945 1946 1947
f 1948 1949 1950
f 1951 1952 1953
f 1954 1955 1956
f 1957 1958 1959
f 1960 1961 1962
f 1963 1964 1965
f 1966 1967 1968
f 1969 1970 1971
f 1972 1973 1974
f 1975 1976 1977
f 1978 1979 1980
f 1981 1982 1983
f 1984 1985 1986
f 1987 1988 1989
f 1990 1991 1992
f 1993 1994 1995
f 1996 1997 1998
f 1999 2000 2001
f 2002 2003 2004
f 2005 2006 2007
f 2008 2009 2010
f 2011 2012 2013
f 2014 2015 2016
f 2017 2018 2019
f 2020 2021 2022
f 2023 2024 2025
f 2026 2027 2028
f 2029 2030 2031
f 2032 2033 2034
f 2035 2036 2037
f 2038 2039 2040
f 2041 2042 2043
f 2044 2045 2046
f 2047 2048 2049
f 2050 2051 2052
f 2053 2054 2055
f 2056 2057 2058
f 2059 2060 2061
f 2062 2063 2064
f 2065 2066 2067
f 2068 2069 2070
f 2071 2072 2073
f 2074 2075 2076
f 2077 2078 2079
f 2080 2081 2082
f 2083 2084 2085
f 2086 2087 2088
f 2089 2090 2091
f 2092 2093 2094
f 2095 2096 2097
f 2098 2099 2100
f 2101 2102 2103
f 2104 2105 2106
f 2107 2108 2109
f 2110 2111 2112
f 2113 2114 2115
f 2116 2117 2118
f 2119 2120 2121
f 2122 2123 2124
f 2125 2126 2127
f 2128 2129 2130
f 2131 2132 2133
f 2134 2135 2136
f 2137 2138 2139
f 2140 2141 2142
f 2143 2144 2145
f 2146 2147 2148
f 2149 2150 2151
f 2152 2153 2154
f 2155 2156 2157
f 2158 2159 2160
f 2161 2162 2163
f 2164 2165 2166
f 2167 2168 2169
f 2170 2171 2172
f 2173 2174 2175
f 2176 2177 2178
f 2179 2180 2181
f 2182 2183 2184
f 2185 2186 2187
f 2188 2189 2190
f 2191 2192 2193
f 2194 2195 2196
f 2197 2198 2199
f 2200 2201 2202
f 2203 2204 2205
f 2206 2207 2208
f 2209 2210 2211
f 2212 2213 2214
f 2215 2216 2217
f 2218 2219 2220
f 2221 2222 2223
f 2224 2225 2226
f 2227 2228 2229
f 2230 2231 2232
f 2233 2234 2235
f 2236 2237 2238
f 2239 2240 2241
f 2242 2243 2244
f 2245 2246 2247
f 2248 2249 2250
f 2251 2252 2253
f 2254 2255 2256
f 2257 2258 2259
f 2260 2261 2262
f 2263 2264 2265
f 2266 2267 2268
f 2269 2270 2271
f 2272 2273 2274
f 2275 2276 2277
f 2278 2279 2280
f 2281 2282 2283
f 2284 2285 2286
f 2287 2288 2289
f 2290 2291 2292
f 2293 2294 2295
f 2296 2297 2298
f 2299 2300 2301
f 2302 2303 2304
f 2305 2306 2307
f 2308 2309 2310
f 2311 2312 2313
f 2314 2315 2316
f 2317 2318 2319
f 2320 2321 2322
f 2323 2324 2325
f 2326 2327 2328
f 2329 2330 2331
f 2332 2333 2334
f 2335 2336 2337
f 2338 2339 2340
f 2341 2342 2343
f 2344 2345 2346
f 2347 2348 2349
f 2350 2351 2352
f 2353 2354 2355
f 2356 2357 2358
f 2359 2360 2361
f 2362 2363 2364
f 2365 2366 2367
f 2368 2369 2370
f 2371 2372 2373
f 2374 2375 2376
f 2377 2378 2379
f 2380 2381 2382
f 2383 2384 2385
f 2386 2387 2388
f 2389 2390 2391
f 2392 2393 2394
f 2395 2396 2397
f 2398 2399 2400
f 2401 2402 2403
f 2404 2405 2406
f 2407 2408 2409
f 2410 2411 2412
f 2413 2414 2415
f 2416 2417 2418
f 2419 2420 2421
f 2422 2423 2424
f 2425 2426 2427
f 2428 2429 2430
f 2431 2432 2433
f 2434 2435 2436
f 2437 2438 2439
f 2440 2441 2442
f 2443 2444 2445
f 2446 2447 2448
f 2449 2450 2451
f 2452 2453 2454
f 2455 2456 2457
f 2458 2459 2460
f 2461 2462 2463
f 2464 2465 2466
f 2467 2468 2469
f 2470 2471 2472
f 2473 2474 2475
f 2476 2477 2478
f 2479 2480 2481
f 2482 2483 2484
f 2485 2486 2487
f 2488 2489 2490
f 2491 2492 2493
f 2494 2495 2496
f 2497 2498 2499
f 2500 2501 2502
f 2503 2504 2505
f 2506 2507 2508
f 2509 2510 2511
f 2512 2513 2514
f 2515 2516 2517
f 2518 2519 2520
f 2521 2522 2523
f 2524 2525 2526
f 2527 2528 2529
f 2530 2531 2532
f 2533 2534 2535
f 2536 2537 2538
f 2539 2540 2541
f 2542 2543 2544
f 2545 2546 2547
f 2548 2549 2550
f 2551 2552 2553
f 2554 2555 2556
f 2557 2558 2559
f 2560 2561 2562
f 2563 2564 2565
f 2566 2567 2568
f 2569 2570 2571
f 2572 2573 2574
f 2575 2576 2577
f 2578 2579 2580
f 2581 2582 2583
f 2584 2585 2586
f 2587 2588 2589
f 2590 2591 2592
f 2593 2594 2595
f 2596 2597 2598
f 2599 2600 2601
f 2602 2603 2604
f 2605 2606 2607
f 2608 2609 2610
f 2611 2612 2613
f 2614 2615 2616
f 2617 2618 2619
f 2620 2621 2622
f 2623 2624 2625
f 2626 2627 2628
f 2629 2630 2631
f 2632 2633 2634
f 2635 2636 2637
f 2638 2639 2640
f 2641 2642 2643
f 2644 2645 2646
f 2647 2648 2649
f 2650 2651 2652
f 2653 2654 2655
f 2656 2657 2658
f 2659 2660 2661
f 2662 2663 2664
f 2665 2666 2667
f 2668 2669 2670
f 2671 2672 2673
f 2674 2675 2676
f 2677 2678 2679
f 2680 2681 2682
f 2683 2684 2685
f 2686 2687 2688
f 2689 2690 2691
f 2692 2693 2694
f 2695 2696 2697
f 2698 2699 2700
f 2701 2702 2703
f 2704 2705 2706
f 2707 2708 2709
f 2710 2711 2712
f 2713 2714 2715
f 2716 2717 2718
f 2719 2720 2721
f 2722 2723 2724
f 2725 2726 2727
f 2728 2729 2730
f 2731 2732 2733
f 2734 2735 2736
f 2737 2738 2739
f 2740 2741 2742
f 2743 2744 2745
f 2746 2747 2748
f 2749 2750 2751
f 2752 2753 2754
f 2755 2756 2757
f 2758 2759 2760
f 2761 2762 2763
f 2764 2765 2766
f 2767 2768 2769
f 2770 2771 2772
f 2773 2774 2775
f 2776 2777 2778
f 2779 2780 2781
f 2782 2783 2784
f 2785 2786 2787
f 2788 2789 2790
f 2791 2792 2793
f 2794 2795 2796
f 2797 2798 2799
f 2800 2801 2802
f 2803 2804 2805
f 2806 2807 2808
f 2809 2810 2811
f 2812 2813 2814
f 2815 2816 2817
f 2818 2819 2820
f 2821 2822 2823
f 2824 2825 2826
f 2827 2828 2829
f 2830 2831 2832
f 2833 2834 2835
f 2836 2837 2838
f 2839 2840 2841
f 2842 2843 2844
f 2845 2846 2847
f 2848 2849 2850
f 2851 2852 2853
f 2854 2855 2856
f 2857 2858 2859
f 2860 2861 2862
f 2863 2864 2865
f 2866 2867 2868
f 2869 2870 2871
f 2872 2873 2874
f 2875 2876 2877
f 2878 2879 2880
f 2881 2882 2883
f 2884 2885 2886
f 2887 2888 2889
f 2890 2891 2892
f 2893 2894 2895
f 2896 2897 2898
f 2899 2900 2901
f 2902 2903 2904
f 2905 2906 2907
f 2908 2909 2910
f 2911 2912 2913
f 2914 2915 2916
f 2917 2918 2919
f 2920 2921 2922
f 2923 2924 2925
f 2926 2927 2928
f 2929 2930 2931
f 2932 2933 2934
f 2935 2936 2937
f 2938 2939 2940
f 2941 2942 2943
f 2944 2945 2946
f 2947 2948 2949
f 2950 2951 2952
f 2953 2954 2955
f 2956 2957 2958
f 2959 2960 2961
f 2962 2963 2964
f 2965 2966 2967
f 2968 2969 2970
f 2971 2972 2973
f 2974 2975 2976
f 2977 2978 2979
f 2980 2981 2982
f 2983 2984 2985
f 2986 2987 2988
f 2989 2990 2991
f 2992 2993 2994
f 2995 2996 2997
f 2998 2999 3000
f 3001 3002 3003
f 3004 3005 3006
f 3007 3008 3009
f 3010 3011 3012
f 3013 3014 3015
f 3016 3017 3018
f 3019 3020 3021
f 3022 3023 3024
f 3025 3026 3027
f 3028 3029 3030
f 3031 3032 3033
f 3034 3035 3036
f 3037 3038 3039
f 3040 3041 3042
f 3043 3044 3045
f 3046 3047 3048
f 3049 3050 3051
f 3052 3053 3054
f 3055 3056 3057
f 3058 3059 3060
f 3061 3062 3063
f 3064 3065 3066
f 3067 3068 3069
f 3070 3071 3072
f 3073 3074 3075
f 3076 3077 3078
f 3079 3080 3081
f 3082 3083 3084
f 3085 3086 3087
f 3088 3089 3090
f 3091 3092 3093
f 3094 3095 3096
f 3097 3098 3099
f 3100 3101 3102
f 3103 3104 3105
f 3106 3107 3108
f 3109 3110 3111
f 3112 3113 3114
f 3115 3116 3117
f 3118 3119 3120
f 3121 3122 3123
f 3124 3125 3126
f 3127 3128 3129
f 3130 3131 3132
f 3133 3134 3135
f 3136 3137 3138
f 3139 3140 3141
f 3142 3143 3144
f 3145 3146 3147
f 3148 3149 3150
f 3151 3152 3153
f 3154 3155 3156
f 3157 3158 3159
f 3160 3161 3162
f 3163 3164 3165
f 3166 3167 3168
f 3169 3170 3171
f 3172 3173 3174
f 3175 3176 3177
f 3178 3179 3180
f 3181 3182 3183
f 3184 3185 3186
f 3187 3188 3189
f 3190 3191 3192
f 3193 3194 3195
f 3196 3197 3198
f 3199 3200 3201
f 3202 3203 3204
f 3205 3206 3207
f 3208 3209 3210
f 3211 3212 3213
f 3214 3215 3216
f 3217 3218 3219
f 3220 3221 3222
f 3223 3224 3225
f 3226 3227 3228
f 3229 3230 3231
f 3232 3233 3234
f 3235 3236 3237
f 3238 3239 3240
f 3241 3242 3243
f 3244 3245 3246
f 3247 3248 3249
f 3250 3251 3252
f 3253 3254 3255
f 3256 3257 3258
f 3259 3260 3261
f 3262 3263 3264
f 3265 3266 3267
f 3268 3269 3270
f 3271 3272 3273
f 3274 3275 3276
f 3277 3278 3279
f 3280 3281 3282
f 3283 3284 3285
f 3286 3287 3288
f 3289 3290 3291
f 3292 3293 3294
f 3295 3296 3297
f 3298 3299 3300
f 3301 3302 3303
f 3304 3305 3306
f 3307 3308 3309
f 3310 3311 3312
f 3313 3314 3315
f 3316 3317 3318
f 3319 3320 3321
f 3322 3323 3324
f 3325 3326 3327
f 3328 3329 3330
f 3331 3332 3333
f 3334 3335 3336
f 3337 3338 3339
f 3340 3341 3342
f 3343 3344 3345
f 3346 3347 3348
f 3349 3350 3351
f 3352 3353 3354
f 3355 3356 3357
f 3358 3359 3360
f 3361 3362 3363
f 3364 3365 3366
f 3367 3368 3369
f 3370 3371 3372
f 3373 3374 3375
f 3376 3377 3378
f 3379 3380 3381
f 3382 3383 3384
f 3385 3386 3387
f 3388 3389 3390
f 3391 3392 3393
f 3394 3395 3396
f 3397 3398 3399
f 3400 3401 3402
f 3403 3404 3405
f 3406 3407 3408
f 3409 3410 3411
f 3412 3413 3414
f 3415 3416 3417
f 3418 3419 3420
f 3421 3422 3423
f 3424 3425 3426
f 3427 3428 3429
f 3430 3431 3432
f 3433 3434 3435
f 3436 3437 3438
f 3439 3440 3441
f 3442 3443 3444
f 3445 3446 3447
f 3448 3449 3450
f 3451 3452 3453
f 3454 3455 3456
f 3457 3458 3459
f 3460 3461 3462
f 3463 3464 3465
f 3466 3467 3468
f 3469 3470 3471
f 3472 3473 3474
f 3475 3476 3477
f 3478 3479 3480
f 3481 3482 3483
f 3484 3485 3486
f 3487 3488 3489
f 3490 3491 3492
f 3493 3494 3495
f 3496 3497 3498
f 3499 3500 3501
f 3502 3503 3504
f 3505 3506 3507
f 3508 3509 3510
f 3511 3512 3513
f 3514 3515 3516
f 3517 3518 3519
f 3520 3521 3522
f 3523 3524 3525
f 3526 3527 3528
f 3529 3530 3531
f 3532 3533 3534
f 3535 3536 3537
f 3538 3539 3540
f 3541 3542 3543
f 3544 3545 3546
f 3547 3548 3549
f 3550 3551 3552
f 3553 3554 3555
f 3556 3557 3558
f 3559 3560 3561
f 3562 3563 3564
f 3565 3566 3567
f 3568 3569 3570
f 3571 3572 3573
f 3574 3575 3576
f 3577 3578 3579
f 3580 3581 3582
f 3583 3584 3585
f 3586 3587 3588
f 3589 3590 3591
f 3592 3593 3594
f 3595 3596 3597
f 3598 3599 3600
f 3601 3602 3603
f 3604 3605 3606
f 3607 3608 3609
f 3610 3611 3612
f 3613 3614 3615
f 3616 3617 3618
f 3619 3620 3621
f 3622 3623 3624
f 3625 3626 3627
f 3628 3629 3630
f 3631 3632 3633
f 3634 3635 3636
f 3637 3638 3639
f 3640 3641 3642
f 3643 3644 3645
f 3646 3647 3648
f 3649 3650 3651
f 3652 3653 3654
f 3655 3656 3657
f 3658 3659 3660
f 3661 3662 3663
f 3664 3665 3666
f 3667 3668 3669
f 3670 3671 3672
f 3673 3674 3675
f 3676 3677 3678
f 3679 3680 3681
f 3682 3683 3684
f 3685 3686 3687
f 3688 3689 3690
f 3691 3692 3693
f 3694 3695 3696
f 3697 3698 3699
f 3700 3701 3702
f 3703 3704 3705
f 3706 3707 3708
f 3709 3710 3711
f 3712 3713 3714
f 3715 3716 3717
f 3718 3719 3720
f 3721 3722 3723
f 3724 3725 3726
f 3727 3728 3729
f 3730 3731 3732
f 3733 3734 3735
f 3736 3737 3738
f 3739 3740 3741
f 3742 3743 3744
f 3745 3746 3747
f 3748 3749 3750
f 3751 3752 3753
f 3754 3755 3756
f 3757 3758 3759
f 3760 3761 3762
f 3763 3764 3765
f 3766 3767 3768
f 3769 3770 3771
f 3772 3773 3774
f 3775 3776 3777
f 3778 3779 3780
f 3781 3782 3783
f 3784 3785 3786
f 3787 3788 3789
f 3790 3791 3792
f 3793 3794 3795
f 3796 3797 3798
f 3799 3800 3801
f 3802 3803 3804
f 3805 3806 3807
f 3808 3809 3810
f 3811 3812 3813
f 3814 3815 3816
f 3817 3818 3819
f 3820 3821 3822
f 3823 3824 3825
f 3826 3827 3828
f 3829 3830 3831
f 3832 3833 3834
f 3835 3836 3837
f 3838 3839 3840
f 3841 3842 3843
f 3844 3845 3846
f 3847 3848 3849
f 3850 3851 3852
f 3853 3854 3855
f 3856 3857 3858
f 3859 3860 3861
f 3862 3863 3864
f 3865 3866 3867
f 3868 3869 3870
f 3871 3872 3873
f 3874 3875 3876
f 3877 3878 3879
f 3880 3881 3882
f 3883 3884 3885
f 3886 3887 3888
f 3889 3890 3891
f 3892 3893 3894
f 3895 3896 3897
f 3898 3899 3900
f 3901 3902 3903
f 3904 3905 3906
f 3907 3908 3909
f 3910 3911 3912
f 3913 3914 3915
f 3916 3917 3918
f 3919 3920 3921
f 3922 3923 3924
f 3925 3926 3927
f 3928 3929 3930
f 3931 3932 3933
f 3934 3935 3936
f 3937 3938 3939
f 3940 3941 3942
f 3943 3944 3945
f 3946 3947 3948
f 3949 3950 3951
f 3952 3953 3954
f 3955 3956 3957
f 3958 3959 3960
f 3961 3962 3963
f 3964 3965 3966
f 3967 3968 3969
f 3970 3971 3972
f 3973 3974 3975
f 3976 3977 3978
f 3979 3980 3981
f 3982 3983 3984
f 3985 3986 3987
f 3988 3989 3990
f 3991 3992 3993
f 3994 3995 3996
f 3997 3998 3999
f 4000 4001 4002
f 4003 4004 4005
f 4006 4007 4008
f 4009 4010 4011
f 4012 4013 4014
f 4015 4016 4017
f 4018 4019 4020
f 4021 4022 4023
f 4024 4025 4026
f 4027 4028 4029
f 4030 4031 4032
f 4033 4034 4035
f 4036 4037 4038
f 4039 4040 4041
f 4042 4043 4044
f 4045 4046 4047
f 4048 4049 4050
f 4051 4052 4053
f 4054 4055 4056
f 4057 4058 4059
f 4060 4061 4062
f 4063 4064 4065
f 4066 4067 4068
f 4069 4070 4071
f 4072 4073 4074
f 4075 4076 4077
f 4078 4079 4080
f 4081 4082 4083
f 4084 4085 4086
f 4087 4088 4089
f 4090 4091 4092
f 4093 4094 4095
f 4096 4097 4098
f 4099 4100 4101
f 4102 4103 4104
f 4105 4106 4107
f 4108 4109 4110
f 4111 4112 4113
f 4114 4115 4116
f 4117 4118 4119
f 4120 4121 4122
f 4123 4124 4125
f 4126 4127 4128
f 4129 4130 4131
f 4132 4133 4134
f 4135 4136 4137
f 4138 4139 4140
f 4141 4142 4143
f 4144 4145 4146
f 4147 4148 4149
f 4150 4151 4152
f 4153 4154 4155
f 4156 4157 4158
f 4159 4160 4161
f 4162 4163 4164
f 4165 4166 4167
f 4168 4169 4170
f 4171 4172 4173
f 4174 4175 4176
f 4177 4178 4179
f 4180 4181 4182
f 4183 4184 4185
f 4186 4187 4188
f 4189 4190 4191
f 4192 4193 4194
f 4195 4196 4197
f 4198 4199 4200
f 4201 4202 4203
f 4204 4205 4206
f 4207 4208 4209
f 4210 4211 4212
f 4213 4214 4215
f 4216 4217 4218
f 4219 4220 4221
f 4222 4223 4224
f 4225 4226 4227
f 4228 4229 4230
f 4231 4232 4233
f 4234 4235 4236
f 4237 4238 4239
f 4240 4241 4242
f 4243 4244 4245
f 4246 4247 4248
f 4249 4250 4251
f 4252 4253 4254
f 4255 4256 4257
f 4258 4259 4260
f 4261 4262 4263
f 4264 4265 4266
f 4267 4268 4269
f 4270 4271 4272
f 4273 4274 4275
f 4276 4277 4278
f 4279 4280 4281
f 4282 4283 4284
f 4285 4286 4287
f 4288 4289 4290
f 4291 4292 4293
f 4294 4295 4296
f 4297 4298 4299
f 4300 4301 4302
f 4303 4304 4305
f 4306 4307 4308
f 4309 4310 4311
f 4312 4313 4314
f 4315 4316 4317
f 4318 4319 4320
f 4321 4322 4323
f 4324 4325 4326
f 4327 4328 4329
f 4330 4331 4332
f 4333 4334 4335
f 4336 4337 4338
f 4339 4340 4341
f 4342 4343 4344
f 4345 4346 4347
f 4348 4349 4350
f 4351 4352 4353
f 4354 4355 4356
f 4357 4358 4359
f 4360 4361 4362
f 4363 4364 4365
f 4366 4367 4368
f 4369 4370 4371
f 4372 4373 4374
f 4375 4376 4377
f 4378 4379 4380
f 4381 4382 4383
f 4384 4385 4386
f 4387 4388 4389
f 4390 4391 4392
f 4393 4394 4395
f 4396 4397 4398
f 4399 4400 4401
f 4402 4403 4404
f 4405 4406 4407
f 4408 4409 4410
f 4411 4412 4413
f 4414 4415 4416
f 4417 4418 4419
f 4420 4421 4422
f 4423 4424 4425
f 4426 4427 4428
f 4429 4430 4431
f 4432 4433 4434
f 4435 4436 4437
f 4438 4439 4440
f 4441 4442 4443
f 4444 4445 4446
f 4447 4448 4449
f 4450 4451 4452
f 4453 4454 4455
f 4456 4457 4458
f 4459 4460 4461
f 4462 4463 4464
f 4465 4466 4467
f 4468 4469 4470
f 4471 4472 4473
f 4474 4475 4476
f 4477 4478 4479
f 4480 4481 4482
f 4483 4484 4485
f 4486 4487 4488
f 4489 4490 4491
f 4492 4493 4494
f 4495 4496 4497
f 4498 4499 4500
f 4501 4502 4503
f 4504 4505 4506
f 4507 4508 4509
f 4510 4511 4512
f 4513 4514 4515
f 4516 4517 4518
f 4519 4520 4521
f 4522 4523 4524
f 4525 4526 4527
f 4528 4529 4530
f 4531 4532 4533
f 4534 4535 4536
f 4537 4538 4539
f 4540 4541 4542
f 4543 4544 4545
f 4546 4547 4548
f 4549 4550 4551
f 4552 4553 4554
f 4555 4556 4557
f 4558 4559 4560
f 4561 4562 4563
f 4564 4565 4566
f 4567 4568 4569
f 4570 4571 4572
f 4573 4574 4575
f 4576 4577 4578
f 4579 4580 4581
f 4582 4583 4584
f 4585 4586 4587
f 4588 4589 4590
f 4591 4592 4593
f 4594 4595 4596
f 4597 4598 4599
f 4600 4601 4602
f 4603 4604 4605
f 4606 4607 4608
f 4609 4610 4611
f 4612 4613 4614
f 4615 4616 4617
f 4618 4619 4620
f 4621 4622 4623
f 4624 4625 4626
f 4627 4628 4629
f 4630 4631 4632
f 4633 4634 4635
f 4636 4637 4638
f 4639 4640 4641
f 4642 4643 4644
f 4645 4646 4647
f 4648 4649 4650
f 4651 4652 4653
f 4654 4655 4656
f 4657 4658 4659
f 4660 4661 4662
f 4663 4664 4665
f 4666 4667 4668
f 4669 4670 4671
f 4672 4673 4674
f 4675 4676 4677
f 4678 4679 4680
f 4681 4682 4683
f 4684 4685 4686
f 4687 4688 4689
f 4690 4691 4692
f 4693 4694 4695
f 4696 4697 4698
f 4699 4700 4701
f 4702 4703 4704
f 4705 4706 4707
f 4708 4709 4710
f 4711 4712 4713
f 4714 4715 4716
f 4717 4718 4719
f 4720 4721 4722
f 4723 4724 4725
f 4726 4727 4728
f 4729 4730 4731
f 4732 4733 4734
f 4735 4736 4737
f 4738 4739 4740
f 4741 4742 4743
f 4744 4745 4746
f 4747 4748 4749
f 4750 4751 4752
f 4753 4754 4755
f 4756 4757 4758
f 4759 4760 4761
f 4762 4763 4764
f 4765 4766 4767
f 4768 4769 4770
f 4771 4772 4773
f 4774 4775 4776
f 4777 4778 4779
f 4780 4781 4782
f 4783 4784 4785
f 4786 4787 4788
f 4789 4790 4791
f 4792 4793 4794
f 4795 4796 4797
f 4798 4799 4800
f 4801 4802 4803
f 4804 4805 4806
f 4807 4808 4809
f 4810 4811 4812
f 4813 4814 4815
f 4816 4817 4818
f 4819 4820 4821
f 4822 4823 4824
f 4825 4826 4827
f 4828 4829 4830
f 4831 4832 4833
f 4834 4835 4836
f 4837 4838 4839
f 4840 4841 4842
f 4843 4844 4845
f 4846 4847 4848
f 4849 4850 4851
f 4852 4853 4854
f 4855 4856 4857
f 4858 4859 4860
f 4861 4862 4863
f 4864 4865 4866
f 4867 4868 4869
f 4870 4871 4872
f 4873 4874 4875
f 4876 4877 4878
f 4879 4880 4881
f 4882 4883 4884
f 4885 4886 4887
f 4888 4889 4890
f 4891 4892 4893
f 4894 4895 4896
f 4897 4898 4899
f 4900 4901 4902
f 4903 4904 4905
f 4906 4907 4908
f 4909 4910 4911
f 4912 4913 4914
f 4915 4916 4917
f 4918 4919 4920
f 4921 4922 4923
f 4924 4925 4926
f 4927 4928 4929
f 4930 4931 4932
f 4933 4934 4935
f 4936 4937 4938
f 4939 4940 4941
f 4942 4943 4944
f 4945 4946 4947
f 4948 4949 4950
f 4951 4952 4953
f 4954 4955 4956
f 4957 4958 4959
f 4960 4961 4962
f 4963 4964 4965
f 4966 4967 4968
f 4969 4970 4971
f 4972 4973 4974
f 4975 4976 4977
f 4978 4979 4980
f 4981 4982 4983
f 4984 4985 4986
f 4987 4988 4989
f 4990 4991 4992
f 4993 4994 4995
f 4996 4997 4998
f 4999 5000 5001
f 5002 5003 5004
f 5005 5006 5007
f 5008 5009 5010
f 5011 5012 5013
f 5014 5015 5016
f 5017 5018 5019
f 5020 5021 5022
f 5023 5024 5025
f 5026 5027 5028
f 5029 5030 5031
f 5032 5033 5034
f 5035 5036 5037
f 5038 5039 5040
f 5041 5042 5043
f 5044 5045 5046
f 5047 5048 5049
f 5050 5051 5052
f 5053 5054 5055
f 5056 5057 5058
f 5059 5060 5061
f 5062 5063 5064
f 5065 5066 5067
f 5068 5069 5070
f 5071 5072 5073
f 5074 5075 5076
f 5077 5078 5079
f 5080 5081 5082
f 5083 5084 5085
f 5086 5087 5088
f 5089 5090 5091
f 5092 5093 5094
f 5095 5096 5097
f 5098 5099 5100
f 5101 5102 5103
f 5104 5105 5106
f 5107 5108 5109
f 5110 5111 5112
f 5113 5114 5115
f 5116 5117 5118
f 5119 5120 5121
f 5122 5123 5124
f 5125 5126 5127
f 5128 5129 5130
f 5131 5132 5133
f 5134 5135 5136
f 5137 5138 5139
f 5140 5141 5142
f 5143 5144 5145
f 5146 5147 5148
f 5149 5150 5151
f 5152 5153 5154
f 5155 5156 5157
f 5158 5159 5160
f 5161 5162 5163
f 5164 5165 5166
f 5167 5168 5169
f 5170 5171 5172
f 5173 5174 5175
f 5176 5177 5178
f 5179 5180 5181
f 5182 5183 5184
f 5185 5186 5187
f 5188 5189 5190
f 5191 5192 5193
f 5194 5195 5196
f 5197 5198 5199
f 5200 5201 5202
f 5203 5204 5205
f 5206 5207 5208
f 5209 5210 5211
f 5212 5213 5214
f 5215 5216 5217
f 5218 5219 5220
f 5221 5222 5223
f 5224 5225 5226
f 5227 5228 5229
f 5230 5231 5232
f 5233 5234 5235
f 5236 5237 5238
f 5239 5240 5241
f 5242 5243 5244
f 5245 5246 5247
f 5248 5249 5250
f 5251 5252 5253
f 5254 5255 5256
f 5257 5258 5259
f 5260 5261 5262
f 5263 5264 5265
f 5266 5267 5268
f 5269 5270 5271
f 5272 5273 5274
f 5275 5276 5277
f 5278 5279 5280
f 5281 5282 5283
f 5284 5285 5286
f 5287 5288 5289
f 5290 5291 5292
f 5293 5294 5295
f 5296 5297 5298
f 5299 5300 5301
f 5302 5303 5304
f 5305 5306 5307
f 5308 5309 5310
f 5311 5312 5313
f 5314 5315 5316
f 5317 5318 5319
f 5320 5321 5322
f 5323 5324 5325
f 5326 5327 5328
f 5329 5330 5331
f 5332 5333 5334
f 5335 5336 5337
f 5338 5339 5340
f 5341 5342 5343
f 5344 5345 5346
f 5347 5348 5349
f 5350 5351 5352
f 5353 5354 5355
f 5356 5357 5358
f 5359 5360 5361
f 5362 5363 5364
f 5365 5366 5367
f 5368 5369 5370
f 5371 5372 5373
f 5374 5375 5376
f 5377 5378 5379
f 5380 5381 5382
f 5383 5384 5385
f 5386 5387 5388
f 5389 5390 5391
f 5392 5393 5394
f 5395 5396 5397
f 5398 5399 5400
f 5401 5402 5403
f 5404 5405 5406
f 5407 5408 5409
f 5410 5411 5412
f 5413 5414 5415
f 5416 5417 5418
f 5419 5420 5421
f 5422 5423 5424
f 5425 5426 5427
f 5428 5429 5430
f 5431 5432 5433
f 5434 5435 5436
f 5437 5438 5439
f 5440 5441 5442
f 5443 5444 5445
f 5446 5447 5448
f 5449 5450 5451
f 5452 5453 5454
f 5455 5456 5457
f 5458 5459 5460
f 5461 5462 5463
f 5464 5465 5466
f 5467 5468 5469
f 5470 5471 5472
f 5473 5474 5475
f 5476 5477 5478
f 5479 5480 5481
f 5482 5483 5484
f 5485 5486 5487
f 5488 5489 5490
f 5491 5492 5493
f 5494 5495 5496
f 5497 5498 5499
f 5500 5501 5502
f 5503 5504 5505
f 5506 5507 5508
f 5509 5510 5511
f 5512 5513 5514
f 5515 5516 5517
f 5518 5519 5520
f 5521 5522 5523
f 5524 5525 5526
