v 0.0024235700257122517 0.007147370371967554 0.05778464302420616
v 0.0010503100929781795 0.007941440679132938 0.05824917182326317
v 0.0010503100929781795 0.007473460398614407 0.05778464302420616
v 0.002608510199934244 0.007941440679132938 0.05863739177584648
v 0.0010503100929781795 0.007941440679132938 0.05824917182326317
v 0.0024235700257122517 0.007147370371967554 0.05778464302420616
v 0.0010503100929781795 0.00849699042737484 0.05964888259768486
v 0.002281250199303031 0.00849699042737484 0.05999264493584633
v 3.1000001854408765e-07 0.008557300083339214 0.06891865283250809
v 3.1000001854408765e-07 0.008557300083339214 0.06891865283250809
v 0.0010353000834584236 0.00849699042737484 0.05778464302420616
v 0.0010503100929781795 0.00849699042737484 0.05964888259768486
v -0.0010346800554543734 0.00849699042737484 0.05778464302420616
v 0.0010353000834584236 0.00849699042737484 0.05778464302420616
v 3.1000001854408765e-07 0.008557300083339214 0.06891865283250809
v -0.0021355801727622747 0.010996990837156773 0.05622232332825661
v -0.004168529994785786 0.010996990837156773 0.05691780522465706
v -0.0015064399922266603 0.011396990157663822 0.059230100363492966
v -0.0015064399922266603 0.011396990157663822 0.059230100363492966
v -1.9000000861524313e-07 0.011396990157663822 0.05905914306640625
v -0.0021355801727622747 0.010996990837156773 0.05622232332825661
v 3.00000039032966e-07 0.010996990837156773 0.0559866800904274
v -0.0021355801727622747 0.010996990837156773 0.05622232332825661
v -1.9000000861524313e-07 0.011396990157663822 0.05905914306640625
v 0.0015062001766636968 0.011396990157663822 0.05922990292310715
v 0.002136159921064973 0.010996990837156773 0.05622231215238571
v 3.00000039032966e-07 0.010996990837156773 0.0559866800904274
v -1.9000000861524313e-07 0.011396990157663822 0.05905914306640625
v 0.0015062001766636968 0.011396990157663822 0.05922990292310715
v 3.00000039032966e-07 0.010996990837156773 0.0559866800904274
v 3.1000001854408765e-07 0.011495300568640232 0.059769775718450546
v 3.199999980552093e-07 0.01149699091911316 0.06590822339057922
v 0.0016991501906886697 0.01149699091911316 0.06007462367415428
v 0.0027389300521463156 0.01149699091911316 0.06049405038356781
v 0.0016991501906886697 0.01149699091911316 0.06007462367415428
v 3.199999980552093e-07 0.01149699091911316 0.06590822339057922
v 0.003648450132459402 0.01149699091911316 0.06107492372393608
v 0.0027389300521463156 0.01149699091911316 0.06049405038356781
v 3.199999980552093e-07 0.01149699091911316 0.06590822339057922
v 3.199999980552093e-07 0.01149699091911316 0.06590822339057922
v 3.1000001854408765e-07 0.011495300568640232 0.059769775718450546
v -0.0016986500704661012 0.01149699091911316 0.06007465347647667
v -0.0016986500704661012 0.01149699091911316 0.06007465347647667
v -0.0027384101413190365 0.01149699091911316 0.06049409508705139
v 3.199999980552093e-07 0.01149699091911316 0.06590822339057922
v -0.0027384101413190365 0.01149699091911316 0.06049409508705139
v -0.003647830104455352 0.01149699091911316 0.061074912548065186
v 3.199999980552093e-07 0.01149699091911316 0.06590822339057922
v -0.0027384101413190365 0.01149699091911316 0.06049409508705139
v -0.0016986500704661012 0.01149699091911316 0.06007465347647667
v -0.002908170223236084 0.011396990157663822 0.059720560908317566
v -0.0015064399922266603 0.011396990157663822 0.059230100363492966
v -0.002908170223236084 0.011396990157663822 0.059720560908317566
v -0.0016986500704661012 0.01149699091911316 0.06007465347647667
v -0.0016986500704661012 0.01149699091911316 0.06007465347647667
v 3.1000001854408765e-07 0.011495300568640232 0.059769775718450546
v -0.0015064399922266603 0.011396990157663822 0.059230100363492966
v -1.9000000861524313e-07 0.011396990157663822 0.05905914306640625
v -0.0015064399922266603 0.011396990157663822 0.059230100363492966
v 3.1000001854408765e-07 0.011495300568640232 0.059769775718450546
v 0.0015062001766636968 0.011396990157663822 0.05922990292310715
v -1.9000000861524313e-07 0.011396990157663822 0.05905914306640625
v 3.1000001854408765e-07 0.011495300568640232 0.059769775718450546
v 3.1000001854408765e-07 0.011495300568640232 0.059769775718450546
v 0.0016991501906886697 0.01149699091911316 0.06007462367415428
v 0.0015062001766636968 0.011396990157663822 0.05922990292310715
v 0.002908320166170597 0.011396990157663822 0.05972033366560936
v 0.0015062001766636968 0.011396990157663822 0.05922990292310715
v 0.0016991501906886697 0.01149699091911316 0.06007462367415428
v 0.002608510199934244 0.007941440679132938 0.05863739177584648
v 0.0010503100929781795 0.00849699042737484 0.05964888259768486
v 0.0010503100929781795 0.007941440679132938 0.05824917182326317
v 0.002281250199303031 0.00849699042737484 0.05999264493584633
v 0.0010503100929781795 0.00849699042737484 0.05964888259768486
v 0.002608510199934244 0.007941440679132938 0.05863739177584648
v 0.0010503100929781795 0.007473460398614407 0.05778464302420616
v 0.0010503100929781795 0.007941440679132938 0.05824917182326317
v 0.0010353000834584236 0.00849699042737484 0.05778464302420616
v 0.0010503100929781795 0.00849699042737484 0.05964888259768486
v 0.0010353000834584236 0.00849699042737484 0.05778464302420616
v 0.0010503100929781795 0.007941440679132938 0.05824917182326317
v 0.0010503100929781795 0.007473460398614407 0.05778464302420616
v 0.0010353000834584236 0.00849699042737484 0.05778464302420616
v -0.0010346800554543734 0.00849699042737484 0.05778464302420616
v 0.007550140377134085 -0.004003009758889675 0.05778465047478676
v -0.0010346800554543734 0.00849699042737484 0.05778464302420616
v -0.004999690223485231 0.00849699042737484 0.05778464302420616
v 0.007550140377134085 -0.004003009758889675 0.05778465047478676
v -0.004999690223485231 0.00849699042737484 0.05778464302420616
v -0.005499690305441618 0.005169030278921127 0.05778464302420616
v 0.007550140377134085 -0.004003009758889675 0.05778465047478676
v -0.005499690305441618 0.005169030278921127 0.05778464302420616
v -0.00634754030033946 0.004084140062332153 0.05778464302420616
v 0.007550140377134085 -0.004003009758889675 0.05778465047478676
v -0.00634754030033946 0.004084140062332153 0.05778464302420616
v -0.007003739941865206 0.00281537021510303 0.05778464302420616
v 0.007550140377134085 -0.004003009758889675 0.05778465047478676
v -0.007003739941865206 0.00281537021510303 0.05778464302420616
v -0.00741158053278923 0.0014335899613797665 0.05778464302420616
v 0.007550140377134085 -0.004003009758889675 0.05778465047478676
v -0.00741158053278923 0.0014335899613797665 0.05778464302420616
v -0.007549520581960678 -3.0100002277322346e-06 0.05778464302420616
v -0.007549520581960678 -0.004003009758889675 0.05778464302420616
v 0.007550140377134085 -0.004003009758889675 0.05778465047478676
v -0.007549520581960678 -3.0100002277322346e-06 0.05778464302420616
v 3.199999980552093e-07 0.01149699091911316 0.06590822339057922
v 0.0037385004106909037 0.01149699091911316 0.06949624419212341
v 0.004490820225328207 0.01149699091911316 0.06853881478309631
v -0.0031753501389175653 0.008699920028448105 0.0682973638176918
v 3.1000001854408765e-07 0.008557300083339214 0.06891865283250809
v -0.0032892499584704638 0.00910510029643774 0.06940429657697678
v 0.002239390043541789 0.011046990752220154 0.07225643843412399
v 0.002270990051329136 0.011487990617752075 0.07079403847455978
v 0.0011387800332158804 0.011487990617752075 0.07116059213876724
v 0.002239390043541789 0.011046990752220154 0.07225643843412399
v 0.0011387800332158804 0.011487990617752075 0.07116059213876724
v 0.0007628500461578369 0.011046990752220154 0.07259023934602737
v 0.0007628500461578369 0.011046990752220154 0.07259023934602737
v 0.0011387800332158804 0.011487990617752075 0.07116059213876724
v 3.199999980552093e-07 0.011487990617752075 0.07128465920686722
v 0.0037385004106909037 0.01149699091911316 0.06949624419212341
v 0.002786280121654272 0.01149699091911316 0.07025549560785294
v 0.004812709987163544 0.0110470000654459 0.07065682858228683
v 0.0036086200270801783 0.0110470000654459 0.07160508632659912
v 0.004812709987163544 0.0110470000654459 0.07065682858228683
v 0.002786280121654272 0.01149699091911316 0.07025549560785294
v 0.002239390043541789 0.011046990752220154 0.07225643843412399
v 0.0036086200270801783 0.0110470000654459 0.07160508632659912
v 0.002270990051329136 0.011487990617752075 0.07079403847455978
v 0.0036086200270801783 0.0110470000654459 0.07160508632659912
v 0.002786280121654272 0.01149699091911316 0.07025549560785294
v 0.002270990051329136 0.011487990617752075 0.07079403847455978
v -0.0007552400347776711 0.011046990752220154 0.07259101420640945
v 0.0007628500461578369 0.011046990752220154 0.07259023934602737
v 3.199999980552093e-07 0.011487990617752075 0.07128465920686722
v 3.199999980552093e-07 0.011487990617752075 0.07128465920686722
v -0.0011612200178205967 0.011487990617752075 0.07116059213876724
v -0.0007552400347776711 0.011046990752220154 0.07259101420640945
v -0.002232140162959695 0.011046990752220154 0.07225872576236725
v -0.0007552400347776711 0.011046990752220154 0.07259101420640945
v -0.0011612200178205967 0.011487990617752075 0.07116059213876724
v -0.0011612200178205967 0.011487990617752075 0.07116059213876724
v -0.0022703600116074085 0.011487990617752075 0.07079403847455978
v -0.002232140162959695 0.011046990752220154 0.07225872576236725
v -0.003601960139349103 0.0110470000654459 0.07160881906747818
v -0.002232140162959695 0.011046990752220154 0.07225872576236725
v -0.0022703600116074085 0.011487990617752075 0.07079403847455978
v -0.0022703600116074085 0.011487990617752075 0.07079403847455978
v -0.0027856500819325447 0.01149699091911316 0.07025549560785294
v -0.003601960139349103 0.0110470000654459 0.07160881906747818
v -0.004806990269571543 0.011047011241316795 0.07066184282302856
v -0.003601960139349103 0.0110470000654459 0.07160881906747818
v -0.0027856500819325447 0.01149699091911316 0.07025549560785294
v -0.0027856500819325447 0.01149699091911316 0.07025549560785294
v -0.0037378801498562098 0.01149699091911316 0.06949624419212341
v -0.004806990269571543 0.011047011241316795 0.07066184282302856
v 0.0034422501921653748 0.009963979944586754 0.0719369649887085
v 0.0031093801371753216 0.010381720028817654 0.07245206087827682
v 0.002016620012000203 0.009968580678105354 0.0725330337882042
v 0.005281980149447918 0.01027448009699583 0.07113149762153625
v 0.0025770801585167646 0.010856080800294876 0.07245101779699326
v 0.0031093801371753216 0.010381720028817654 0.07245206087827682
v 0.005281980149447918 0.01027448009699583 0.07113149762153625
v 0.003997470252215862 0.010836070403456688 0.07174595445394516
v 0.0025770801585167646 0.010856080800294876 0.07245101779699326
v 0.005281980149447918 0.01027448009699583 0.07113149762153625
v 0.0050908601842820644 0.010759751312434673 0.07100474089384079
v 0.003997470252215862 0.010836070403456688 0.07174595445394516
v 0.005281980149447918 0.01027448009699583 0.07113149762153625
v 0.0031093801371753216 0.010381720028817654 0.07245206087827682
v 0.004967370070517063 0.009875950403511524 0.0709589347243309
v 0.0031093801371753216 0.010381720028817654 0.07245206087827682
v 0.0034422501921653748 0.009963979944586754 0.0719369649887085
v 0.004967370070517063 0.009875950403511524 0.0709589347243309
v 0.005716920364648104 0.01068465132266283 0.07048512250185013
v 0.0050908601842820644 0.010759751312434673 0.07100474089384079
v 0.005281980149447918 0.01027448009699583 0.07113149762153625
v 0.004967370070517063 0.009875950403511524 0.0709589347243309
v 0.005569440312683582 0.009803720749914646 0.07045921683311462
v 0.005281980149447918 0.01027448009699583 0.07113149762153625
v -0.0025955901946872473 0.009968580678105354 0.07233196496963501
v -0.003108750330284238 0.010381720028817654 0.07245206087827682
v -0.0038662301376461983 0.009951350279152393 0.07170066237449646
v -0.0010676500387489796 0.010380299761891365 0.07307559996843338
v -0.003108750330284238 0.010381720028817654 0.07245206087827682
v -0.0010601800167933106 0.009968580678105354 0.07274751365184784
v -0.003108750330284238 0.010381720028817654 0.07245206087827682
v -0.0025955901946872473 0.009968580678105354 0.07233196496963501
v -0.0010601800167933106 0.009968580678105354 0.07274751365184784
v -0.0010676500387489796 0.010380299761891365 0.07307559996843338
v -0.0026338803581893444 0.010856080800294876 0.07242852449417114
v -0.003108750330284238 0.010381720028817654 0.07245206087827682
v -0.0010676500387489796 0.010380299761891365 0.07307559996843338
v -0.0016512899892404675 0.010856080800294876 0.07273823022842407
v -0.0026338803581893444 0.010856080800294876 0.07242852449417114
v -0.0010676500387489796 0.010380299761891365 0.07307559996843338
v -0.00046035004197619855 0.010856080800294876 0.07291682064533234
v -0.0016512899892404675 0.010856080800294876 0.07273823022842407
v 0.001068280078470707 0.010380299761891365 0.07307559996843338
v -0.0010676500387489796 0.010380299761891365 0.07307559996843338
v 0.000811130041256547 0.009968580678105354 0.07278098911046982
v -0.0010676500387489796 0.010380299761891365 0.07307559996843338
v -0.0010601800167933106 0.009968580678105354 0.07274751365184784
v 0.000811130041256547 0.009968580678105354 0.07278098911046982
v -0.0010676500387489796 0.010380299761891365 0.07307559996843338
v 0.001068280078470707 0.010380299761891365 0.07307559996843338
v -0.00046035004197619855 0.010856080800294876 0.07291682064533234
v 0.001068280078470707 0.010380299761891365 0.07307559996843338
v 0.000823090027552098 0.010856080800294876 0.07288416475057602
v -0.00046035004197619855 0.010856080800294876 0.07291682064533234
v 0.0020463501568883657 0.010856080800294876 0.0726325586438179
v 0.000823090027552098 0.010856080800294876 0.07288416475057602
v 0.001068280078470707 0.010380299761891365 0.07307559996843338
v 0.001068280078470707 0.010380299761891365 0.07307559996843338
v 0.002016620012000203 0.009968580678105354 0.0725330337882042
v 0.0031093801371753216 0.010381720028817654 0.07245206087827682
v 0.001068280078470707 0.010380299761891365 0.07307559996843338
v 0.000811130041256547 0.009968580678105354 0.07278098911046982
v 0.002016620012000203 0.009968580678105354 0.0725330337882042
v 0.001068280078470707 0.010380299761891365 0.07307559996843338
v 0.0031093801371753216 0.010381720028817654 0.07245206087827682
v 0.0020463501568883657 0.010856080800294876 0.0726325586438179
v 0.0031093801371753216 0.010381720028817654 0.07245206087827682
v 0.0025770801585167646 0.010856080800294876 0.07245101779699326
v 0.0020463501568883657 0.010856080800294876 0.0726325586438179
v -0.005968490615487099 0.009740850888192654 0.07008223980665207
v -0.004848519805818796 0.00988733023405075 0.0710485577583313
v -0.005281360354274511 0.01027448009699583 0.07113149762153625
v -0.004967280197888613 0.010771590285003185 0.07109794020652771
v -0.005533040501177311 0.010709349997341633 0.07064544409513474
v -0.005281360354274511 0.01027448009699583 0.07113149762153625
v -0.005281360354274511 0.01027448009699583 0.07113149762153625
v -0.003108750330284238 0.010381720028817654 0.07245206087827682
v -0.004967280197888613 0.010771590285003185 0.07109794020652771
v -0.003108750330284238 0.010381720028817654 0.07245206087827682
v -0.003945730160921812 0.010838160291314125 0.0717761367559433
v -0.004967280197888613 0.010771590285003185 0.07109794020652771
v -0.003108750330284238 0.010381720028817654 0.07245206087827682
v -0.0026338803581893444 0.010856080800294876 0.07242852449417114
v -0.003945730160921812 0.010838160291314125 0.0717761367559433
v -0.005281360354274511 0.01027448009699583 0.07113149762153625
v -0.0038662301376461983 0.009951350279152393 0.07170066237449646
v -0.003108750330284238 0.010381720028817654 0.07245206087827682
v -0.005281360354274511 0.01027448009699583 0.07113149762153625
v -0.004848519805818796 0.00988733023405075 0.0710485577583313
v -0.0038662301376461983 0.009951350279152393 0.07170066237449646
v -0.003338240087032318 0.00949195958673954 0.0705542266368866
v -0.0025446501094847918 0.009651150554418564 0.07140520215034485
v -0.0038662301376461983 0.009951350279152393 0.07170066237449646
v -0.0038662301376461983 0.009951350279152393 0.07170066237449646
v -0.004848519805818796 0.00988733023405075 0.0710485577583313
v -0.003338240087032318 0.00949195958673954 0.0705542266368866
v -0.004848519805818796 0.00988733023405075 0.0710485577583313
v -0.0032892499584704638 0.00910510029643774 0.06940429657697678
v -0.003338240087032318 0.00949195958673954 0.0705542266368866
v -0.004848519805818796 0.00988733023405075 0.0710485577583313
v -0.0031753501389175653 0.008699920028448105 0.0682973638176918
v -0.0032892499584704638 0.00910510029643774 0.06940429657697678
v 0.0034422501921653748 0.009963979944586754 0.0719369649887085
v 0.002016620012000203 0.009968580678105354 0.0725330337882042
v 0.002548020100221038 0.009651150554418564 0.07140519469976425
v 0.004967370070517063 0.009875950403511524 0.0709589347243309
v 0.0034422501921653748 0.009963979944586754 0.0719369649887085
v 0.0033382701221853495 0.009492401033639908 0.07055584341287613
v 0.0034422501921653748 0.009963979944586754 0.0719369649887085
v 0.002548020100221038 0.009651150554418564 0.07140519469976425
v 0.0033382701221853495 0.009492401033639908 0.07055584341287613
v 0.0033382701221853495 0.009492401033639908 0.07055584341287613
v 0.0032898802310228348 0.00910510029643774 0.06940429657697678
v 0.004967370070517063 0.009875950403511524 0.0709589347243309
v -0.0025955901946872473 0.009968580678105354 0.07233196496963501
v -0.0038662301376461983 0.009951350279152393 0.07170066237449646
v -0.0025446501094847918 0.009651150554418564 0.07140520215034485
v -0.0025446501094847918 0.009651150554418564 0.07140520215034485
v -0.0013042200589552522 0.009651150554418564 0.07181620597839355
v -0.0025955901946872473 0.009968580678105354 0.07233196496963501
v -0.0010601800167933106 0.009968580678105354 0.07274751365184784
v -0.0025955901946872473 0.009968580678105354 0.07233196496963501
v -0.0013042200589552522 0.009651150554418564 0.07181620597839355
v -0.0013042200589552522 0.009651150554418564 0.07181620597839355
v 2.800000231673039e-07 0.009651150554418564 0.07195565104484558
v -0.0010601800167933106 0.009968580678105354 0.07274751365184784
v 2.800000231673039e-07 0.009651150554418564 0.07195565104484558
v 0.0013047800166532397 0.009651150554418564 0.07181622833013535
v -0.0010601800167933106 0.009968580678105354 0.07274751365184784
v 0.0013047800166532397 0.009651150554418564 0.07181622833013535
v 0.000811130041256547 0.009968580678105354 0.07278098911046982
v -0.0010601800167933106 0.009968580678105354 0.07274751365184784
v 0.002016620012000203 0.009968580678105354 0.0725330337882042
v 0.000811130041256547 0.009968580678105354 0.07278098911046982
v 0.0013047800166532397 0.009651150554418564 0.07181622833013535
v 0.0013047800166532397 0.009651150554418564 0.07181622833013535
v 0.002548020100221038 0.009651150554418564 0.07140519469976425
v 0.002016620012000203 0.009968580678105354 0.0725330337882042
v -0.005533040501177311 0.010709349997341633 0.07064544409513474
v -0.004967280197888613 0.010771590285003185 0.07109794020652771
v -0.004806990269571543 0.011047011241316795 0.07066184282302856
v -0.003601960139349103 0.0110470000654459 0.07160881906747818
v -0.004806990269571543 0.011047011241316795 0.07066184282302856
v -0.003945730160921812 0.010838160291314125 0.0717761367559433
v -0.004806990269571543 0.011047011241316795 0.07066184282302856
v -0.004967280197888613 0.010771590285003185 0.07109794020652771
v -0.003945730160921812 0.010838160291314125 0.0717761367559433
v -0.003945730160921812 0.010838160291314125 0.0717761367559433
v -0.0026338803581893444 0.010856080800294876 0.07242852449417114
v -0.003601960139349103 0.0110470000654459 0.07160881906747818
v -0.002232140162959695 0.011046990752220154 0.07225872576236725
v -0.003601960139349103 0.0110470000654459 0.07160881906747818
v -0.0026338803581893444 0.010856080800294876 0.07242852449417114
v -0.0026338803581893444 0.010856080800294876 0.07242852449417114
v -0.0016512899892404675 0.010856080800294876 0.07273823022842407
v -0.002232140162959695 0.011046990752220154 0.07225872576236725
v -0.0007552400347776711 0.011046990752220154 0.07259101420640945
v -0.002232140162959695 0.011046990752220154 0.07225872576236725
v -0.00046035004197619855 0.010856080800294876 0.07291682064533234
v -0.002232140162959695 0.011046990752220154 0.07225872576236725
v -0.0016512899892404675 0.010856080800294876 0.07273823022842407
v -0.00046035004197619855 0.010856080800294876 0.07291682064533234
v 0.0007628500461578369 0.011046990752220154 0.07259023934602737
v -0.0007552400347776711 0.011046990752220154 0.07259101420640945
v 0.000823090027552098 0.010856080800294876 0.07288416475057602
v -0.0007552400347776711 0.011046990752220154 0.07259101420640945
v -0.00046035004197619855 0.010856080800294876 0.07291682064533234
v 0.000823090027552098 0.010856080800294876 0.07288416475057602
v 0.002239390043541789 0.011046990752220154 0.07225643843412399
v 0.0007628500461578369 0.011046990752220154 0.07259023934602737
v 0.0020463501568883657 0.010856080800294876 0.0726325586438179
v 0.0007628500461578369 0.011046990752220154 0.07259023934602737
v 0.000823090027552098 0.010856080800294876 0.07288416475057602
v 0.0020463501568883657 0.010856080800294876 0.0726325586438179
v 0.0020463501568883657 0.010856080800294876 0.0726325586438179
v 0.0025770801585167646 0.010856080800294876 0.07245101779699326
v 0.002239390043541789 0.011046990752220154 0.07225643843412399
v 0.0036086200270801783 0.0110470000654459 0.07160508632659912
v 0.002239390043541789 0.011046990752220154 0.07225643843412399
v 0.003997470252215862 0.010836070403456688 0.07174595445394516
v 0.002239390043541789 0.011046990752220154 0.07225643843412399
v 0.0025770801585167646 0.010856080800294876 0.07245101779699326
v 0.003997470252215862 0.010836070403456688 0.07174595445394516
v 0.004812709987163544 0.0110470000654459 0.07065682858228683
v 0.0036086200270801783 0.0110470000654459 0.07160508632659912
v 0.0050908601842820644 0.010759751312434673 0.07100474089384079
v 0.0036086200270801783 0.0110470000654459 0.07160508632659912
v 0.003997470252215862 0.010836070403456688 0.07174595445394516
v 0.0050908601842820644 0.010759751312434673 0.07100474089384079
v 0.004738150164484978 0.011175320483744144 0.059668123722076416
v 0.004118820186704397 0.011396990157663822 0.0604676716029644
v 0.005349560175091028 0.011345560662448406 0.06180425360798836
v 0.006561920512467623 0.01093566045165062 0.060267433524131775
v 0.004738150164484978 0.011175320483744144 0.059668123722076416
v 0.005349560175091028 0.011345560662448406 0.06180425360798836
v 0.006561920512467623 0.01093566045165062 0.060267433524131775
v 0.005349560175091028 0.011345560662448406 0.06180425360798836
v 0.007031560409814119 0.010814170353114605 0.06221390515565872
v 3.199999980552093e-07 0.01149699091911316 0.06590822339057922
v 0.0050035701133310795 0.01149699091911316 0.06743311882019043
v 0.005248530302196741 0.01149699091911316 0.06623880565166473
v 3.199999980552093e-07 0.01149699091911316 0.06590822339057922
v 0.004490820225328207 0.01149699091911316 0.06853881478309631
v 0.0050035701133310795 0.01149699091911316 0.06743311882019043
v 0.007550140377134085 -3.0100002277322346e-06 0.05778465047478676
v 0.007550140377134085 -0.004003009758889675 0.05778465047478676
v 0.007846010848879814 -3.0100002277322346e-06 0.05807458236813545
v 0.007846010848879814 -3.0100002277322346e-06 0.05807458236813545
v 0.007550140377134085 -0.004003009758889675 0.05778465047478676
v 0.007351689971983433 -0.009849350899457932 0.057601913809776306
v 0.0075155505910515785 0.010275540873408318 0.06840620189905167
v 0.007075710222125053 0.009963280521333218 0.06935165077447891
v 0.008379139937460423 0.009467439725995064 0.06722308695316315
v 0.0075155505910515785 0.010275540873408318 0.06840620189905167
v 0.006998320575803518 0.010432060807943344 0.06912188977003098
v 0.007075710222125053 0.009963280521333218 0.06935165077447891
v 0.008808310143649578 0.009329920634627342 0.0655202865600586
v 0.008751850575208664 0.009447690099477768 0.06575461477041245
v 0.008801139891147614 0.009231280535459518 0.06582974642515182
v 0.007494230289012194 0.007941590622067451 0.06450987607240677
v 0.007358190603554249 0.007941440679132938 0.0638488233089447
v 0.008130740374326706 0.007101680152118206 0.06368239223957062
v 0.007570140063762665 0.00864121038466692 0.06607723981142044
v 0.008226600475609303 0.008939649909734726 0.06659763306379318
v 0.007704010233283043 0.009252320975065231 0.06779226660728455
v 0.008379590697586536 0.00873648002743721 0.06591034680604935
v 0.008226600475609303 0.008939649909734726 0.06659763306379318
v 0.007570140063762665 0.00864121038466692 0.06607723981142044
v 0.008922809734940529 0.008797772228717804 0.06371438503265381
v 0.008945140056312084 0.008884510025382042 0.06498747318983078
v 0.008993670344352722 0.008087439462542534 0.06455763429403305
v 0.008922809734940529 0.008797772228717804 0.06371438503265381
v 0.008808310143649578 0.009329920634627342 0.0655202865600586
v 0.008945140056312084 0.008884510025382042 0.06498747318983078
v 0.008802729658782482 0.0075872004963457584 0.06467843800783157
v 0.008993670344352722 0.008087439462542534 0.06455763429403305
v 0.00895635038614273 0.008269410580396652 0.0648677870631218
v 0.008690389804542065 0.008161979727447033 0.06511563062667847
v 0.008802729658782482 0.0075872004963457584 0.06467843800783157
v 0.00895635038614273 0.008269410580396652 0.0648677870631218
v 0.008802729658782482 0.0075872004963457584 0.06467843800783157
v 0.008130740374326706 0.007101680152118206 0.06368239223957062
v 0.008675710298120975 0.007079440634697676 0.06404446065425873
v 0.008376440033316612 0.007530330680310726 0.06474487483501434
v 0.008130740374326706 0.007101680152118206 0.06368239223957062
v 0.008802729658782482 0.0075872004963457584 0.06467843800783157
v 0.008802729658782482 0.0075872004963457584 0.06467843800783157
v 0.008690389804542065 0.008161979727447033 0.06511563062667847
v 0.008376440033316612 0.007530330680310726 0.06474487483501434
v 0.007358190603554249 0.007941440679132938 0.0638488233089447
v 0.006137230433523655 0.00849699042737484 0.06474155187606812
v 0.00602274015545845 0.00849699042737484 0.0642097219824791
v 0.008945140056312084 0.008884510025382042 0.06498747318983078
v 0.00895635038614273 0.008269410580396652 0.0648677870631218
v 0.008993670344352722 0.008087439462542534 0.06455763429403305
v 0.007358190603554249 0.007941440679132938 0.0638488233089447
v 0.007494230289012194 0.007941590622067451 0.06450987607240677
v 0.006137230433523655 0.00849699042737484 0.06474155187606812
v 0.008690389804542065 0.008161979727447033 0.06511563062667847
v 0.00895635038614273 0.008269410580396652 0.0648677870631218
v 0.008772449567914009 0.008656390942633152 0.06541832536458969
v 0.008690389804542065 0.008161979727447033 0.06511563062667847
v 0.008772449567914009 0.008656390942633152 0.06541832536458969
v 0.008556559681892395 0.008562800474464893 0.06549903750419617
v 0.008945140056312084 0.008884510025382042 0.06498747318983078
v 0.008772449567914009 0.008656390942633152 0.06541832536458969
v 0.00895635038614273 0.008269410580396652 0.0648677870631218
v 0.008945140056312084 0.008884510025382042 0.06498747318983078
v 0.008808310143649578 0.009329920634627342 0.0655202865600586
v 0.008772449567914009 0.008656390942633152 0.06541832536458969
v 0.008808310143649578 0.009329920634627342 0.0655202865600586
v 0.008801139891147614 0.009231280535459518 0.06582974642515182
v 0.008772449567914009 0.008656390942633152 0.06541832536458969
v 0.008801139891147614 0.009231280535459518 0.06582974642515182
v 0.008747220039367676 0.00900932028889656 0.06588835269212723
v 0.008772449567914009 0.008656390942633152 0.06541832536458969
v 0.008556559681892395 0.008562800474464893 0.06549903750419617
v 0.008772449567914009 0.008656390942633152 0.06541832536458969
v 0.008747220039367676 0.00900932028889656 0.06588835269212723
v 0.008556559681892395 0.008562800474464893 0.06549903750419617
v 0.008747220039367676 0.00900932028889656 0.06588835269212723
v 0.008595450781285763 0.008831179700791836 0.06591738015413284
v 0.008556559681892395 0.008562800474464893 0.06549903750419617
v 0.008595450781285763 0.008831179700791836 0.06591738015413284
v 0.008379590697586536 0.00873648002743721 0.06591034680604935
v 0.008330060169100761 0.008342570625245571 0.06538938730955124
v 0.008690389804542065 0.008161979727447033 0.06511563062667847
v 0.008556559681892395 0.008562800474464893 0.06549903750419617
v 0.007494230289012194 0.007941590622067451 0.06450987607240677
v 0.007726860232651234 0.007839050143957138 0.06504834443330765
v 0.006137230433523655 0.00849699042737484 0.06474155187606812
v 0.006137230433523655 0.00849699042737484 0.06474155187606812
v 0.007726860232651234 0.007839050143957138 0.06504834443330765
v 0.006372000556439161 0.008495460264384747 0.06534729152917862
v 0.006372000556439161 0.008495460264384747 0.06534729152917862
v 0.007726860232651234 0.007839050143957138 0.06504834443330765
v 0.006589020136743784 0.00849699042737484 0.06582475453615189
v 0.006589020136743784 0.00849699042737484 0.06582475453615189
v 0.007726860232651234 0.007839050143957138 0.06504834443330765
v 0.006915190257132053 0.008540970273315907 0.06599626690149307
v 0.006915190257132053 0.008540970273315907 0.06599626690149307
v 0.007726860232651234 0.007839050143957138 0.06504834443330765
v 0.007570140063762665 0.00864121038466692 0.06607723981142044
v 0.007946360856294632 0.00850669015198946 0.0657157376408577
v 0.007570140063762665 0.00864121038466692 0.06607723981142044
v 0.007726860232651234 0.007839050143957138 0.06504834443330765
v 0.008330060169100761 0.008342570625245571 0.06538938730955124
v 0.007946360856294632 0.00850669015198946 0.0657157376408577
v 0.007726860232651234 0.007839050143957138 0.06504834443330765
v 0.008330060169100761 0.008342570625245571 0.06538938730955124
v 0.007726860232651234 0.007839050143957138 0.06504834443330765
v 0.008690389804542065 0.008161979727447033 0.06511563062667847
v 0.008690389804542065 0.008161979727447033 0.06511563062667847
v 0.007726860232651234 0.007839050143957138 0.06504834443330765
v 0.008376440033316612 0.007530330680310726 0.06474487483501434
v 0.008130740374326706 0.007101680152118206 0.06368239223957062
v 0.008376440033316612 0.007530330680310726 0.06474487483501434
v 0.007726860232651234 0.007839050143957138 0.06504834443330765
v 0.007726860232651234 0.007839050143957138 0.06504834443330765
v 0.007494230289012194 0.007941590622067451 0.06450987607240677
v 0.008130740374326706 0.007101680152118206 0.06368239223957062
v 0.0032898802310228348 0.00910510029643774 0.06940429657697678
v 3.1000001854408765e-07 0.008557300083339214 0.06891865283250809
v 0.0036756901536136866 0.008718440309166908 0.06835970282554626
v 0.007550140377134085 -0.004003009758889675 0.05778465047478676
v 0.0010503100929781795 0.007473460398614407 0.05778464302420616
v -0.0010346800554543734 0.00849699042737484 0.05778464302420616
v 0.007550140377134085 -0.004003009758889675 0.05778465047478676
v 0.0024235700257122517 0.007147370371967554 0.05778464302420616
v 0.0010503100929781795 0.007473460398614407 0.05778464302420616
v 0.007550140377134085 -0.004003009758889675 0.05778465047478676
v 0.003693200182169676 0.006582020316272974 0.05778465047478676
v 0.0024235700257122517 0.007147370371967554 0.05778464302420616
v 0.007550140377134085 -0.004003009758889675 0.05778465047478676
v 0.004871150478720665 0.005765440408140421 0.05778465047478676
v 0.003693200182169676 0.006582020316272974 0.05778465047478676
v 0.007550140377134085 -0.004003009758889675 0.05778465047478676
v 0.005952620413154364 0.004641349893063307 0.05778465047478676
v 0.004871150478720665 0.005765440408140421 0.05778465047478676
v 0.007550140377134085 -0.004003009758889675 0.05778465047478676
v 0.0069309803657233715 0.002916020108386874 0.05778465047478676
v 0.005952620413154364 0.004641349893063307 0.05778465047478676
v 0.007550140377134085 -0.004003009758889675 0.05778465047478676
v 0.007550140377134085 -3.0100002277322346e-06 0.05778465047478676
v 0.0069309803657233715 0.002916020108386874 0.05778465047478676
v 0.005739440210163593 -0.010503009893000126 0.05640048161149025
v 0.004619230050593615 -0.010503009893000126 0.0558013841509819
v 0.005774390418082476 -0.010753010399639606 0.05634334310889244
v 0.005774390418082476 -0.010753010399639606 0.05634334310889244
v 0.0035235201939940453 -0.010856560431420803 0.05520966276526451
v 0.005861190147697926 -0.010919380933046341 0.05620140954852104
v 0.0035235201939940453 -0.010856560431420803 0.05520966276526451
v 0.006000310182571411 -0.011003009974956512 0.05597394332289696
v 0.005861190147697926 -0.010919380933046341 0.05620140954852104
v 0.008688930422067642 -0.009291529655456543 0.05792509391903877
v 0.008721720427274704 -0.009243200533092022 0.05779251456260681
v 0.00900031067430973 -0.008003010414540768 0.05803868547081947
v 0.008022979833185673 -0.010218590497970581 0.05723000317811966
v 0.008721720427274704 -0.009243200533092022 0.05779251456260681
v 0.008688930422067642 -0.009291529655456543 0.05792509391903877
v 0.00900031067430973 -0.008003010414540768 0.05803868547081947
v 0.008943690918385983 -0.008003001101315022 0.058269795030355453
v 0.008688930422067642 -0.009291529655456543 0.05792509391903877
v 0.00699644023552537 -0.010798640549182892 0.05675002187490463
v 0.007088580634444952 -0.010773400776088238 0.056597039103507996
v 0.008022979833185673 -0.010218590497970581 0.05723000317811966
v 0.007088580634444952 -0.010773400776088238 0.056597039103507996
v 0.00699644023552537 -0.010798640549182892 0.05675002187490463
v 0.006739550270140171 -0.010910511016845703 0.05637839436531067
v 0.008022979833185673 -0.010218590497970581 0.05723000317811966
v 0.007846510037779808 -0.010234460234642029 0.057508163154125214
v 0.00699644023552537 -0.010798640549182892 0.05675002187490463
v 0.007846510037779808 -0.010234460234642029 0.057508163154125214
v 0.008022979833185673 -0.010218590497970581 0.05723000317811966
v 0.008688930422067642 -0.009291529655456543 0.05792509391903877
v 0.008943690918385983 -0.008003001101315022 0.058269795030355453
v 0.008786629885435104 -0.008003001101315022 0.058448582887649536
v 0.008688930422067642 -0.009291529655456543 0.05792509391903877
v 0.006000310182571411 -0.011003009974956512 0.05597394332289696
v 0.006739550270140171 -0.010910511016845703 0.05637839436531067
v 0.00699644023552537 -0.010798640549182892 0.05675002187490463
v 0.00699644023552537 -0.010798640549182892 0.05675002187490463
v 0.006761780008673668 -0.010624420829117298 0.056969743221998215
v 0.006000310182571411 -0.011003009974956512 0.05597394332289696
v 0.006761780008673668 -0.010624420829117298 0.056969743221998215
v 0.00699644023552537 -0.010798640549182892 0.05675002187490463
v 0.007846510037779808 -0.010234460234642029 0.057508163154125214
v 0.005861190147697926 -0.010919380933046341 0.05620140954852104
v 0.006000310182571411 -0.011003009974956512 0.05597394332289696
v 0.006761780008673668 -0.010624420829117298 0.056969743221998215
v 0.008388340473175049 -0.009291820228099823 0.0582159049808979
v 0.008688930422067642 -0.009291529655456543 0.05792509391903877
v 0.008786629885435104 -0.008003001101315022 0.058448582887649536
v 0.008688930422067642 -0.009291529655456543 0.05792509391903877
v 0.008388340473175049 -0.009291820228099823 0.0582159049808979
v 0.007846510037779808 -0.010234460234642029 0.057508163154125214
v 0.008786629885435104 -0.008003001101315022 0.058448582887649536
v 0.008564730174839497 -0.008003001101315022 0.058534521609544754
v 0.008388340473175049 -0.009291820228099823 0.0582159049808979
v 0.007691500708460808 -0.010171180590987206 0.0576145239174366
v 0.007846510037779808 -0.010234460234642029 0.057508163154125214
v 0.008388340473175049 -0.009291820228099823 0.0582159049808979
v 0.007846510037779808 -0.010234460234642029 0.057508163154125214
v 0.007691500708460808 -0.010171180590987206 0.0576145239174366
v 0.006761780008673668 -0.010624420829117298 0.056969743221998215
v 0.005774390418082476 -0.010753010399639606 0.05634334310889244
v 0.005861190147697926 -0.010919380933046341 0.05620140954852104
v 0.006761780008673668 -0.010624420829117298 0.056969743221998215
v 0.008388340473175049 -0.009291820228099823 0.0582159049808979
v 0.008133790455758572 -0.009193249978125095 0.058253321796655655
v 0.007691500708460808 -0.010171180590987206 0.0576145239174366
v 0.008133790455758572 -0.009193249978125095 0.058253321796655655
v 0.008388340473175049 -0.009291820228099823 0.0582159049808979
v 0.008564730174839497 -0.008003001101315022 0.058534521609544754
v 0.008564730174839497 -0.008003001101315022 0.058534521609544754
v 0.008328240364789963 -0.008003001101315022 0.05850813165307045
v 0.008133790455758572 -0.009193249978125095 0.058253321796655655
v 0.0074707199819386005 -0.00998155027627945 0.05766316130757332
v 0.007691500708460808 -0.010171180590987206 0.0576145239174366
v 0.008133790455758572 -0.009193249978125095 0.058253321796655655
v 0.007691500708460808 -0.010171180590987206 0.0576145239174366
v 0.0074707199819386005 -0.00998155027627945 0.05766316130757332
v 0.006761780008673668 -0.010624420829117298 0.056969743221998215
v 0.006761780008673668 -0.010624420829117298 0.056969743221998215
v 0.006685730069875717 -0.010501280426979065 0.0570058636367321
v 0.005774390418082476 -0.010753010399639606 0.05634334310889244
v 0.006685730069875717 -0.010501280426979065 0.0570058636367321
v 0.006761780008673668 -0.010624420829117298 0.056969743221998215
v 0.0074707199819386005 -0.00998155027627945 0.05766316130757332
v 0.008133790455758572 -0.009193249978125095 0.058253321796655655
v 0.007908690720796585 -0.009036480449140072 0.058139972388744354
v 0.0074707199819386005 -0.00998155027627945 0.05766316130757332
v 0.007908690720796585 -0.009036480449140072 0.058139972388744354
v 0.008133790455758572 -0.009193249978125095 0.058253321796655655
v 0.008328240364789963 -0.008003001101315022 0.05850813165307045
v 0.007351689971983433 -0.009849350899457932 0.057601913809776306
v 0.0074707199819386005 -0.00998155027627945 0.05766316130757332
v 0.007908690720796585 -0.009036480449140072 0.058139972388744354
v 0.0074707199819386005 -0.00998155027627945 0.05766316130757332
v 0.007351689971983433 -0.009849350899457932 0.057601913809776306
v 0.006685730069875717 -0.010501280426979065 0.0570058636367321
v 0.008328240364789963 -0.008003001101315022 0.05850813165307045
v 0.008130740374326706 -0.008003010414540768 0.058375462889671326
v 0.007908690720796585 -0.009036480449140072 0.058139972388744354
v 0.005739440210163593 -0.010503009893000126 0.05640048161149025
v 0.005774390418082476 -0.010753010399639606 0.05634334310889244
v 0.006685730069875717 -0.010501280426979065 0.0570058636367321
v 0.00900031067430973 -3.0100002277322346e-06 0.05803868547081947
v 0.008943690918385983 -3.0100002277322346e-06 0.058269795030355453
v 0.00900031067430973 -0.008003010414540768 0.05803868547081947
v 0.008943690918385983 -0.008003001101315022 0.058269795030355453
v 0.00900031067430973 -0.008003010414540768 0.05803868547081947
v 0.008943690918385983 -3.0100002277322346e-06 0.058269795030355453
v 0.008943690918385983 -3.0100002277322346e-06 0.058269795030355453
v 0.008786640129983425 -3.0100002277322346e-06 0.058448560535907745
v 0.008943690918385983 -0.008003001101315022 0.058269795030355453
v 0.008786629885435104 -0.008003001101315022 0.058448582887649536
v 0.008943690918385983 -0.008003001101315022 0.058269795030355453
v 0.008786640129983425 -3.0100002277322346e-06 0.058448560535907745
v 0.008786640129983425 -3.0100002277322346e-06 0.058448560535907745
v 0.008564760908484459 -3.0100002277322346e-06 0.05853451415896416
v 0.008786629885435104 -0.008003001101315022 0.058448582887649536
v 0.008564730174839497 -0.008003001101315022 0.058534521609544754
v 0.008786629885435104 -0.008003001101315022 0.058448582887649536
v 0.008564760908484459 -3.0100002277322346e-06 0.05853451415896416
v 0.008564760908484459 -3.0100002277322346e-06 0.05853451415896416
v 0.00832827016711235 -3.0100002277322346e-06 0.05850815027952194
v 0.008564730174839497 -0.008003001101315022 0.058534521609544754
v 0.008328240364789963 -0.008003001101315022 0.05850813165307045
v 0.008564730174839497 -0.008003001101315022 0.058534521609544754
v 0.00832827016711235 -3.0100002277322346e-06 0.05850815027952194
v 0.00832827016711235 -3.0100002277322346e-06 0.05850815027952194
v 0.008130740374326706 -3.0100002277322346e-06 0.058375462889671326
v 0.008328240364789963 -0.008003001101315022 0.05850813165307045
v 0.008130740374326706 -0.008003010414540768 0.058375462889671326
v 0.008328240364789963 -0.008003001101315022 0.05850813165307045
v 0.008130740374326706 -3.0100002277322346e-06 0.058375462889671326
v 0.008130740374326706 -3.0100002277322346e-06 0.058375462889671326
v 0.007846010848879814 -3.0100002277322346e-06 0.05807458236813545
v 0.008130740374326706 -0.008003010414540768 0.058375462889671326
v 0.007846010848879814 -3.0100002277322346e-06 0.05807458236813545
v 0.007908690720796585 -0.009036480449140072 0.058139972388744354
v 0.008130740374326706 -0.008003010414540768 0.058375462889671326
v 0.007351689971983433 -0.009849350899457932 0.057601913809776306
v 0.007908690720796585 -0.009036480449140072 0.058139972388744354
v 0.007846010848879814 -3.0100002277322346e-06 0.05807458236813545
v 0.007550140377134085 -0.004003009758889675 0.05778465047478676
v 0.00591680034995079 -0.004003009758889675 0.0565112940967083
v 0.007351689971983433 -0.009849350899457932 0.057601913809776306
v 0.00591680034995079 -0.004003009758889675 0.0565112940967083
v 0.006685730069875717 -0.010501280426979065 0.0570058636367321
v 0.007351689971983433 -0.009849350899457932 0.057601913809776306
v 0.005739440210163593 -0.010503009893000126 0.05640048161149025
v 0.006685730069875717 -0.010501280426979065 0.0570058636367321
v 0.00591680034995079 -0.004003009758889675 0.0565112940967083
v 0.004889200441539288 -0.006003010086715221 0.05593077465891838
v 0.005739440210163593 -0.010503009893000126 0.05640048161149025
v 0.00591680034995079 -0.004003009758889675 0.0565112940967083
v 0.004619230050593615 -0.010503009893000126 0.0558013841509819
v 0.005739440210163593 -0.010503009893000126 0.05640048161149025
v 0.004889200441539288 -0.00900301057845354 0.05593077465891838
v 0.005739440210163593 -0.010503009893000126 0.05640048161149025
v 0.004889200441539288 -0.006003010086715221 0.05593077465891838
v 0.004889200441539288 -0.00900301057845354 0.05593077465891838
v 0.00602274015545845 0.00849699042737484 0.0642097219824791
v 0.0058471099473536015 0.00849699042737484 0.06364807486534119
v 0.007358190603554249 0.007941440679132938 0.0638488233089447
v 0.007137930486351252 0.007941440679132938 0.06315024197101593
v 0.007358190603554249 0.007941440679132938 0.0638488233089447
v 0.0058471099473536015 0.00849699042737484 0.06364807486534119
v 0.0058471099473536015 0.00849699042737484 0.06364807486534119
v 0.00559360021725297 0.00849699042737484 0.06305240094661713
v 0.007137930486351252 0.007941440679132938 0.06315024197101593
v 0.006818560417741537 0.007941440679132938 0.06240866333246231
v 0.007137930486351252 0.007941440679132938 0.06315024197101593
v 0.00559360021725297 0.00849699042737484 0.06305240094661713
v 0.00559360021725297 0.00849699042737484 0.06305240094661713
v 0.005240330472588539 0.00849699042737484 0.06242426112294197
v 0.006818560417741537 0.007941440679132938 0.06240866333246231
v 0.006371800322085619 0.007941440679132938 0.06162654235959053
v 0.006818560417741537 0.007941440679132938 0.06240866333246231
v 0.005240330472588539 0.00849699042737484 0.06242426112294197
v 0.005240330472588539 0.00849699042737484 0.06242426112294197
v 0.0047609503380954266 0.00849699042737484 0.061773862689733505
v 0.006371800322085619 0.007941440679132938 0.06162654235959053
v 0.005763590335845947 0.007941440679132938 0.06081770360469818
v 0.006371800322085619 0.007941440679132938 0.06162654235959053
v 0.0047609503380954266 0.00849699042737484 0.061773862689733505
v 0.0047609503380954266 0.00849699042737484 0.061773862689733505
v 0.004126060288399458 0.00849699042737484 0.06112329289317131
v 0.005763590335845947 0.007941440679132938 0.06081770360469818
v 0.004956130404025316 0.007941440679132938 0.060011811554431915
v 0.005763590335845947 0.007941440679132938 0.06081770360469818
v 0.004126060288399458 0.00849699042737484 0.06112329289317131
v 0.004126060288399458 0.00849699042737484 0.06112329289317131
v 0.003306030295789242 0.00849699042737484 0.06050996482372284
v 0.004956130404025316 0.007941440679132938 0.060011811554431915
v 0.003912030253559351 0.007941440679132938 0.059258993715047836
v 0.004956130404025316 0.007941440679132938 0.060011811554431915
v 0.003306030295789242 0.00849699042737484 0.06050996482372284
v 0.003306030295789242 0.00849699042737484 0.06050996482372284
v 0.002281250199303031 0.00849699042737484 0.05999264493584633
v 0.003912030253559351 0.007941440679132938 0.059258993715047836
v 0.002608510199934244 0.007941440679132938 0.05863739177584648
v 0.003912030253559351 0.007941440679132938 0.059258993715047836
v 0.002281250199303031 0.00849699042737484 0.05999264493584633
v 3.1000001854408765e-07 0.008557300083339214 0.06891865283250809
v 0.006915190257132053 0.008540970273315907 0.06599626690149307
v 0.0036756901536136866 0.008718440309166908 0.06835970282554626
v 0.006589020136743784 0.00849699042737484 0.06582475453615189
v 0.006915190257132053 0.008540970273315907 0.06599626690149307
v 3.1000001854408765e-07 0.008557300083339214 0.06891865283250809
v 0.005248530302196741 0.01149699091911316 0.06623880565166473
v 0.006776520051062107 0.011046990752220154 0.06479448080062866
v 0.005212790332734585 0.01149699091911316 0.06502298265695572
v 0.005248530302196741 0.01149699091911316 0.06623880565166473
v 0.006848330143839121 0.0110470000654459 0.06582776457071304
v 0.006776520051062107 0.011046990752220154 0.06479448080062866
v 0.006742190103977919 0.0110470000654459 0.06698638200759888
v 0.006848330143839121 0.0110470000654459 0.06582776457071304
v 0.005248530302196741 0.01149699091911316 0.06623880565166473
v 0.005248530302196741 0.01149699091911316 0.06623880565166473
v 0.0050035701133310795 0.01149699091911316 0.06743311882019043
v 0.006742190103977919 0.0110470000654459 0.06698638200759888
v 0.006397430319339037 0.011047011241316795 0.06822884827852249
v 0.006742190103977919 0.0110470000654459 0.06698638200759888
v 0.0050035701133310795 0.01149699091911316 0.06743311882019043
v 0.0050035701133310795 0.01149699091911316 0.06743311882019043
v 0.004490820225328207 0.01149699091911316 0.06853881478309631
v 0.006397430319339037 0.011047011241316795 0.06822884827852249
v 0.005761059932410717 0.011047011241316795 0.06948745995759964
v 0.006397430319339037 0.011047011241316795 0.06822884827852249
v 0.004490820225328207 0.01149699091911316 0.06853881478309631
v 0.004490820225328207 0.01149699091911316 0.06853881478309631
v 0.0037385004106909037 0.01149699091911316 0.06949624419212341
v 0.005761059932410717 0.011047011241316795 0.06948745995759964
v 0.004812709987163544 0.0110470000654459 0.07065682858228683
v 0.005761059932410717 0.011047011241316795 0.06948745995759964
v 0.0037385004106909037 0.01149699091911316 0.06949624419212341
v 0.004110900219529867 0.01149699091911316 0.06154639273881912
v 0.004118820186704397 0.011396990157663822 0.0604676716029644
v 0.003648450132459402 0.01149699091911316 0.06107492372393608
v 0.005349560175091028 0.011345560662448406 0.06180425360798836
v 0.004118820186704397 0.011396990157663822 0.0604676716029644
v 0.004110900219529867 0.01149699091911316 0.06154639273881912
v 0.004110900219529867 0.01149699091911316 0.06154639273881912
v 0.004495440050959587 0.01149699091911316 0.06219938024878502
v 0.005349560175091028 0.011345560662448406 0.06180425360798836
v 0.004495440050959587 0.01149699091911316 0.06219938024878502
v 0.0047962903045117855 0.01149699091911316 0.06301113218069077
v 0.005349560175091028 0.011345560662448406 0.06180425360798836
v 0.0047962903045117855 0.01149699091911316 0.06301113218069077
v 0.005876020062714815 0.011277280747890472 0.0626884251832962
v 0.005349560175091028 0.011345560662448406 0.06180425360798836
v 0.006346880458295345 0.01117866113781929 0.06368803232908249
v 0.005876020062714815 0.011277280747890472 0.0626884251832962
v 0.0047962903045117855 0.01149699091911316 0.06301113218069077
v 0.0047962903045117855 0.01149699091911316 0.06301113218069077
v 0.005029160063713789 0.01149699091911316 0.0639568343758583
v 0.006346880458295345 0.01117866113781929 0.06368803232908249
v 0.006346880458295345 0.01117866113781929 0.06368803232908249
v 0.005212790332734585 0.01149699091911316 0.06502298265695572
v 0.006776520051062107 0.011046990752220154 0.06479448080062866
v 0.006346880458295345 0.01117866113781929 0.06368803232908249
v 0.005029160063713789 0.01149699091911316 0.0639568343758583
v 0.005212790332734585 0.01149699091911316 0.06502298265695572
v 0.002908320166170597 0.011396990157663822 0.05972033366560936
v 0.003648450132459402 0.01149699091911316 0.06107492372393608
v 0.004118820186704397 0.011396990157663822 0.0604676716029644
v 0.002908320166170597 0.011396990157663822 0.05972033366560936
v 0.0027389300521463156 0.01149699091911316 0.06049405038356781
v 0.003648450132459402 0.01149699091911316 0.06107492372393608
v 0.0016991501906886697 0.01149699091911316 0.06007462367415428
v 0.0027389300521463156 0.01149699091911316 0.06049405038356781
v 0.002908320166170597 0.011396990157663822 0.05972033366560936
v 0.00900031067430973 0.007424620445817709 0.06358684599399567
v 0.008993670344352722 0.008087439462542534 0.06455763429403305
v 0.008675710298120975 0.007079440634697676 0.06404446065425873
v 0.008680890314280987 0.005638140253722668 0.06118336319923401
v 0.00900031067430973 0.007424620445817709 0.06358684599399567
v 0.008675710298120975 0.007079440634697676 0.06404446065425873
v 0.008680890314280987 0.005638140253722668 0.06118336319923401
v 0.00900031067430973 0.005538350436836481 0.06037230044603348
v 0.00900031067430973 0.007424620445817709 0.06358684599399567
v 0.008680890314280987 0.005638140253722668 0.06118336319923401
v 0.008675710298120975 0.007079440634697676 0.06404446065425873
v 0.008130740374326706 0.005635200068354607 0.060986343771219254
v 0.008675710298120975 0.007079440634697676 0.06404446065425873
v 0.008130740374326706 0.007101680152118206 0.06368239223957062
v 0.008130740374326706 0.005635200068354607 0.060986343771219254
v 0.008130740374326706 0.005635200068354607 0.060986343771219254
v 0.008130740374326706 0.003312020329758525 0.05915842950344086
v 0.008680890314280987 0.005638140253722668 0.06118336319923401
v 0.008680890314280987 0.003119350178167224 0.059208545833826065
v 0.008680890314280987 0.005638140253722668 0.06118336319923401
v 0.008130740374326706 0.003312020329758525 0.05915842950344086
v 0.008680890314280987 0.005638140253722668 0.06118336319923401
v 0.008680890314280987 0.003119350178167224 0.059208545833826065
v 0.00900031067430973 0.005538350436836481 0.06037230044603348
v 0.008680890314280987 0.003119350178167224 0.059208545833826065
v 0.00900031067430973 0.004971690475940704 0.05984727293252945
v 0.00900031067430973 0.005538350436836481 0.06037230044603348
v 0.008680890314280987 0.003119350178167224 0.059208545833826065
v 0.00900031067430973 0.00428709015250206 0.05933522433042526
v 0.00900031067430973 0.004971690475940704 0.05984727293252945
v 0.008680890314280987 0.003119350178167224 0.059208545833826065
v 0.00900031067430973 0.0034627201966941357 0.058857254683971405
v 0.00900031067430973 0.00428709015250206 0.05933522433042526
v 0.00900031067430973 0.002480860101059079 0.05844772234559059
v 0.00900031067430973 0.0034627201966941357 0.058857254683971405
v 0.008680890314280987 0.003119350178167224 0.059208545833826065
v 0.008130740374326706 0.003312020329758525 0.05915842950344086
v 0.008130740374326706 0.0023729000240564346 0.058766741305589676
v 0.008680890314280987 0.003119350178167224 0.059208545833826065
v 0.008680890314280987 0.003119350178167224 0.059208545833826065
v 0.00832827016711235 -3.0100002277322346e-06 0.05850815027952194
v 0.008564760908484459 -3.0100002277322346e-06 0.05853451415896416
v 0.008680890314280987 0.003119350178167224 0.059208545833826065
v 0.008130740374326706 -3.0100002277322346e-06 0.058375462889671326
v 0.00832827016711235 -3.0100002277322346e-06 0.05850815027952194
v 0.008680890314280987 0.003119350178167224 0.059208545833826065
v 0.008130740374326706 0.0012735300697386265 0.05848625302314758
v 0.008130740374326706 -3.0100002277322346e-06 0.058375462889671326
v 0.008680890314280987 0.003119350178167224 0.059208545833826065
v 0.008130740374326706 0.0023729000240564346 0.058766741305589676
v 0.008130740374326706 0.0012735300697386265 0.05848625302314758
v 0.008680890314280987 0.003119350178167224 0.059208545833826065
v 0.008564760908484459 -3.0100002277322346e-06 0.05853451415896416
v 0.00900031067430973 0.002480860101059079 0.05844772234559059
v 0.008564760908484459 -3.0100002277322346e-06 0.05853451415896416
v 0.00900031067430973 0.0013313801027834415 0.05815448239445686
v 0.00900031067430973 0.002480860101059079 0.05844772234559059
v 0.00900031067430973 -3.0100002277322346e-06 0.05803868547081947
v 0.00900031067430973 0.0013313801027834415 0.05815448239445686
v 0.008943690918385983 -3.0100002277322346e-06 0.058269795030355453
v 0.00900031067430973 0.0013313801027834415 0.05815448239445686
v 0.008786640129983425 -3.0100002277322346e-06 0.058448560535907745
v 0.008943690918385983 -3.0100002277322346e-06 0.058269795030355453
v 0.00900031067430973 0.0013313801027834415 0.05815448239445686
v 0.008564760908484459 -3.0100002277322346e-06 0.05853451415896416
v 0.008786640129983425 -3.0100002277322346e-06 0.058448560535907745
v 0.008802729658782482 0.0075872004963457584 0.06467843800783157
v 0.008675710298120975 0.007079440634697676 0.06404446065425873
v 0.008993670344352722 0.008087439462542534 0.06455763429403305
v 0.008595450781285763 0.008831179700791836 0.06591738015413284
v 0.008226600475609303 0.008939649909734726 0.06659763306379318
v 0.008379590697586536 0.00873648002743721 0.06591034680604935
v 0.008595450781285763 0.008831179700791836 0.06591738015413284
v 0.00821285042911768 0.009192029945552349 0.0672171413898468
v 0.008226600475609303 0.008939649909734726 0.06659763306379318
v 0.00821285042911768 0.009192029945552349 0.0672171413898468
v 0.007704010233283043 0.009252320975065231 0.06779226660728455
v 0.008226600475609303 0.008939649909734726 0.06659763306379318
v 0.008379139937460423 0.009467439725995064 0.06722308695316315
v 0.00821285042911768 0.009192029945552349 0.0672171413898468
v 0.008595450781285763 0.008831179700791836 0.06591738015413284
v 0.008595450781285763 0.008831179700791836 0.06591738015413284
v 0.008747220039367676 0.00900932028889656 0.06588835269212723
v 0.008379139937460423 0.009467439725995064 0.06722308695316315
v 0.008747220039367676 0.00900932028889656 0.06588835269212723
v 0.008801139891147614 0.009231280535459518 0.06582974642515182
v 0.008379139937460423 0.009467439725995064 0.06722308695316315
v 0.008273039944469929 0.009944841265678406 0.06705045700073242
v 0.008379139937460423 0.009467439725995064 0.06722308695316315
v 0.008801139891147614 0.009231280535459518 0.06582974642515182
v 0.008801139891147614 0.009231280535459518 0.06582974642515182
v 0.008751850575208664 0.009447690099477768 0.06575461477041245
v 0.008273039944469929 0.009944841265678406 0.06705045700073242
v 0.007075710222125053 0.009963280521333218 0.06935165077447891
v 0.005281980149447918 0.01027448009699583 0.07113149762153625
v 0.006206270307302475 0.009696980006992817 0.06983866542577744
v 0.005281980149447918 0.01027448009699583 0.07113149762153625
v 0.005569440312683582 0.009803720749914646 0.07045921683311462
v 0.006206270307302475 0.009696980006992817 0.06983866542577744
v 0.005281980149447918 0.01027448009699583 0.07113149762153625
v 0.007075710222125053 0.009963280521333218 0.06935165077447891
v 0.005716920364648104 0.01068465132266283 0.07048512250185013
v 0.007075710222125053 0.009963280521333218 0.06935165077447891
v 0.006379240192472935 0.01057364046573639 0.06983973830938339
v 0.005716920364648104 0.01068465132266283 0.07048512250185013
v 0.006998320575803518 0.010432060807943344 0.06912188977003098
v 0.006379240192472935 0.01057364046573639 0.06983973830938339
v 0.007075710222125053 0.009963280521333218 0.06935165077447891
v 0.006206270307302475 0.009696980006992817 0.06983866542577744
v 0.006801370531320572 0.00956089049577713 0.06914859265089035
v 0.007075710222125053 0.009963280521333218 0.06935165077447891
v 0.007075710222125053 0.009963280521333218 0.06935165077447891
v 0.00821285042911768 0.009192029945552349 0.0672171413898468
v 0.008379139937460423 0.009467439725995064 0.06722308695316315
v 0.007075710222125053 0.009963280521333218 0.06935165077447891
v 0.007704010233283043 0.009252320975065231 0.06779226660728455
v 0.00821285042911768 0.009192029945552349 0.0672171413898468
v 0.007075710222125053 0.009963280521333218 0.06935165077447891
v 0.007298690266907215 0.009410400874912739 0.06846049427986145
v 0.007704010233283043 0.009252320975065231 0.06779226660728455
v 0.007075710222125053 0.009963280521333218 0.06935165077447891
v 0.006801370531320572 0.00956089049577713 0.06914859265089035
v 0.007298690266907215 0.009410400874912739 0.06846049427986145
v 0.008379139937460423 0.009467439725995064 0.06722308695316315
v 0.007937069982290268 0.01011114101856947 0.06771126389503479
v 0.0075155505910515785 0.010275540873408318 0.06840620189905167
v 0.007937069982290268 0.01011114101856947 0.06771126389503479
v 0.008379139937460423 0.009467439725995064 0.06722308695316315
v 0.008273039944469929 0.009944841265678406 0.06705045700073242
v 0.008273039944469929 0.009944841265678406 0.06705045700073242
v 0.008751850575208664 0.009447690099477768 0.06575461477041245
v 0.008273039944469929 0.010024960152804852 0.06582712382078171
v 0.008273039944469929 0.009955240413546562 0.06460337340831757
v 0.008273039944469929 0.010024960152804852 0.06582712382078171
v 0.008808310143649578 0.009329920634627342 0.0655202865600586
v 0.008273039944469929 0.010024960152804852 0.06582712382078171
v 0.008751850575208664 0.009447690099477768 0.06575461477041245
v 0.008808310143649578 0.009329920634627342 0.0655202865600586
v 0.008808310143649578 0.009329920634627342 0.0655202865600586
v 0.008922809734940529 0.008797772228717804 0.06371438503265381
v 0.008273039944469929 0.009955240413546562 0.06460337340831757
v 0.007946360856294632 0.00850669015198946 0.0657157376408577
v 0.008330060169100761 0.008342570625245571 0.06538938730955124
v 0.008556559681892395 0.008562800474464893 0.06549903750419617
v 0.007570140063762665 0.00864121038466692 0.06607723981142044
v 0.007946360856294632 0.00850669015198946 0.0657157376408577
v 0.008556559681892395 0.008562800474464893 0.06549903750419617
v 0.008556559681892395 0.008562800474464893 0.06549903750419617
v 0.008379590697586536 0.00873648002743721 0.06591034680604935
v 0.007570140063762665 0.00864121038466692 0.06607723981142044
v 0.0036756901536136866 0.008718440309166908 0.06835970282554626
v 0.006915190257132053 0.008540970273315907 0.06599626690149307
v 0.0032898802310228348 0.00910510029643774 0.06940429657697678
v 0.006915190257132053 0.008540970273315907 0.06599626690149307
v 0.004967370070517063 0.009875950403511524 0.0709589347243309
v 0.0032898802310228348 0.00910510029643774 0.06940429657697678
v 0.006915190257132053 0.008540970273315907 0.06599626690149307
v 0.005569440312683582 0.009803720749914646 0.07045921683311462
v 0.004967370070517063 0.009875950403511524 0.0709589347243309
v 0.006915190257132053 0.008540970273315907 0.06599626690149307
v 0.006206270307302475 0.009696980006992817 0.06983866542577744
v 0.005569440312683582 0.009803720749914646 0.07045921683311462
v 0.006915190257132053 0.008540970273315907 0.06599626690149307
v 0.006801370531320572 0.00956089049577713 0.06914859265089035
v 0.006206270307302475 0.009696980006992817 0.06983866542577744
v 0.006915190257132053 0.008540970273315907 0.06599626690149307
v 0.007298690266907215 0.009410400874912739 0.06846049427986145
v 0.006801370531320572 0.00956089049577713 0.06914859265089035
v 0.006915190257132053 0.008540970273315907 0.06599626690149307
v 0.007704010233283043 0.009252320975065231 0.06779226660728455
v 0.007298690266907215 0.009410400874912739 0.06846049427986145
v 0.007704010233283043 0.009252320975065231 0.06779226660728455
v 0.006915190257132053 0.008540970273315907 0.06599626690149307
v 0.007570140063762665 0.00864121038466692 0.06607723981142044
v 0.005248530302196741 0.01149699091911316 0.06623880565166473
v 0.005212790332734585 0.01149699091911316 0.06502298265695572
v 3.199999980552093e-07 0.01149699091911316 0.06590822339057922
v 3.199999980552093e-07 0.01149699091911316 0.06590822339057922
v 0.004110900219529867 0.01149699091911316 0.06154639273881912
v 0.003648450132459402 0.01149699091911316 0.06107492372393608
v 3.199999980552093e-07 0.01149699091911316 0.06590822339057922
v 0.004495440050959587 0.01149699091911316 0.06219938024878502
v 0.004110900219529867 0.01149699091911316 0.06154639273881912
v 3.199999980552093e-07 0.01149699091911316 0.06590822339057922
v 0.0047962903045117855 0.01149699091911316 0.06301113218069077
v 0.004495440050959587 0.01149699091911316 0.06219938024878502
v 3.199999980552093e-07 0.01149699091911316 0.06590822339057922
v 0.005029160063713789 0.01149699091911316 0.0639568343758583
v 0.0047962903045117855 0.01149699091911316 0.06301113218069077
v 3.199999980552093e-07 0.01149699091911316 0.06590822339057922
v 0.005212790332734585 0.01149699091911316 0.06502298265695572
v 0.005029160063713789 0.01149699091911316 0.0639568343758583
v 0.006000310182571411 0.010996990837156773 0.05803868547081947
v 0.004169110208749771 0.010996990837156773 0.056917790323495865
v 0.004738150164484978 0.011175320483744144 0.059668123722076416
v 0.004169110208749771 0.010996990837156773 0.056917790323495865
v 0.004118820186704397 0.011396990157663822 0.0604676716029644
v 0.004738150164484978 0.011175320483744144 0.059668123722076416
v 0.004169110208749771 0.010996990837156773 0.056917790323495865
v 0.002908320166170597 0.011396990157663822 0.05972033366560936
v 0.004118820186704397 0.011396990157663822 0.0604676716029644
v 0.0015062001766636968 0.011396990157663822 0.05922990292310715
v 0.002908320166170597 0.011396990157663822 0.05972033366560936
v 0.004169110208749771 0.010996990837156773 0.056917790323495865
v 0.004169110208749771 0.010996990837156773 0.056917790323495865
v 0.002136159921064973 0.010996990837156773 0.05622231215238571
v 0.0015062001766636968 0.011396990157663822 0.05922990292310715
v 0.007689069956541061 0.010476520285010338 0.06522638350725174
v 0.006776520051062107 0.011046990752220154 0.06479448080062866
v 0.006848330143839121 0.0110470000654459 0.06582776457071304
v 0.006346880458295345 0.01117866113781929 0.06368803232908249
v 0.006776520051062107 0.011046990752220154 0.06479448080062866
v 0.007689069956541061 0.010476520285010338 0.06522638350725174
v 0.007689069956541061 0.010476520285010338 0.06522638350725174
v 0.007514400407671928 0.010586880147457123 0.06438346207141876
v 0.006346880458295345 0.01117866113781929 0.06368803232908249
v 0.007514400407671928 0.010586880147457123 0.06438346207141876
v 0.007289720233529806 0.010705760680139065 0.0633486658334732
v 0.006346880458295345 0.01117866113781929 0.06368803232908249
v 0.005876020062714815 0.011277280747890472 0.0626884251832962
v 0.006346880458295345 0.01117866113781929 0.06368803232908249
v 0.007289720233529806 0.010705760680139065 0.0633486658334732
v 0.007289720233529806 0.010705760680139065 0.0633486658334732
v 0.007031560409814119 0.010814170353114605 0.06221390515565872
v 0.005876020062714815 0.011277280747890472 0.0626884251832962
v 0.005876020062714815 0.011277280747890472 0.0626884251832962
v 0.007031560409814119 0.010814170353114605 0.06221390515565872
v 0.005349560175091028 0.011345560662448406 0.06180425360798836
v 0.006561920512467623 0.01093566045165062 0.060267433524131775
v 0.006000310182571411 0.010996990837156773 0.05803868547081947
v 0.004738150164484978 0.011175320483744144 0.059668123722076416
v 0.008993670344352722 0.008087439462542534 0.06455763429403305
v 0.00900031067430973 0.007424620445817709 0.06358684599399567
v 0.008922809734940529 0.008797772228717804 0.06371438503265381
v 0.008922809734940529 0.008797772228717804 0.06371438503265381
v 0.00900031067430973 0.007424620445817709 0.06358684599399567
v 0.00900031067430973 0.005538350436836481 0.06037230044603348
v 0.008922809734940529 0.008797772228717804 0.06371438503265381
v 0.00900031067430973 0.005538350436836481 0.06037230044603348
v 0.008974050171673298 0.007998980581760406 0.03564078360795975
v 0.00900031067430973 0.005538350436836481 0.06037230044603348
v 0.00900031067430973 0.004971690475940704 0.05984727293252945
v 0.008974050171673298 0.007998980581760406 0.03564078360795975
v 0.00900031067430973 0.004971690475940704 0.05984727293252945
v 0.00900031067430973 0.00428709015250206 0.05933522433042526
v 0.008974050171673298 0.007998980581760406 0.03564078360795975
v 0.00900031067430973 0.00428709015250206 0.05933522433042526
v 0.00900031067430973 0.0034627201966941357 0.058857254683971405
v 0.008973199874162674 -0.007999280467629433 0.035694852471351624
v 3.1000001854408765e-07 0.008557300083339214 0.06891865283250809
v 0.006372000556439161 0.008495460264384747 0.06534729152917862
v 0.006589020136743784 0.00849699042737484 0.06582475453615189
v 3.1000001854408765e-07 0.008557300083339214 0.06891865283250809
v 0.006137230433523655 0.00849699042737484 0.06474155187606812
v 0.006372000556439161 0.008495460264384747 0.06534729152917862
v 3.1000001854408765e-07 0.008557300083339214 0.06891865283250809
v 0.00602274015545845 0.00849699042737484 0.0642097219824791
v 0.006137230433523655 0.00849699042737484 0.06474155187606812
v 3.1000001854408765e-07 0.008557300083339214 0.06891865283250809
v 0.0058471099473536015 0.00849699042737484 0.06364807486534119
v 0.00602274015545845 0.00849699042737484 0.0642097219824791
v 3.1000001854408765e-07 0.008557300083339214 0.06891865283250809
v 0.00559360021725297 0.00849699042737484 0.06305240094661713
v 0.0058471099473536015 0.00849699042737484 0.06364807486534119
v 3.1000001854408765e-07 0.008557300083339214 0.06891865283250809
v 0.005240330472588539 0.00849699042737484 0.06242426112294197
v 0.00559360021725297 0.00849699042737484 0.06305240094661713
v 3.1000001854408765e-07 0.008557300083339214 0.06891865283250809
v 0.0047609503380954266 0.00849699042737484 0.061773862689733505
v 0.005240330472588539 0.00849699042737484 0.06242426112294197
v 3.1000001854408765e-07 0.008557300083339214 0.06891865283250809
v 0.004126060288399458 0.00849699042737484 0.06112329289317131
v 0.0047609503380954266 0.00849699042737484 0.061773862689733505
v 3.1000001854408765e-07 0.008557300083339214 0.06891865283250809
v 0.003306030295789242 0.00849699042737484 0.06050996482372284
v 0.004126060288399458 0.00849699042737484 0.06112329289317131
v 3.1000001854408765e-07 0.008557300083339214 0.06891865283250809
v 0.002281250199303031 0.00849699042737484 0.05999264493584633
v 0.003306030295789242 0.00849699042737484 0.06050996482372284
v 0.008130740374326706 0.005635200068354607 0.060986343771219254
v 0.008130740374326706 0.007101680152118206 0.06368239223957062
v 0.007358190603554249 0.007941440679132938 0.0638488233089447
v 0.007358190603554249 0.007941440679132938 0.0638488233089447
v 0.007137930486351252 0.007941440679132938 0.06315024197101593
v 0.008130740374326706 0.005635200068354607 0.060986343771219254
v 0.007137930486351252 0.007941440679132938 0.06315024197101593
v 0.006818560417741537 0.007941440679132938 0.06240866333246231
v 0.008130740374326706 0.005635200068354607 0.060986343771219254
v 0.006818560417741537 0.007941440679132938 0.06240866333246231
v 0.006371800322085619 0.007941440679132938 0.06162654235959053
v 0.008130740374326706 0.005635200068354607 0.060986343771219254
v 0.006761300377547741 0.0056363302282989025 0.05919019132852554
v 0.008130740374326706 0.005635200068354607 0.060986343771219254
v 0.005763590335845947 0.007941440679132938 0.06081770360469818
v 0.008130740374326706 0.005635200068354607 0.060986343771219254
v 0.006371800322085619 0.007941440679132938 0.06162654235959053
v 0.005763590335845947 0.007941440679132938 0.06081770360469818
v 0.008130740374326706 0.005635200068354607 0.060986343771219254
v 0.006761300377547741 0.0056363302282989025 0.05919019132852554
v 0.008130740374326706 0.003312020329758525 0.05915842950344086
v 0.0069309803657233715 0.002916020108386874 0.05778465047478676
v 0.008130740374326706 0.003312020329758525 0.05915842950344086
v 0.006761300377547741 0.0056363302282989025 0.05919019132852554
v 0.008130740374326706 0.003312020329758525 0.05915842950344086
v 0.0069309803657233715 0.002916020108386874 0.05778465047478676
v 0.008130740374326706 0.0023729000240564346 0.058766741305589676
v 0.0069309803657233715 0.002916020108386874 0.05778465047478676
v 0.008130740374326706 0.0012735300697386265 0.05848625302314758
v 0.008130740374326706 0.0023729000240564346 0.058766741305589676
v 0.0069309803657233715 0.002916020108386874 0.05778465047478676
v 0.008130740374326706 -3.0100002277322346e-06 0.058375462889671326
v 0.008130740374326706 0.0012735300697386265 0.05848625302314758
v 0.0069309803657233715 0.002916020108386874 0.05778465047478676
v 0.007846010848879814 -3.0100002277322346e-06 0.05807458236813545
v 0.008130740374326706 -3.0100002277322346e-06 0.058375462889671326
v 0.0069309803657233715 0.002916020108386874 0.05778465047478676
v 0.007550140377134085 -3.0100002277322346e-06 0.05778465047478676
v 0.007846010848879814 -3.0100002277322346e-06 0.05807458236813545
v 0.005763590335845947 0.007941440679132938 0.06081770360469818
v 0.004956130404025316 0.007941440679132938 0.060011811554431915
v 0.006761300377547741 0.0056363302282989025 0.05919019132852554
v 0.004871150478720665 0.005765440408140421 0.05778465047478676
v 0.006761300377547741 0.0056363302282989025 0.05919019132852554
v 0.004956130404025316 0.007941440679132938 0.060011811554431915
v 0.006761300377547741 0.0056363302282989025 0.05919019132852554
v 0.004871150478720665 0.005765440408140421 0.05778465047478676
v 0.005952620413154364 0.004641349893063307 0.05778465047478676
v 0.005952620413154364 0.004641349893063307 0.05778465047478676
v 0.0069309803657233715 0.002916020108386874 0.05778465047478676
v 0.006761300377547741 0.0056363302282989025 0.05919019132852554
v 0.004956130404025316 0.007941440679132938 0.060011811554431915
v 0.003912030253559351 0.007941440679132938 0.059258993715047836
v 0.004871150478720665 0.005765440408140421 0.05778465047478676
v 0.003693200182169676 0.006582020316272974 0.05778465047478676
v 0.004871150478720665 0.005765440408140421 0.05778465047478676
v 0.003912030253559351 0.007941440679132938 0.059258993715047836
v 0.003912030253559351 0.007941440679132938 0.059258993715047836
v 0.002608510199934244 0.007941440679132938 0.05863739177584648
v 0.003693200182169676 0.006582020316272974 0.05778465047478676
v 0.0024235700257122517 0.007147370371967554 0.05778464302420616
v 0.003693200182169676 0.006582020316272974 0.05778465047478676
v 0.002608510199934244 0.007941440679132938 0.05863739177584648
v 0.0050908601842820644 0.010759751312434673 0.07100474089384079
v 0.005716920364648104 0.01068465132266283 0.07048512250185013
v 0.004812709987163544 0.0110470000654459 0.07065682858228683
v 0.005761059932410717 0.011047011241316795 0.06948745995759964
v 0.004812709987163544 0.0110470000654459 0.07065682858228683
v 0.005716920364648104 0.01068465132266283 0.07048512250185013
v 0.005716920364648104 0.01068465132266283 0.07048512250185013
v 0.006379240192472935 0.01057364046573639 0.06983973830938339
v 0.005761059932410717 0.011047011241316795 0.06948745995759964
v 0.006397430319339037 0.011047011241316795 0.06822884827852249
v 0.005761059932410717 0.011047011241316795 0.06948745995759964
v 0.006998320575803518 0.010432060807943344 0.06912188977003098
v 0.005761059932410717 0.011047011241316795 0.06948745995759964
v 0.006379240192472935 0.01057364046573639 0.06983973830938339
v 0.006998320575803518 0.010432060807943344 0.06912188977003098
v 0.006998320575803518 0.010432060807943344 0.06912188977003098
v 0.0075155505910515785 0.010275540873408318 0.06840620189905167
v 0.006397430319339037 0.011047011241316795 0.06822884827852249
v 0.006742190103977919 0.0110470000654459 0.06698638200759888
v 0.006397430319339037 0.011047011241316795 0.06822884827852249
v 0.007937069982290268 0.01011114101856947 0.06771126389503479
v 0.006397430319339037 0.011047011241316795 0.06822884827852249
v 0.0075155505910515785 0.010275540873408318 0.06840620189905167
v 0.007937069982290268 0.01011114101856947 0.06771126389503479
v 0.007937069982290268 0.01011114101856947 0.06771126389503479
v 0.008273039944469929 0.009944841265678406 0.06705045700073242
v 0.006742190103977919 0.0110470000654459 0.06698638200759888
v 0.006848330143839121 0.0110470000654459 0.06582776457071304
v 0.006742190103977919 0.0110470000654459 0.06698638200759888
v 0.008273039944469929 0.009944841265678406 0.06705045700073242
v 0.008273039944469929 0.009944841265678406 0.06705045700073242
v 0.008273039944469929 0.010024960152804852 0.06582712382078171
v 0.006848330143839121 0.0110470000654459 0.06582776457071304
v 0.006848330143839121 0.0110470000654459 0.06582776457071304
v 0.008273039944469929 0.010024960152804852 0.06582712382078171
v 0.007689069956541061 0.010476520285010338 0.06522638350725174
v 0.008273039944469929 0.010024960152804852 0.06582712382078171
v 0.008273039944469929 0.009955240413546562 0.06460337340831757
v 0.007689069956541061 0.010476520285010338 0.06522638350725174
v 0.008572610095143318 0.00950000062584877 0.03585024178028107
v 0.008273039944469929 0.009955240413546562 0.06460337340831757
v 0.008922809734940529 0.008797772228717804 0.06371438503265381
v 0.007689069956541061 0.010476520285010338 0.06522638350725174
v 0.008273039944469929 0.009955240413546562 0.06460337340831757
v 0.008572610095143318 0.00950000062584877 0.03585024178028107
v 0.00747453048825264 0.010598080232739449 0.03585024178028107
v 0.007514400407671928 0.010586880147457123 0.06438346207141876
v 0.007689069956541061 0.010476520285010338 0.06522638350725174
v 0.007289720233529806 0.010705760680139065 0.0633486658334732
v 0.007514400407671928 0.010586880147457123 0.06438346207141876
v 0.00747453048825264 0.010598080232739449 0.03585024178028107
v 0.00675099017098546 0.010897780768573284 0.03585024178028107
v 0.007031560409814119 0.010814170353114605 0.06221390515565872
v 0.007289720233529806 0.010705760680139065 0.0633486658334732
v 0.006561920512467623 0.01093566045165062 0.060267433524131775
v 0.007031560409814119 0.010814170353114605 0.06221390515565872
v 0.00675099017098546 0.010897780768573284 0.03585024178028107
v 0.006561920512467623 0.01093566045165062 0.060267433524131775
v 0.005974530708044767 0.01100000087171793 0.03585024178028107
v 0.006000310182571411 0.010996990837156773 0.05803868547081947
v -0.0072836000472307205 0.010708371177315712 0.06332394480705261
v -0.0076826405711472034 0.010480470024049282 0.06519770622253418
v -0.0067759002558887005 0.0110888397321105 0.06479447335004807
v -0.0072836000472307205 0.010708371177315712 0.06332394480705261
v -0.0067759002558887005 0.0110888397321105 0.06479447335004807
v -0.006346150301396847 0.011178690940141678 0.06368780136108398
v -0.008999690413475037 0.008087439462542534 0.06455761939287186
v -0.008808750659227371 0.0075872004963457584 0.06467843055725098
v -0.008855979889631271 0.008205341175198555 0.0650157481431961
v -0.008999690413475037 0.008087439462542534 0.06455761939287186
v -0.008855979889631271 0.008205341175198555 0.0650157481431961
v -0.008951161056756973 0.008884510025382042 0.06498747318983078
v -0.004737520590424538 0.011262190528213978 0.059668123722076416
v -0.006501960102468729 0.01101933978497982 0.06249067187309265
v -0.005349000450223684 0.011345560662448406 0.06180436164140701
v -0.004118199925869703 0.011396990157663822 0.060467660427093506
v -0.004737520590424538 0.011262190528213978 0.059668123722076416
v -0.005349000450223684 0.011345560662448406 0.06180436164140701
v -0.008625640533864498 0.009636360220611095 0.06623487174510956
v -0.008807160891592503 0.009231280535459518 0.06582973152399063
v -0.008381640538573265 0.009779300540685654 0.06714390218257904
v -0.008625640533864498 0.009636360220611095 0.06623487174510956
v -0.00875123031437397 0.009447690099477768 0.06575460731983185
v -0.008807160891592503 0.009231280535459518 0.06582973152399063
v -0.008130140602588654 0.007192160468548536 0.06401679664850235
v -0.007732880301773548 0.007839039899408817 0.06504834443330765
v -0.008382460102438927 0.007530330680310726 0.06474487483501434
v -0.008382460102438927 0.007530330680310726 0.06474487483501434
v -0.007732880301773548 0.007839039899408817 0.06504834443330765
v -0.008696410804986954 0.008161979727447033 0.06511563062667847
v -0.008696410804986954 0.008161979727447033 0.06511563062667847
v -0.007732880301773548 0.007839039899408817 0.06504834443330765
v -0.008329850621521473 0.008342379704117775 0.06538905948400497
v -0.008329850621521473 0.008342379704117775 0.06538905948400497
v -0.007732880301773548 0.007839039899408817 0.06504834443330765
v -0.007946150377392769 0.008506541140377522 0.06571537256240845
v -0.007946150377392769 0.008506541140377522 0.06571537256240845
v -0.007732880301773548 0.007839039899408817 0.06504834443330765
v -0.0075694601982831955 0.008641229942440987 0.06607729941606522
v -0.0075694601982831955 0.008641229942440987 0.06607729941606522
v -0.007732880301773548 0.007839039899408817 0.06504834443330765
v -0.006921210326254368 0.008540970273315907 0.06599626690149307
v -0.006921210326254368 0.008540970273315907 0.06599626690149307
v -0.007732880301773548 0.007839039899408817 0.06504834443330765
v -0.006365820299834013 0.00849699042737484 0.0652831420302391
v -0.00722853047773242 0.00873648002743721 0.06644991785287857
v -0.0075694601982831955 0.008641229942440987 0.06607729941606522
v -0.006921210326254368 0.008540970273315907 0.06599626690149307
v -0.008329850621521473 0.008342379704117775 0.06538905948400497
v -0.007946150377392769 0.008506541140377522 0.06571537256240845
v -0.008558010682463646 0.008559870533645153 0.06549423187971115
v -0.008329850621521473 0.008342379704117775 0.06538905948400497
v -0.008558010682463646 0.008559870533645153 0.06549423187971115
v -0.008696410804986954 0.008161979727447033 0.06511563062667847
v -0.008385609835386276 0.00873648002743721 0.06591034680604935
v -0.00875324010848999 0.00900932028889656 0.06588834524154663
v -0.00847667083144188 0.008657719939947128 0.06568396091461182
v -0.008558010682463646 0.008559870533645153 0.06549423187971115
v -0.00847667083144188 0.008657719939947128 0.06568396091461182
v -0.00875324010848999 0.00900932028889656 0.06588834524154663
v -0.008558010682463646 0.008559870533645153 0.06549423187971115
v -0.00875324010848999 0.00900932028889656 0.06588834524154663
v -0.008778470568358898 0.008656390942633152 0.06541832536458969
v -0.008807160891592503 0.009231280535459518 0.06582973152399063
v -0.008778470568358898 0.008656390942633152 0.06541832536458969
v -0.00875324010848999 0.00900932028889656 0.06588834524154663
v -0.008951161056756973 0.008884510025382042 0.06498747318983078
v -0.008778470568358898 0.008656390942633152 0.06541832536458969
v -0.008807160891592503 0.009231280535459518 0.06582973152399063
v -0.008825680240988731 0.009292040020227432 0.06544601172208786
v -0.008951161056756973 0.008884510025382042 0.06498747318983078
v -0.008807160891592503 0.009231280535459518 0.06582973152399063
v -0.008951161056756973 0.008884510025382042 0.06498747318983078
v -0.008855979889631271 0.008205341175198555 0.0650157481431961
v -0.008778470568358898 0.008656390942633152 0.06541832536458969
v -0.008696410804986954 0.008161979727447033 0.06511563062667847
v -0.008558010682463646 0.008559870533645153 0.06549423187971115
v -0.008778470568358898 0.008656390942633152 0.06541832536458969
v -0.008696410804986954 0.008161979727447033 0.06511563062667847
v -0.008778470568358898 0.008656390942633152 0.06541832536458969
v -0.008855979889631271 0.008205341175198555 0.0650157481431961
v -0.006921210326254368 0.008540970273315907 0.06599626690149307
v 3.1000001854408765e-07 0.008557300083339214 0.06891865283250809
v -0.0031753501389175653 0.008699920028448105 0.0682973638176918
v -0.008807160891592503 0.009231280535459518 0.06582973152399063
v -0.00875123031437397 0.009447690099477768 0.06575460731983185
v -0.008825680240988731 0.009292040020227432 0.06544601172208786
v -0.008675080724060535 -3.0100002277322346e-06 0.0584915354847908
v -0.008786030113697052 -3.0100002277322346e-06 0.058448560535907745
v -0.008564130403101444 -3.0100002277322346e-06 0.05853451415896416
v -0.008130121044814587 0.0012729300651699305 0.058486152440309525
v -0.008130121044814587 0.0018587701488286257 0.058635544031858444
v -0.008130121044814587 0.002371970098465681 0.05876642093062401
v -0.007549520581960678 -0.004003009758889675 0.05778464302420616
v -0.004066030029207468 -0.004003009758889675 0.05556384101510048
v -0.0020701701287180185 -0.004003009758889675 0.05498126149177551
v -0.007549520581960678 -0.004003009758889675 0.05778464302420616
v -0.005916180554777384 -0.004003009758889675 0.0565112940967083
v -0.004066030029207468 -0.004003009758889675 0.05556384101510048
v -0.008635020814836025 -0.009308240376412868 0.058018770068883896
v -0.008722100406885147 -0.009240920655429363 0.05779337137937546
v -0.00802190974354744 -0.010219000279903412 0.0572296641767025
v -0.008722100406885147 -0.009240920655429363 0.05779337137937546
v -0.008635020814836025 -0.009308240376412868 0.058018770068883896
v -0.008999690413475037 -0.008003010414540768 0.05803868547081947
v -0.008943070657551289 -0.008003010414540768 0.058269795030355453
v -0.008999690413475037 -0.008003010414540768 0.05803868547081947
v -0.008635020814836025 -0.009308240376412868 0.058018770068883896
v -0.007930059917271137 -0.010240930132567883 0.05742631480097771
v -0.00802190974354744 -0.010219000279903412 0.0572296641767025
v -0.0070979902520775795 -0.010769451037049294 0.0566033236682415
v -0.00802190974354744 -0.010219000279903412 0.0572296641767025
v -0.007930059917271137 -0.010240930132567883 0.05742631480097771
v -0.008635020814836025 -0.009308240376412868 0.058018770068883896
v -0.008786030113697052 -0.008003010414540768 0.058448560535907745
v -0.008943070657551289 -0.008003010414540768 0.058269795030355453
v -0.008635020814836025 -0.009308240376412868 0.058018770068883896
v -0.0070979902520775795 -0.010769451037049294 0.0566033236682415
v -0.006993140559643507 -0.010796899907290936 0.05675710365176201
v -0.007930059917271137 -0.010240930132567883 0.05742631480097771
v -0.0070979902520775795 -0.010769451037049294 0.0566033236682415
v -0.00598520040512085 -0.010995570570230484 0.05599763244390488
v -0.006993140559643507 -0.010796899907290936 0.05675710365176201
v -0.008465330116450787 -0.009305690415203571 0.05817710980772972
v -0.008635020814836025 -0.009308240376412868 0.058018770068883896
v -0.007930059917271137 -0.010240930132567883 0.05742631480097771
v -0.008635020814836025 -0.009308240376412868 0.058018770068883896
v -0.008465330116450787 -0.009305690415203571 0.05817710980772972
v -0.008786030113697052 -0.008003010414540768 0.058448560535907745
v -0.007758450228720903 -0.010203580372035503 0.057577744126319885
v -0.007930059917271137 -0.010240930132567883 0.05742631480097771
v -0.006993140559643507 -0.010796899907290936 0.05675710365176201
v -0.007930059917271137 -0.010240930132567883 0.05742631480097771
v -0.007758450228720903 -0.010203580372035503 0.057577744126319885
v -0.008465330116450787 -0.009305690415203571 0.05817710980772972
v -0.006839180365204811 -0.010708080604672432 0.056914474815130234
v -0.006993140559643507 -0.010796899907290936 0.05675710365176201
v -0.00598520040512085 -0.010995570570230484 0.05599763244390488
v -0.006993140559643507 -0.010796899907290936 0.05675710365176201
v -0.006839180365204811 -0.010708080604672432 0.056914474815130234
v -0.007758450228720903 -0.010203580372035503 0.057577744126319885
v -0.00598520040512085 -0.010995570570230484 0.05599763244390488
v -0.005869250278919935 -0.010936020873486996 0.056187212467193604
v -0.006839180365204811 -0.010708080604672432 0.056914474815130234
v -0.008564130403101444 -0.008003010414540768 0.05853451415896416
v -0.008786030113697052 -0.008003010414540768 0.058448560535907745
v -0.008465330116450787 -0.009305690415203571 0.05817710980772972
v -0.00828166026622057 -0.009256239980459213 0.058249711990356445
v -0.008465330116450787 -0.009305690415203571 0.05817710980772972
v -0.007758450228720903 -0.010203580372035503 0.057577744126319885
v -0.008465330116450787 -0.009305690415203571 0.05817710980772972
v -0.00828166026622057 -0.009256239980459213 0.058249711990356445
v -0.008564130403101444 -0.008003010414540768 0.05853451415896416
v -0.007575640454888344 -0.01008602138608694 0.05765858292579651
v -0.007758450228720903 -0.010203580372035503 0.057577744126319885
v -0.006839180365204811 -0.010708080604672432 0.056914474815130234
v -0.007758450228720903 -0.010203580372035503 0.057577744126319885
v -0.007575640454888344 -0.01008602138608694 0.05765858292579651
v -0.00828166026622057 -0.009256239980459213 0.058249711990356445
v -0.006839180365204811 -0.010708080604672432 0.056914474815130234
v -0.006711500696837902 -0.010546010918915272 0.05699843168258667
v -0.007575640454888344 -0.01008602138608694 0.05765858292579651
v -0.006711500696837902 -0.010546010918915272 0.05699843168258667
v -0.006839180365204811 -0.010708080604672432 0.056914474815130234
v -0.005869250278919935 -0.010936020873486996 0.056187212467193604
v -0.005869250278919935 -0.010936020873486996 0.056187212467193604
v -0.005784380249679089 -0.010773341171443462 0.0563260018825531
v -0.006711500696837902 -0.010546010918915272 0.05699843168258667
v -0.008327650837600231 -0.008003010414540768 0.05850815027952194
v -0.008564130403101444 -0.008003010414540768 0.05853451415896416
v -0.00828166026622057 -0.009256239980459213 0.058249711990356445
v -0.00828166026622057 -0.009256239980459213 0.058249711990356445
v -0.008084501139819622 -0.009163809940218925 0.05824420601129532
v -0.008327650837600231 -0.008003010414540768 0.05850815027952194
v -0.008084501139819622 -0.009163809940218925 0.05824420601129532
v -0.00828166026622057 -0.009256239980459213 0.058249711990356445
v -0.007575640454888344 -0.01008602138608694 0.05765858292579651
v -0.007575640454888344 -0.01008602138608694 0.05765858292579651
v -0.007369320373982191 -0.009827409870922565 0.057619065046310425
v -0.008084501139819622 -0.009163809940218925 0.05824420601129532
v -0.007369320373982191 -0.009827409870922565 0.057619065046310425
v -0.007575640454888344 -0.01008602138608694 0.05765858292579651
v -0.006711500696837902 -0.010546010918915272 0.05699843168258667
v -0.006711500696837902 -0.010546010918915272 0.05699843168258667
v -0.0066142906434834 -0.010308380238711834 0.05700249969959259
v -0.007369320373982191 -0.009827409870922565 0.057619065046310425
v -0.0066142906434834 -0.010308380238711834 0.05700249969959259
v -0.006711500696837902 -0.010546010918915272 0.05699843168258667
v -0.005784380249679089 -0.010773341171443462 0.0563260018825531
v -0.005784380249679089 -0.010773341171443462 0.0563260018825531
v -0.005738820414990187 -0.010503009893000126 0.05640048161149025
v -0.0066142906434834 -0.010308380238711834 0.05700249969959259
v -0.007908850908279419 -0.009034580551087856 0.058140791952610016
v -0.008084501139819622 -0.009163809940218925 0.05824420601129532
v -0.007369320373982191 -0.009827409870922565 0.057619065046310425
v -0.008084501139819622 -0.009163809940218925 0.05824420601129532
v -0.007908850908279419 -0.009034580551087856 0.058140791952610016
v -0.008327650837600231 -0.008003010414540768 0.05850815027952194
v -0.008130121044814587 -0.008003010414540768 0.058375462889671326
v -0.008327650837600231 -0.008003010414540768 0.05850815027952194
v -0.007908850908279419 -0.009034580551087856 0.058140791952610016
v -0.005869250278919935 -0.010936020873486996 0.056187212467193604
v -0.003522890154272318 -0.010856560431420803 0.05520966276526451
v -0.005784380249679089 -0.010773341171443462 0.0563260018825531
v -0.003522890154272318 -0.010856560431420803 0.05520966276526451
v -0.005738820414990187 -0.010503009893000126 0.05640048161149025
v -0.005784380249679089 -0.010773341171443462 0.0563260018825531
v -0.00598520040512085 -0.010995570570230484 0.05599763244390488
v -0.004427189938724041 -0.011003009974956512 0.05517110228538513
v -0.005869250278919935 -0.010936020873486996 0.056187212467193604
v -0.008999690413475037 -0.008003010414540768 0.05803868547081947
v -0.008943070657551289 -0.008003010414540768 0.058269795030355453
v -0.008999690413475037 -3.0100002277322346e-06 0.05803868547081947
v -0.008943070657551289 -3.0100002277322346e-06 0.058269795030355453
v -0.008999690413475037 -3.0100002277322346e-06 0.05803868547081947
v -0.008943070657551289 -0.008003010414540768 0.058269795030355453
v -0.008943070657551289 -0.008003010414540768 0.058269795030355453
v -0.008786030113697052 -0.008003010414540768 0.058448560535907745
v -0.008943070657551289 -3.0100002277322346e-06 0.058269795030355453
v -0.008786030113697052 -3.0100002277322346e-06 0.058448560535907745
v -0.008943070657551289 -3.0100002277322346e-06 0.058269795030355453
v -0.008786030113697052 -0.008003010414540768 0.058448560535907745
v -0.008786030113697052 -0.008003010414540768 0.058448560535907745
v -0.008564130403101444 -0.008003010414540768 0.05853451415896416
v -0.008786030113697052 -3.0100002277322346e-06 0.058448560535907745
v -0.008564130403101444 -3.0100002277322346e-06 0.05853451415896416
v -0.008786030113697052 -3.0100002277322346e-06 0.058448560535907745
v -0.008564130403101444 -0.008003010414540768 0.05853451415896416
v -0.008564130403101444 -0.008003010414540768 0.05853451415896416
v -0.008327650837600231 -0.008003010414540768 0.05850815027952194
v -0.008564130403101444 -3.0100002277322346e-06 0.05853451415896416
v -0.008327650837600231 -3.0100002277322346e-06 0.05850815027952194
v -0.008564130403101444 -3.0100002277322346e-06 0.05853451415896416
v -0.008327650837600231 -0.008003010414540768 0.05850815027952194
v -0.008327650837600231 -0.008003010414540768 0.05850815027952194
v -0.008130121044814587 -0.008003010414540768 0.058375462889671326
v -0.008327650837600231 -3.0100002277322346e-06 0.05850815027952194
v -0.008130121044814587 -3.0100002277322346e-06 0.058375462889671326
v -0.008327650837600231 -3.0100002277322346e-06 0.05850815027952194
v -0.008130121044814587 -0.008003010414540768 0.058375462889671326
v -0.005916180554777384 -0.004003009758889675 0.0565112940967083
v -0.004413190297782421 -0.005674419924616814 0.05570889264345169
v -0.0040734801441431046 -0.005465340334922075 0.055566802620887756
v -0.005916180554777384 -0.004003009758889675 0.0565112940967083
v -0.004888580180704594 -0.006003010086715221 0.05593077465891838
v -0.004413190297782421 -0.005674419924616814 0.05570889264345169
v -0.005916180554777384 -0.004003009758889675 0.0565112940967083
v -0.004888580180704594 -0.00900301057845354 0.05593077465891838
v -0.004888580180704594 -0.006003010086715221 0.05593077465891838
v -0.005916180554777384 -0.004003009758889675 0.0565112940967083
v -0.005738820414990187 -0.010503009893000126 0.05640048161149025
v -0.004888580180704594 -0.00900301057845354 0.05593077465891838
v -0.005738820414990187 -0.010503009893000126 0.05640048161149025
v -0.00461835041642189 -0.010503009893000126 0.05580126494169235
v -0.004888580180704594 -0.00900301057845354 0.05593077465891838
v -0.0066142906434834 -0.010308380238711834 0.05700249969959259
v -0.005738820414990187 -0.010503009893000126 0.05640048161149025
v -0.005916180554777384 -0.004003009758889675 0.0565112940967083
v -0.005916180554777384 -0.004003009758889675 0.0565112940967083
v -0.007549520581960678 -0.004003009758889675 0.05778464302420616
v -0.0066142906434834 -0.010308380238711834 0.05700249969959259
v -0.007549520581960678 -0.004003009758889675 0.05778464302420616
v -0.007369320373982191 -0.009827409870922565 0.057619065046310425
v -0.0066142906434834 -0.010308380238711834 0.05700249969959259
v -0.007549520581960678 -3.0100002277322346e-06 0.05778464302420616
v -0.00784539058804512 -3.0100002277322346e-06 0.05807458236813545
v -0.007549520581960678 -0.004003009758889675 0.05778464302420616
v -0.00784539058804512 -3.0100002277322346e-06 0.05807458236813545
v -0.007369320373982191 -0.009827409870922565 0.057619065046310425
v -0.007549520581960678 -0.004003009758889675 0.05778464302420616
v -0.007908850908279419 -0.009034580551087856 0.058140791952610016
v -0.007369320373982191 -0.009827409870922565 0.057619065046310425
v -0.00784539058804512 -3.0100002277322346e-06 0.05807458236813545
v -0.00784539058804512 -3.0100002277322346e-06 0.05807458236813545
v -0.008130121044814587 -3.0100002277322346e-06 0.058375462889671326
v -0.007908850908279419 -0.009034580551087856 0.058140791952610016
v -0.008130121044814587 -3.0100002277322346e-06 0.058375462889671326
v -0.008130121044814587 -0.008003010414540768 0.058375462889671326
v -0.007908850908279419 -0.009034580551087856 0.058140791952610016
v -0.004999690223485231 0.00849699042737484 0.059784650802612305
v -0.004999690223485231 0.007742960471659899 0.059784650802612305
v -0.004999690223485231 0.00849699042737484 0.05778464302420616
v -0.004999690223485231 0.00849699042737484 0.05778464302420616
v -0.004999690223485231 0.006969340145587921 0.058900874108076096
v -0.005499690305441618 0.005169030278921127 0.05778464302420616
v -0.004999690223485231 0.00849699042737484 0.05778464302420616
v -0.004999690223485231 0.007742960471659899 0.059784650802612305
v -0.004999690223485231 0.006969340145587921 0.058900874108076096
v -0.005499690305441618 0.007941440679132938 0.06052766367793083
v -0.004999690223485231 0.007742960471659899 0.059784650802612305
v -0.004999690223485231 0.00849699042737484 0.059784650802612305
v -0.005499690305441618 0.00849699042737484 0.06286916136741638
v -0.005499690305441618 0.007941440679132938 0.06052766367793083
v -0.004999690223485231 0.00849699042737484 0.059784650802612305
v -0.00611115014180541 0.007941440679132938 0.06125299260020256
v -0.005499690305441618 0.007941440679132938 0.06052766367793083
v -0.005499690305441618 0.00849699042737484 0.06286916136741638
v -0.006580440327525139 0.007941440679132938 0.06196633353829384
v -0.00611115014180541 0.007941440679132938 0.06125299260020256
v -0.005499690305441618 0.00849699042737484 0.06286916136741638
v -0.00693326024338603 0.007941440679132938 0.0626523420214653
v -0.006580440327525139 0.007941440679132938 0.06196633353829384
v -0.005499690305441618 0.00849699042737484 0.06286916136741638
v -0.005499690305441618 0.00849699042737484 0.06286916136741638
v -0.006365820299834013 0.00849699042737484 0.0652831420302391
v -0.00693326024338603 0.007941440679132938 0.0626523420214653
v -0.007732880301773548 0.007839039899408817 0.06504834443330765
v -0.00693326024338603 0.007941440679132938 0.0626523420214653
v -0.006365820299834013 0.00849699042737484 0.0652831420302391
v 3.1000001854408765e-07 0.008557300083339214 0.06891865283250809
v -0.006921210326254368 0.008540970273315907 0.06599626690149307
v -0.006365820299834013 0.00849699042737484 0.0652831420302391
v -0.0050284904427826405 0.01149699091911316 0.0639566034078598
v -0.0067759002558887005 0.0110888397321105 0.06479447335004807
v -0.0052121602930128574 0.01149699091911316 0.06502297520637512
v -0.006346150301396847 0.011178690940141678 0.06368780136108398
v -0.0067759002558887005 0.0110888397321105 0.06479447335004807
v -0.0050284904427826405 0.01149699091911316 0.0639566034078598
v -0.0050284904427826405 0.01149699091911316 0.0639566034078598
v -0.00479562021791935 0.01149699091911316 0.06301096081733704
v -0.006346150301396847 0.011178690940141678 0.06368780136108398
v -0.005875290371477604 0.01127730030566454 0.06268823146820068
v -0.006346150301396847 0.011178690940141678 0.06368780136108398
v -0.00479562021791935 0.01149699091911316 0.06301096081733704
v -0.00479562021791935 0.01149699091911316 0.06301096081733704
v -0.004494860302656889 0.01149699091911316 0.062199462205171585
v -0.005875290371477604 0.01127730030566454 0.06268823146820068
v -0.004494860302656889 0.01149699091911316 0.062199462205171585
v -0.005349000450223684 0.011345560662448406 0.06180436164140701
v -0.005875290371477604 0.01127730030566454 0.06268823146820068
v -0.004494860302656889 0.01149699091911316 0.062199462205171585
v -0.004110760521143675 0.01149699091911316 0.06154702231287956
v -0.005349000450223684 0.011345560662448406 0.06180436164140701
v -0.004118199925869703 0.011396990157663822 0.060467660427093506
v -0.005349000450223684 0.011345560662448406 0.06180436164140701
v -0.004110760521143675 0.01149699091911316 0.06154702231287956
v -0.003647830104455352 0.01149699091911316 0.061074912548065186
v -0.004118199925869703 0.011396990157663822 0.060467660427093506
v -0.004110760521143675 0.01149699091911316 0.06154702231287956
v -0.0057569402270019054 0.011047011241316795 0.0694928988814354
v -0.004806990269571543 0.011047011241316795 0.07066184282302856
v -0.0037378801498562098 0.01149699091911316 0.06949624419212341
v -0.0037378801498562098 0.01149699091911316 0.06949624419212341
v -0.00449019018560648 0.01149699091911316 0.06853880733251572
v -0.0057569402270019054 0.011047011241316795 0.0694928988814354
v -0.006395050324499607 0.011047011241316795 0.068233422935009
v -0.0057569402270019054 0.011047011241316795 0.0694928988814354
v -0.00449019018560648 0.01149699091911316 0.06853880733251572
v -0.00449019018560648 0.01149699091911316 0.06853880733251572
v -0.005002950318157673 0.01149699091911316 0.06743310391902924
v -0.006395050324499607 0.011047011241316795 0.068233422935009
v -0.006740990560501814 0.0110470000654459 0.06698962301015854
v -0.006395050324499607 0.011047011241316795 0.068233422935009
v -0.005002950318157673 0.01149699091911316 0.06743310391902924
v -0.005002950318157673 0.01149699091911316 0.06743310391902924
v -0.005247900262475014 0.01149699091911316 0.06623879820108414
v -0.006740990560501814 0.0110470000654459 0.06698962301015854
v -0.006847700569778681 0.0110470000654459 0.06582941114902496
v -0.006740990560501814 0.0110470000654459 0.06698962301015854
v -0.005247900262475014 0.01149699091911316 0.06623879820108414
v -0.005247900262475014 0.01149699091911316 0.06623879820108414
v -0.0052121602930128574 0.01149699091911316 0.06502297520637512
v -0.006847700569778681 0.0110470000654459 0.06582941114902496
v -0.006847700569778681 0.0110470000654459 0.06582941114902496
v -0.0052121602930128574 0.01149699091911316 0.06502297520637512
v -0.0067759002558887005 0.0110888397321105 0.06479447335004807
v -0.002908170223236084 0.011396990157663822 0.059720560908317566
v -0.004118199925869703 0.011396990157663822 0.060467660427093506
v -0.0027384101413190365 0.01149699091911316 0.06049409508705139
v -0.0027384101413190365 0.01149699091911316 0.06049409508705139
v -0.004118199925869703 0.011396990157663822 0.060467660427093506
v -0.003647830104455352 0.01149699091911316 0.061074912548065186
v -0.00802650023251772 0.009092390537261963 0.06715675443410873
v -0.007217870093882084 0.009433720260858536 0.06856859475374222
v -0.008408680558204651 0.009572019800543785 0.06721003353595734
v -0.007075090426951647 0.009963280521333218 0.06935165077447891
v -0.008408680558204651 0.009572019800543785 0.06721003353595734
v -0.007217870093882084 0.009433720260858536 0.06856859475374222
v -0.007075090426951647 0.009963280521333218 0.06935165077447891
v -0.008381640538573265 0.009779300540685654 0.06714390218257904
v -0.008408680558204651 0.009572019800543785 0.06721003353595734
v -0.007075090426951647 0.009963280521333218 0.06935165077447891
v -0.008272410370409489 0.009944841265678406 0.06705044209957123
v -0.008381640538573265 0.009779300540685654 0.06714390218257904
v -0.007075090426951647 0.009963280521333218 0.06935165077447891
v -0.007642240263521671 0.010230010375380516 0.06820881366729736
v -0.008272410370409489 0.009944841265678406 0.06705044209957123
v -0.007075090426951647 0.009963280521333218 0.06935165077447891
v -0.00722061051055789 0.010369640775024891 0.06882871687412262
v -0.007642240263521671 0.010230010375380516 0.06820881366729736
v -0.0067164902575314045 0.01050163060426712 0.06946391612291336
v -0.00722061051055789 0.010369640775024891 0.06882871687412262
v -0.007075090426951647 0.009963280521333218 0.06935165077447891
v -0.005281360354274511 0.01027448009699583 0.07113149762153625
v -0.007075090426951647 0.009963280521333218 0.06935165077447891
v -0.005968490615487099 0.009740850888192654 0.07008223980665207
v -0.007075090426951647 0.009963280521333218 0.06935165077447891
v -0.007217870093882084 0.009433720260858536 0.06856859475374222
v -0.005968490615487099 0.009740850888192654 0.07008223980665207
v -0.007075090426951647 0.009963280521333218 0.06935165077447891
v -0.005281360354274511 0.01027448009699583 0.07113149762153625
v -0.0067164902575314045 0.01050163060426712 0.06946391612291336
v -0.005281360354274511 0.01027448009699583 0.07113149762153625
v -0.005533040501177311 0.010709349997341633 0.07064544409513474
v -0.0067164902575314045 0.01050163060426712 0.06946391612291336
v -0.008408680558204651 0.009572019800543785 0.06721003353595734
v -0.008385609835386276 0.00873648002743721 0.06591034680604935
v -0.00802650023251772 0.009092390537261963 0.06715675443410873
v -0.00875324010848999 0.00900932028889656 0.06588834524154663
v -0.008385609835386276 0.00873648002743721 0.06591034680604935
v -0.008408680558204651 0.009572019800543785 0.06721003353595734
v -0.008807160891592503 0.009231280535459518 0.06582973152399063
v -0.00875324010848999 0.00900932028889656 0.06588834524154663
v -0.008408680558204651 0.009572019800543785 0.06721003353595734
v -0.008408680558204651 0.009572019800543785 0.06721003353595734
v -0.008381640538573265 0.009779300540685654 0.06714390218257904
v -0.008807160891592503 0.009231280535459518 0.06582973152399063
v -0.008272410370409489 0.009944841265678406 0.06705044209957123
v -0.008625640533864498 0.009636360220611095 0.06623487174510956
v -0.008381640538573265 0.009779300540685654 0.06714390218257904
v -0.008564130403101444 0.007037730421870947 0.06405474245548248
v -0.008130140602588654 0.007192160468548536 0.06401679664850235
v -0.008382460102438927 0.007530330680310726 0.06474487483501434
v -0.008808750659227371 0.0075872004963457584 0.06467843055725098
v -0.008382460102438927 0.007530330680310726 0.06474487483501434
v -0.008696410804986954 0.008161979727447033 0.06511563062667847
v -0.008382460102438927 0.007530330680310726 0.06474487483501434
v -0.008808750659227371 0.0075872004963457584 0.06467843055725098
v -0.008564130403101444 0.007037730421870947 0.06405474245548248
v -0.008808750659227371 0.0075872004963457584 0.06467843055725098
v -0.008786010555922985 0.0071211704052984715 0.06403425335884094
v -0.008564130403101444 0.007037730421870947 0.06405474245548248
v -0.008696410804986954 0.008161979727447033 0.06511563062667847
v -0.008855979889631271 0.008205341175198555 0.0650157481431961
v -0.008808750659227371 0.0075872004963457584 0.06467843055725098
v -0.008808750659227371 0.0075872004963457584 0.06467843055725098
v -0.008999690413475037 0.008087439462542534 0.06455761939287186
v -0.008786010555922985 0.0071211704052984715 0.06403425335884094
v -0.008786010555922985 0.0071211704052984715 0.06403425335884094
v -0.008999690413475037 0.008087439462542534 0.06455761939287186
v -0.008999690413475037 0.007424540352076292 0.06358657032251358
v -0.008130121044814587 -3.0100002277322346e-06 0.058375462889671326
v -0.008130121044814587 0.0012729300651699305 0.058486152440309525
v -0.008327650837600231 -3.0100002277322346e-06 0.05850815027952194
v -0.008130121044814587 0.0012729300651699305 0.058486152440309525
v -0.008564130403101444 -3.0100002277322346e-06 0.05853451415896416
v -0.008327650837600231 -3.0100002277322346e-06 0.05850815027952194
v -0.008130121044814587 0.0012729300651699305 0.058486152440309525
v -0.008675080724060535 -3.0100002277322346e-06 0.0584915354847908
v -0.008564130403101444 -3.0100002277322346e-06 0.05853451415896416
v -0.008675080724060535 -3.0100002277322346e-06 0.0584915354847908
v -0.008680270984768867 0.003119370201602578 0.05920855328440666
v -0.008786030113697052 -3.0100002277322346e-06 0.058448560535907745
v -0.008680270984768867 0.003119370201602578 0.05920855328440666
v -0.008943070657551289 -3.0100002277322346e-06 0.058269795030355453
v -0.008786030113697052 -3.0100002277322346e-06 0.058448560535907745
v -0.008680270984768867 0.003119370201602578 0.05920855328440666
v -0.008999690413475037 -3.0100002277322346e-06 0.05803868547081947
v -0.008943070657551289 -3.0100002277322346e-06 0.058269795030355453
v -0.008680270984768867 0.003119370201602578 0.05920855328440666
v -0.008999690413475037 0.0013307600747793913 0.05815437063574791
v -0.008999690413475037 -3.0100002277322346e-06 0.05803868547081947
v -0.008680270984768867 0.003119370201602578 0.05920855328440666
v -0.008999690413475037 0.002479870105162263 0.05844739452004433
v -0.008999690413475037 0.0013307600747793913 0.05815437063574791
v -0.008680270984768867 0.003119370201602578 0.05920855328440666
v -0.008675080724060535 -3.0100002277322346e-06 0.0584915354847908
v -0.008130121044814587 0.002371970098465681 0.05876642093062401
v -0.008675080724060535 -3.0100002277322346e-06 0.0584915354847908
v -0.008130121044814587 0.0012729300651699305 0.058486152440309525
v -0.008130121044814587 0.002371970098465681 0.05876642093062401
v -0.008999690413475037 0.0034615201875567436 0.05885666236281395
v -0.008999690413475037 0.002479870105162263 0.05844739452004433
v -0.008680270984768867 0.003119370201602578 0.05920855328440666
v -0.008130121044814587 0.002371970098465681 0.05876642093062401
v -0.008130121044814587 0.003310880158096552 0.059157874435186386
v -0.008680270984768867 0.003119370201602578 0.05920855328440666
v -0.008680270984768867 0.003119370201602578 0.05920855328440666
v -0.008680270984768867 0.0056381504982709885 0.0611833818256855
v -0.008999690413475037 0.0034615201875567436 0.05885666236281395
v -0.008680270984768867 0.0056381504982709885 0.0611833818256855
v -0.008999690413475037 0.004285870119929314 0.059334415942430496
v -0.008999690413475037 0.0034615201875567436 0.05885666236281395
v -0.008680270984768867 0.0056381504982709885 0.0611833818256855
v -0.008999690413475037 0.004970570094883442 0.05984633043408394
v -0.008999690413475037 0.004285870119929314 0.059334415942430496
v -0.008680270984768867 0.0056381504982709885 0.0611833818256855
v -0.008999690413475037 0.00600434048101306 0.0608946718275547
v -0.008999690413475037 0.004970570094883442 0.05984633043408394
v -0.008680270984768867 0.0056381504982709885 0.0611833818256855
v -0.008680270984768867 0.003119370201602578 0.05920855328440666
v -0.008130121044814587 0.005296520423144102 0.0606067031621933
v -0.008680270984768867 0.003119370201602578 0.05920855328440666
v -0.008130121044814587 0.0047543104737997055 0.06010451540350914
v -0.008130121044814587 0.005296520423144102 0.0606067031621933
v -0.008680270984768867 0.003119370201602578 0.05920855328440666
v -0.008130121044814587 0.004099380224943161 0.059614844620227814
v -0.008130121044814587 0.0047543104737997055 0.06010451540350914
v -0.008680270984768867 0.003119370201602578 0.05920855328440666
v -0.008130121044814587 0.003310880158096552 0.059157874435186386
v -0.008130121044814587 0.004099380224943161 0.059614844620227814
v -0.008130121044814587 0.005296520423144102 0.0606067031621933
v -0.008130121044814587 0.005743160378187895 0.061107292771339417
v -0.008680270984768867 0.0056381504982709885 0.0611833818256855
v -0.008786010555922985 0.0071211704052984715 0.06403425335884094
v -0.008680270984768867 0.0056381504982709885 0.0611833818256855
v -0.008564130403101444 0.007037730421870947 0.06405474245548248
v -0.008680270984768867 0.0056381504982709885 0.0611833818256855
v -0.008130140602588654 0.007192160468548536 0.06401679664850235
v -0.008564130403101444 0.007037730421870947 0.06405474245548248
v -0.008680270984768867 0.0056381504982709885 0.0611833818256855
v -0.008130121044814587 0.006306830327957869 0.06190997362136841
v -0.008130140602588654 0.007192160468548536 0.06401679664850235
v -0.008680270984768867 0.0056381504982709885 0.0611833818256855
v -0.008130121044814587 0.005743160378187895 0.061107292771339417
v -0.008130121044814587 0.006306830327957869 0.06190997362136841
v -0.008680270984768867 0.0056381504982709885 0.0611833818256855
v -0.008786010555922985 0.0071211704052984715 0.06403425335884094
v -0.008999690413475037 0.00600434048101306 0.0608946718275547
v -0.008786010555922985 0.0071211704052984715 0.06403425335884094
v -0.008999690413475037 0.006697770208120346 0.061898812651634216
v -0.008999690413475037 0.00600434048101306 0.0608946718275547
v -0.008786010555922985 0.0071211704052984715 0.06403425335884094
v -0.008999690413475037 0.007144580129534006 0.06279934197664261
v -0.008999690413475037 0.006697770208120346 0.061898812651634216
v -0.008786010555922985 0.0071211704052984715 0.06403425335884094
v -0.008999690413475037 0.007424540352076292 0.06358657032251358
v -0.008999690413475037 0.007144580129534006 0.06279934197664261
v -0.008999690413475037 0.007996990345418453 0.06295621395111084
v -0.008999690413475037 0.008328620344400406 0.06417714804410934
v -0.008927840739488602 0.008649640716612339 0.06324892491102219
v -0.008741190657019615 0.009215250611305237 0.06362119317054749
v -0.008927840739488602 0.008649640716612339 0.06324892491102219
v -0.008999690413475037 0.008328620344400406 0.06417714804410934
v -0.008741190657019615 0.009215250611305237 0.06362119317054749
v -0.008951161056756973 0.008884510025382042 0.06498747318983078
v -0.008825680240988731 0.009292040020227432 0.06544601172208786
v -0.008741190657019615 0.009215250611305237 0.06362119317054749
v -0.008999690413475037 0.008328620344400406 0.06417714804410934
v -0.008951161056756973 0.008884510025382042 0.06498747318983078
v -0.008825680240988731 0.009292040020227432 0.06544601172208786
v -0.00849870964884758 0.009656780399382114 0.06407870352268219
v -0.008741190657019615 0.009215250611305237 0.06362119317054749
v -0.008825680240988731 0.009292040020227432 0.06544601172208786
v -0.00827242061495781 0.009955240413546562 0.06460336595773697
v -0.00849870964884758 0.009656780399382114 0.06407870352268219
v -0.008825680240988731 0.009292040020227432 0.06544601172208786
v -0.008044450543820858 0.010192200541496277 0.06520199030637741
v -0.00827242061495781 0.009955240413546562 0.06460336595773697
v -0.00827242061495781 0.010024620220065117 0.06587690114974976
v -0.008044450543820858 0.010192200541496277 0.06520199030637741
v -0.00875123031437397 0.009447690099477768 0.06575460731983185
v -0.008044450543820858 0.010192200541496277 0.06520199030637741
v -0.008825680240988731 0.009292040020227432 0.06544601172208786
v -0.00875123031437397 0.009447690099477768 0.06575460731983185
v -0.00875123031437397 0.009447690099477768 0.06575460731983185
v -0.008625640533864498 0.009636360220611095 0.06623487174510956
v -0.00827242061495781 0.010024620220065117 0.06587690114974976
v -0.008272410370409489 0.010001680813729763 0.06646892428398132
v -0.00827242061495781 0.010024620220065117 0.06587690114974976
v -0.008625640533864498 0.009636360220611095 0.06623487174510956
v -0.008625640533864498 0.009636360220611095 0.06623487174510956
v -0.008272410370409489 0.009944841265678406 0.06705044209957123
v -0.008272410370409489 0.010001680813729763 0.06646892428398132
v -0.008385609835386276 0.00873648002743721 0.06591034680604935
v -0.00847667083144188 0.008657719939947128 0.06568396091461182
v -0.00722853047773242 0.00873648002743721 0.06644991785287857
v -0.0075694601982831955 0.008641229942440987 0.06607729941606522
v -0.00722853047773242 0.00873648002743721 0.06644991785287857
v -0.00847667083144188 0.008657719939947128 0.06568396091461182
v -0.00847667083144188 0.008657719939947128 0.06568396091461182
v -0.008558010682463646 0.008559870533645153 0.06549423187971115
v -0.0075694601982831955 0.008641229942440987 0.06607729941606522
v -0.007946150377392769 0.008506541140377522 0.06571537256240845
v -0.0075694601982831955 0.008641229942440987 0.06607729941606522
v -0.008558010682463646 0.008559870533645153 0.06549423187971115
v -0.006921210326254368 0.008540970273315907 0.06599626690149307
v -0.0031753501389175653 0.008699920028448105 0.0682973638176918
v -0.007217870093882084 0.009433720260858536 0.06856859475374222
v -0.0031753501389175653 0.008699920028448105 0.0682973638176918
v -0.005968490615487099 0.009740850888192654 0.07008223980665207
v -0.007217870093882084 0.009433720260858536 0.06856859475374222
v -0.0031753501389175653 0.008699920028448105 0.0682973638176918
v -0.004848519805818796 0.00988733023405075 0.0710485577583313
v -0.005968490615487099 0.009740850888192654 0.07008223980665207
v -0.006921210326254368 0.008540970273315907 0.06599626690149307
v -0.007217870093882084 0.009433720260858536 0.06856859475374222
v -0.00722853047773242 0.00873648002743721 0.06644991785287857
v -0.007217870093882084 0.009433720260858536 0.06856859475374222
v -0.00802650023251772 0.009092390537261963 0.06715675443410873
v -0.00722853047773242 0.00873648002743721 0.06644991785287857
v -0.008385609835386276 0.00873648002743721 0.06591034680604935
v -0.00722853047773242 0.00873648002743721 0.06644991785287857
v -0.00802650023251772 0.009092390537261963 0.06715675443410873
v -0.0037378801498562098 0.01149699091911316 0.06949624419212341
v 3.199999980552093e-07 0.01149699091911316 0.06590822339057922
v -0.00449019018560648 0.01149699091911316 0.06853880733251572
v 3.199999980552093e-07 0.01149699091911316 0.06590822339057922
v -0.005002950318157673 0.01149699091911316 0.06743310391902924
v -0.00449019018560648 0.01149699091911316 0.06853880733251572
v 3.199999980552093e-07 0.01149699091911316 0.06590822339057922
v -0.005247900262475014 0.01149699091911316 0.06623879820108414
v -0.005002950318157673 0.01149699091911316 0.06743310391902924
v -0.0052121602930128574 0.01149699091911316 0.06502297520637512
v -0.005247900262475014 0.01149699091911316 0.06623879820108414
v 3.199999980552093e-07 0.01149699091911316 0.06590822339057922
v 3.199999980552093e-07 0.01149699091911316 0.06590822339057922
v -0.0050284904427826405 0.01149699091911316 0.0639566034078598
v -0.0052121602930128574 0.01149699091911316 0.06502297520637512
v 3.199999980552093e-07 0.01149699091911316 0.06590822339057922
v -0.00479562021791935 0.01149699091911316 0.06301096081733704
v -0.0050284904427826405 0.01149699091911316 0.0639566034078598
v 3.199999980552093e-07 0.01149699091911316 0.06590822339057922
v -0.004494860302656889 0.01149699091911316 0.062199462205171585
v -0.00479562021791935 0.01149699091911316 0.06301096081733704
v 3.199999980552093e-07 0.01149699091911316 0.06590822339057922
v -0.004110760521143675 0.01149699091911316 0.06154702231287956
v -0.004494860302656889 0.01149699091911316 0.062199462205171585
v 3.199999980552093e-07 0.01149699091911316 0.06590822339057922
v -0.003647830104455352 0.01149699091911316 0.061074912548065186
v -0.004110760521143675 0.01149699091911316 0.06154702231287956
v -0.006501960102468729 0.01101933978497982 0.06249067187309265
v -0.006346150301396847 0.011178690940141678 0.06368780136108398
v -0.005875290371477604 0.01127730030566454 0.06268823146820068
v -0.005875290371477604 0.01127730030566454 0.06268823146820068
v -0.005349000450223684 0.011345560662448406 0.06180436164140701
v -0.006501960102468729 0.01101933978497982 0.06249067187309265
v -0.006346150301396847 0.011178690940141678 0.06368780136108398
v -0.006501960102468729 0.01101933978497982 0.06249067187309265
v -0.0072836000472307205 0.010708371177315712 0.06332394480705261
v -0.006953760515898466 0.010838431306183338 0.061888232827186584
v -0.0072836000472307205 0.010708371177315712 0.06332394480705261
v -0.006501960102468729 0.01101933978497982 0.06249067187309265
v -0.006953760515898466 0.010838431306183338 0.061888232827186584
v -0.006501960102468729 0.01101933978497982 0.06249067187309265
v -0.004737520590424538 0.011262190528213978 0.059668123722076416
v -0.006498140282928944 0.010943369939923286 0.06001643091440201
v -0.006953760515898466 0.010838431306183338 0.061888232827186584
v -0.004737520590424538 0.011262190528213978 0.059668123722076416
v -0.0059996903873980045 0.010996990837156773 0.05803868547081947
v -0.006498140282928944 0.010943369939923286 0.06001643091440201
v -0.004737520590424538 0.011262190528213978 0.059668123722076416
v -0.0015064399922266603 0.011396990157663822 0.059230100363492966
v -0.004168529994785786 0.010996990837156773 0.05691780522465706
v -0.002908170223236084 0.011396990157663822 0.059720560908317566
v -0.004168529994785786 0.010996990837156773 0.05691780522465706
v -0.0059996903873980045 0.010996990837156773 0.05803868547081947
v -0.002908170223236084 0.011396990157663822 0.059720560908317566
v -0.004118199925869703 0.011396990157663822 0.060467660427093506
v -0.002908170223236084 0.011396990157663822 0.059720560908317566
v -0.004737520590424538 0.011262190528213978 0.059668123722076416
v -0.002908170223236084 0.011396990157663822 0.059720560908317566
v -0.0059996903873980045 0.010996990837156773 0.05803868547081947
v -0.004737520590424538 0.011262190528213978 0.059668123722076416
v -0.008999690413475037 0.008328620344400406 0.06417714804410934
v -0.008999690413475037 0.008087439462542534 0.06455761939287186
v -0.008951161056756973 0.008884510025382042 0.06498747318983078
v -0.008999690413475037 0.008328620344400406 0.06417714804410934
v -0.008999690413475037 0.007424540352076292 0.06358657032251358
v -0.008999690413475037 0.008087439462542534 0.06455761939287186
v -0.008999690413475037 0.008328620344400406 0.06417714804410934
v -0.008999690413475037 0.007996990345418453 0.06295621395111084
v -0.008999690413475037 0.007424540352076292 0.06358657032251358
v -0.008999690413475037 0.007996990345418453 0.06295621395111084
v -0.008999690413475037 0.007144580129534006 0.06279934197664261
v -0.008999690413475037 0.007424540352076292 0.06358657032251358
v -0.008999690413475037 0.007996990345418453 0.06295621395111084
v -0.009025470353662968 0.00800000037997961 0.024478070437908173
v -0.008999690413475037 0.007144580129534006 0.06279934197664261
v -0.009025470353662968 0.00800000037997961 0.024478070437908173
v -0.008999690413475037 0.006697770208120346 0.061898812651634216
v -0.008999690413475037 0.007144580129534006 0.06279934197664261
v -0.009025470353662968 0.00800000037997961 0.024478070437908173
v -0.008999690413475037 0.00600434048101306 0.0608946718275547
v -0.008999690413475037 0.006697770208120346 0.061898812651634216
v 3.1000001854408765e-07 0.008557300083339214 0.06891865283250809
v -0.006365820299834013 0.00849699042737484 0.0652831420302391
v -0.0010346800554543734 0.00849699042737484 0.05778464302420616
v -0.006365820299834013 0.00849699042737484 0.0652831420302391
v -0.005499690305441618 0.00849699042737484 0.06286916136741638
v -0.0010346800554543734 0.00849699042737484 0.05778464302420616
v -0.005499690305441618 0.00849699042737484 0.06286916136741638
v -0.004999690223485231 0.00849699042737484 0.059784650802612305
v -0.0010346800554543734 0.00849699042737484 0.05778464302420616
v -0.004999690223485231 0.00849699042737484 0.05778464302420616
v -0.0010346800554543734 0.00849699042737484 0.05778464302420616
v -0.004999690223485231 0.00849699042737484 0.059784650802612305
v -0.008130140602588654 0.007192160468548536 0.06401679664850235
v -0.00693326024338603 0.007941440679132938 0.0626523420214653
v -0.007732880301773548 0.007839039899408817 0.06504834443330765
v -0.00693326024338603 0.007941440679132938 0.0626523420214653
v -0.008130140602588654 0.007192160468548536 0.06401679664850235
v -0.008130121044814587 0.006306830327957869 0.06190997362136841
v -0.00693326024338603 0.007941440679132938 0.0626523420214653
v -0.008130121044814587 0.006306830327957869 0.06190997362136841
v -0.006580440327525139 0.007941440679132938 0.06196633353829384
v -0.008130121044814587 0.006306830327957869 0.06190997362136841
v -0.00611115014180541 0.007941440679132938 0.06125299260020256
v -0.006580440327525139 0.007941440679132938 0.06196633353829384
v -0.006842350121587515 0.0061604902148246765 0.05976889282464981
v -0.00611115014180541 0.007941440679132938 0.06125299260020256
v -0.008130121044814587 0.006306830327957869 0.06190997362136841
v -0.00611115014180541 0.007941440679132938 0.06125299260020256
v -0.006842350121587515 0.0061604902148246765 0.05976889282464981
v -0.005499690305441618 0.007941440679132938 0.06052766367793083
v -0.006842350121587515 0.0061604902148246765 0.05976889282464981
v -0.004999690223485231 0.006969340145587921 0.058900874108076096
v -0.005499690305441618 0.007941440679132938 0.06052766367793083
v -0.004999690223485231 0.006969340145587921 0.058900874108076096
v -0.004999690223485231 0.007742960471659899 0.059784650802612305
v -0.005499690305441618 0.007941440679132938 0.06052766367793083
v -0.004999690223485231 0.006969340145587921 0.058900874108076096
v -0.006842350121587515 0.0061604902148246765 0.05976889282464981
v -0.005499690305441618 0.005169030278921127 0.05778464302420616
v -0.006842350121587515 0.0061604902148246765 0.05976889282464981
v -0.0076639000326395035 0.004102940205484629 0.05904662236571312
v -0.005499690305441618 0.005169030278921127 0.05778464302420616
v -0.0076639000326395035 0.004102940205484629 0.05904662236571312
v -0.006842350121587515 0.0061604902148246765 0.05976889282464981
v -0.008130121044814587 0.0047543104737997055 0.06010451540350914
v -0.006842350121587515 0.0061604902148246765 0.05976889282464981
v -0.008130121044814587 0.005296520423144102 0.0606067031621933
v -0.008130121044814587 0.0047543104737997055 0.06010451540350914
v -0.006842350121587515 0.0061604902148246765 0.05976889282464981
v -0.008130121044814587 0.005743160378187895 0.061107292771339417
v -0.008130121044814587 0.005296520423144102 0.0606067031621933
v -0.006842350121587515 0.0061604902148246765 0.05976889282464981
v -0.008130121044814587 0.006306830327957869 0.06190997362136841
v -0.008130121044814587 0.005743160378187895 0.061107292771339417
v -0.00634754030033946 0.004084140062332153 0.05778464302420616
v -0.005499690305441618 0.005169030278921127 0.05778464302420616
v -0.0076639000326395035 0.004102940205484629 0.05904662236571312
v -0.008130121044814587 0.0047543104737997055 0.06010451540350914
v -0.008130121044814587 0.004099380224943161 0.059614844620227814
v -0.0076639000326395035 0.004102940205484629 0.05904662236571312
v -0.008130121044814587 0.0018587701488286257 0.058635544031858444
v -0.0076639000326395035 0.004102940205484629 0.05904662236571312
v -0.008130121044814587 0.002371970098465681 0.05876642093062401
v -0.0076639000326395035 0.004102940205484629 0.05904662236571312
v -0.008130121044814587 0.003310880158096552 0.059157874435186386
v -0.008130121044814587 0.002371970098465681 0.05876642093062401
v -0.0076639000326395035 0.004102940205484629 0.05904662236571312
v -0.008130121044814587 0.004099380224943161 0.059614844620227814
v -0.008130121044814587 0.003310880158096552 0.059157874435186386
v -0.0076639000326395035 0.004102940205484629 0.05904662236571312
v -0.008130121044814587 0.0018587701488286257 0.058635544031858444
v -0.00634754030033946 0.004084140062332153 0.05778464302420616
v -0.008130121044814587 0.0018587701488286257 0.058635544031858444
v -0.007003739941865206 0.00281537021510303 0.05778464302420616
v -0.00634754030033946 0.004084140062332153 0.05778464302420616
v -0.00741158053278923 0.0014335899613797665 0.05778464302420616
v -0.007003739941865206 0.00281537021510303 0.05778464302420616
v -0.008130121044814587 0.0018587701488286257 0.058635544031858444
v -0.008130121044814587 0.0018587701488286257 0.058635544031858444
v -0.008130121044814587 0.0012729300651699305 0.058486152440309525
v -0.00741158053278923 0.0014335899613797665 0.05778464302420616
v -0.007549520581960678 -3.0100002277322346e-06 0.05778464302420616
v -0.00741158053278923 0.0014335899613797665 0.05778464302420616
v -0.00784539058804512 -3.0100002277322346e-06 0.05807458236813545
v -0.00741158053278923 0.0014335899613797665 0.05778464302420616
v -0.008130121044814587 -3.0100002277322346e-06 0.058375462889671326
v -0.00784539058804512 -3.0100002277322346e-06 0.05807458236813545
v -0.00741158053278923 0.0014335899613797665 0.05778464302420616
v -0.008130121044814587 0.0012729300651699305 0.058486152440309525
v -0.008130121044814587 -3.0100002277322346e-06 0.058375462889671326
v -0.0067759002558887005 0.0110888397321105 0.06479447335004807
v -0.0076826405711472034 0.010480470024049282 0.06519770622253418
v -0.006847700569778681 0.0110470000654459 0.06582941114902496
v -0.008044450543820858 0.010192200541496277 0.06520199030637741
v -0.00827242061495781 0.010024620220065117 0.06587690114974976
v -0.0076826405711472034 0.010480470024049282 0.06519770622253418
v -0.00827242061495781 0.010024620220065117 0.06587690114974976
v -0.006847700569778681 0.0110470000654459 0.06582941114902496
v -0.0076826405711472034 0.010480470024049282 0.06519770622253418
v -0.006740990560501814 0.0110470000654459 0.06698962301015854
v -0.006847700569778681 0.0110470000654459 0.06582941114902496
v -0.008272410370409489 0.009944841265678406 0.06705044209957123
v -0.006847700569778681 0.0110470000654459 0.06582941114902496
v -0.008272410370409489 0.010001680813729763 0.06646892428398132
v -0.008272410370409489 0.009944841265678406 0.06705044209957123
v -0.006847700569778681 0.0110470000654459 0.06582941114902496
v -0.00827242061495781 0.010024620220065117 0.06587690114974976
v -0.008272410370409489 0.010001680813729763 0.06646892428398132
v -0.008272410370409489 0.009944841265678406 0.06705044209957123
v -0.007642240263521671 0.010230010375380516 0.06820881366729736
v -0.006740990560501814 0.0110470000654459 0.06698962301015854
v -0.006395050324499607 0.011047011241316795 0.068233422935009
v -0.006740990560501814 0.0110470000654459 0.06698962301015854
v -0.007642240263521671 0.010230010375380516 0.06820881366729736
v -0.007642240263521671 0.010230010375380516 0.06820881366729736
v -0.00722061051055789 0.010369640775024891 0.06882871687412262
v -0.006395050324499607 0.011047011241316795 0.068233422935009
v -0.0057569402270019054 0.011047011241316795 0.0694928988814354
v -0.006395050324499607 0.011047011241316795 0.068233422935009
v -0.0067164902575314045 0.01050163060426712 0.06946391612291336
v -0.006395050324499607 0.011047011241316795 0.068233422935009
v -0.00722061051055789 0.010369640775024891 0.06882871687412262
v -0.0067164902575314045 0.01050163060426712 0.06946391612291336
v -0.0067164902575314045 0.01050163060426712 0.06946391612291336
v -0.005533040501177311 0.010709349997341633 0.07064544409513474
v -0.0057569402270019054 0.011047011241316795 0.0694928988814354
v -0.004806990269571543 0.011047011241316795 0.07066184282302856
v -0.0057569402270019054 0.011047011241316795 0.0694928988814354
v -0.005533040501177311 0.010709349997341633 0.07064544409513474
v -0.008999690413475037 0.007996990345418453 0.06295621395111084
v -0.008927840739488602 0.008649640716612339 0.06324892491102219
v -0.009025470353662968 0.00800000037997961 0.024478070437908173
v -0.008927840739488602 0.008649640716612339 0.06324892491102219
v -0.008741190657019615 0.009215250611305237 0.06362119317054749
v -0.008878640830516815 0.008927050046622753 0.050792522728443146
v -0.008741190657019615 0.009215250611305237 0.06362119317054749
v -0.00849870964884758 0.009656780399382114 0.06407870352268219
v -0.008878640830516815 0.008927050046622753 0.050792522728443146
v -0.008878640830516815 0.008927050046622753 0.050792522728443146
v -0.00849870964884758 0.009656780399382114 0.06407870352268219
v -0.00827242061495781 0.009955240413546562 0.06460336595773697
v -0.00827242061495781 0.009955240413546562 0.06460336595773697
v -0.008044450543820858 0.010192200541496277 0.06520199030637741
v -0.008452520705759525 0.009763360023498535 0.050792522728443146
v -0.008452520705759525 0.009763360023498535 0.050792522728443146
v -0.0076826405711472034 0.010480470024049282 0.06519770622253418
v -0.0072836000472307205 0.010708371177315712 0.06332394480705261
v -0.008452520705759525 0.009763360023498535 0.050792522728443146
v -0.008044450543820858 0.010192200541496277 0.06520199030637741
v -0.0076826405711472034 0.010480470024049282 0.06519770622253418
v -0.007788820657879114 0.010427050292491913 0.050792522728443146
v -0.0072836000472307205 0.010708371177315712 0.06332394480705261
v -0.006953760515898466 0.010838431306183338 0.061888232827186584
v -0.006953760515898466 0.010838431306183338 0.061888232827186584
v -0.006498140282928944 0.010943369939923286 0.06001643091440201
v -0.006952519994229078 0.010853171348571777 0.050792522728443146
v -0.008722100406885147 -0.009240920655429363 0.05779337137937546
v -0.008939900435507298 -0.008711409755051136 0.009753179736435413
v -0.00854841060936451 -0.009698960930109024 0.009751960635185242
v -0.008722100406885147 -0.009240920655429363 0.05779337137937546
v -0.00854841060936451 -0.009698960930109024 0.009751960635185242
v -0.00802190974354744 -0.010219000279903412 0.0572296641767025
v -0.00802190974354744 -0.010219000279903412 0.0572296641767025
v -0.00854841060936451 -0.009698960930109024 0.009751960635185242
v -0.007831290364265442 -0.010397770442068577 0.009628420695662498
v -0.00802190974354744 -0.010219000279903412 0.0572296641767025
v -0.007831290364265442 -0.010397770442068577 0.009628420695662498
v -0.0070979902520775795 -0.010769451037049294 0.0566033236682415
v -0.0070979902520775795 -0.010769451037049294 0.0566033236682415
v -0.007831290364265442 -0.010397770442068577 0.009628420695662498
v -0.006064150016754866 -0.01098433043807745 0.04234554246068001
v -0.006064150016754866 -0.01098433043807745 0.04234554246068001
v -0.007831290364265442 -0.010397770442068577 0.009628420695662498
v -0.007242050487548113 -0.010742250829935074 0.010481130331754684
v -0.0010496900649741292 -0.01085239090025425 0.05468365177512169
v -0.003522890154272318 -0.010856560431420803 0.05520966276526451
v -0.0027670999988913536 -0.011003009974956512 0.0546225905418396
v -0.004427189938724041 -0.011003009974956512 0.05517110228538513
v -0.0027670999988913536 -0.011003009974956512 0.0546225905418396
v -0.003522890154272318 -0.010856560431420803 0.05520966276526451
v 0.005974530708044767 -0.01100000087171793 0.03585024178028107
v 0.00747453048825264 -0.010598080232739449 0.03585024178028107
v 0.006000310182571411 -0.011003009974956512 0.05597394332289696
v 0.006739550270140171 -0.010910511016845703 0.05637839436531067
v 0.006000310182571411 -0.011003009974956512 0.05597394332289696
v 0.00747453048825264 -0.010598080232739449 0.03585024178028107
v 0.006739550270140171 -0.010910511016845703 0.05637839436531067
v 0.00747453048825264 -0.010598080232739449 0.03585024178028107
v 0.007088580634444952 -0.010773400776088238 0.056597039103507996
v 0.00887230969965458 -0.008776459842920303 0.03585024178028107
v 0.008721720427274704 -0.009243200533092022 0.05779251456260681
v 0.008022979833185673 -0.010218590497970581 0.05723000317811966
v 0.00887230969965458 -0.008776459842920303 0.03585024178028107
v 0.008973199874162674 -0.007999280467629433 0.035694852471351624
v 0.008721720427274704 -0.009243200533092022 0.05779251456260681
v 0.00900031067430973 -0.008003010414540768 0.05803868547081947
v 0.008721720427274704 -0.009243200533092022 0.05779251456260681
v 0.008973199874162674 -0.007999280467629433 0.035694852471351624
v -0.00598520040512085 -0.010995570570230484 0.05599763244390488
v -0.0070979902520775795 -0.010769451037049294 0.0566033236682415
v -0.006064150016754866 -0.01098433043807745 0.04234554246068001
v -0.009025470353662968 -0.00800000037997961 0.050792522728443146
v -0.008722100406885147 -0.009240920655429363 0.05779337137937546
v -0.008999690413475037 -0.008003010414540768 0.05803868547081947
v 0.006000310182571411 -0.011003009974956512 0.05597394332289696
v 0.004428400192409754 -0.011003009974956512 0.05517134442925453
v 0.005974530708044767 -0.01100000087171793 0.03585024178028107
v 0.005974530708044767 -0.01100000087171793 0.03585024178028107
v 0.004428400192409754 -0.011003009974956512 0.05517134442925453
v -0.006064150016754866 -0.01098433043807745 0.04234554246068001
v 0.004428400192409754 -0.011003009974956512 0.05517134442925453
v 0.002768050180748105 -0.011003009974956512 0.054622672498226166
v -0.006064150016754866 -0.01098433043807745 0.04234554246068001
v 0.002768050180748105 -0.011003009974956512 0.054622672498226166
v 3.199999980552093e-07 -0.011003009974956512 0.0543326698243618
v -0.006064150016754866 -0.01098433043807745 0.04234554246068001
v 3.199999980552093e-07 -0.011003009974956512 0.0543326698243618
v -0.0027670999988913536 -0.011003009974956512 0.0546225905418396
v -0.006064150016754866 -0.01098433043807745 0.04234554246068001
v -0.0027670999988913536 -0.011003009974956512 0.0546225905418396
v -0.004427189938724041 -0.011003009974956512 0.05517110228538513
v -0.006064150016754866 -0.01098433043807745 0.04234554246068001
v -0.004427189938724041 -0.011003009974956512 0.05517110228538513
v -0.00598520040512085 -0.010995570570230484 0.05599763244390488
v -0.006064150016754866 -0.01098433043807745 0.04234554246068001
v 0.00900031067430973 0.00428709015250206 0.05933522433042526
v 0.008973199874162674 -0.007999280467629433 0.035694852471351624
v 0.008974050171673298 0.007998980581760406 0.03564078360795975
v 0.00900031067430973 0.0034627201966941357 0.058857254683971405
v 0.00900031067430973 0.002480860101059079 0.05844772234559059
v 0.008973199874162674 -0.007999280467629433 0.035694852471351624
v 0.00900031067430973 0.002480860101059079 0.05844772234559059
v 0.00900031067430973 0.0013313801027834415 0.05815448239445686
v 0.008973199874162674 -0.007999280467629433 0.035694852471351624
v 0.00900031067430973 0.0013313801027834415 0.05815448239445686
v 0.00900031067430973 -3.0100002277322346e-06 0.05803868547081947
v 0.008973199874162674 -0.007999280467629433 0.035694852471351624
v 0.00900031067430973 -0.008003010414540768 0.05803868547081947
v 0.008973199874162674 -0.007999280467629433 0.035694852471351624
v 0.00900031067430973 -3.0100002277322346e-06 0.05803868547081947
v -0.009025470353662968 0.00800000037997961 0.024478070437908173
v -0.008999690413475037 0.004970570094883442 0.05984633043408394
v -0.008999690413475037 0.00600434048101306 0.0608946718275547
v -0.009025470353662968 0.00800000037997961 0.024478070437908173
v -0.008999690413475037 0.004285870119929314 0.059334415942430496
v -0.008999690413475037 0.004970570094883442 0.05984633043408394
v -0.009025470353662968 0.00800000037997961 0.024478070437908173
v -0.008999690413475037 0.0034615201875567436 0.05885666236281395
v -0.008999690413475037 0.004285870119929314 0.059334415942430496
v -0.009025470353662968 0.00800000037997961 0.024478070437908173
v -0.008999690413475037 0.002479870105162263 0.05844739452004433
v -0.008999690413475037 0.0034615201875567436 0.05885666236281395
v -0.009025470353662968 0.00800000037997961 0.024478070437908173
v -0.008999690413475037 0.0013307600747793913 0.05815437063574791
v -0.008999690413475037 0.002479870105162263 0.05844739452004433
v -0.009025470353662968 0.00800000037997961 0.024478070437908173
v -0.008999690413475037 -3.0100002277322346e-06 0.05803868547081947
v -0.008999690413475037 0.0013307600747793913 0.05815437063574791
v -0.009025470353662968 0.00800000037997961 0.024478070437908173
v -0.008999690413475037 -0.008003010414540768 0.05803868547081947
v -0.008999690413475037 -3.0100002277322346e-06 0.05803868547081947
v -0.008999690413475037 -0.008003010414540768 0.05803868547081947
v -0.009025470353662968 0.00800000037997961 0.024478070437908173
v -0.009025470353662968 -0.00800000037997961 0.050792522728443146
v -0.009025470353662968 0.00800000037997961 0.024478070437908173
v -0.009025470353662968 0.00800000037997961 0.009753179736435413
v -0.009025470353662968 -0.00800000037997961 0.050792522728443146
v -0.009025470353662968 -0.00800000037997961 0.009753179736435413
v -0.009025470353662968 -0.00800000037997961 0.050792522728443146
v -0.009025470353662968 0.00800000037997961 0.009753179736435413
v 0.008974050171673298 0.007998980581760406 0.03564078360795975
v 0.008572610095143318 0.00950000062584877 0.03585024178028107
v 0.008922809734940529 0.008797772228717804 0.06371438503265381
v 0.008572610095143318 0.00950000062584877 0.03585024178028107
v 0.00747453048825264 0.010598080232739449 0.03585024178028107
v 0.007689069956541061 0.010476520285010338 0.06522638350725174
v 0.00747453048825264 0.010598080232739449 0.03585024178028107
v 0.00675099017098546 0.010897780768573284 0.03585024178028107
v 0.007289720233529806 0.010705760680139065 0.0633486658334732
v 0.00675099017098546 0.010897780768573284 0.03585024178028107
v 0.005974530708044767 0.01100000087171793 0.03585024178028107
v 0.006561920512467623 0.01093566045165062 0.060267433524131775
v -0.008878640830516815 0.008927050046622753 0.050792522728443146
v -0.009025470353662968 0.00800000037997961 0.024478070437908173
v -0.008927840739488602 0.008649640716612339 0.06324892491102219
v -0.008452520705759525 0.009763360023498535 0.050792522728443146
v -0.008878640830516815 0.008927050046622753 0.050792522728443146
v -0.00827242061495781 0.009955240413546562 0.06460336595773697
v -0.007788820657879114 0.010427050292491913 0.050792522728443146
v -0.008452520705759525 0.009763360023498535 0.050792522728443146
v -0.0072836000472307205 0.010708371177315712 0.06332394480705261
v -0.006952519994229078 0.010853171348571777 0.050792522728443146
v -0.007788820657879114 0.010427050292491913 0.050792522728443146
v -0.006953760515898466 0.010838431306183338 0.061888232827186584
v -0.005985490046441555 0.01100000087171793 0.0238006804138422
v -0.006952519994229078 0.010853171348571777 0.050792522728443146
v -0.0059996903873980045 0.010996990837156773 0.05803868547081947
v -0.006952519994229078 0.010853171348571777 0.050792522728443146
v -0.006498140282928944 0.010943369939923286 0.06001643091440201
v -0.0059996903873980045 0.010996990837156773 0.05803868547081947
v -0.004168529994785786 0.010996990837156773 0.05691780522465706
v -0.005985490046441555 0.01100000087171793 0.0238006804138422
v -0.0059996903873980045 0.010996990837156773 0.05803868547081947
v 0.004169110208749771 0.010996990837156773 0.056917790323495865
v 0.006000310182571411 0.010996990837156773 0.05803868547081947
v 0.005974530708044767 0.01100000087171793 0.03585024178028107
v -0.005985490046441555 0.01100000087171793 0.0238006804138422
v -0.0021355801727622747 0.010996990837156773 0.05622232332825661
v 3.00000039032966e-07 0.010996990837156773 0.0559866800904274
v -0.005985490046441555 0.01100000087171793 0.0238006804138422
v -0.004168529994785786 0.010996990837156773 0.05691780522465706
v -0.0021355801727622747 0.010996990837156773 0.05622232332825661
v -0.006665950175374746 -0.010930830612778664 0.011303880251944065
v -0.006025469861924648 -0.01100000087171793 0.012218580581247807
v -0.006064150016754866 -0.01098433043807745 0.04234554246068001
v -0.007242050487548113 -0.010742250829935074 0.010481130331754684
v -0.006665950175374746 -0.010930830612778664 0.011303880251944065
v -0.006064150016754866 -0.01098433043807745 0.04234554246068001
v -0.008722100406885147 -0.009240920655429363 0.05779337137937546
v -0.009025470353662968 -0.00800000037997961 0.050792522728443146
v -0.008939900435507298 -0.008711409755051136 0.009753179736435413
v -0.009025470353662968 -0.00800000037997961 0.009753179736435413
v -0.008939900435507298 -0.008711409755051136 0.009753179736435413
v -0.009025470353662968 -0.00800000037997961 0.050792522728443146
v -0.009025470353662968 0.00800000037997961 0.024478070437908173
v -0.008878640830516815 0.008927050046622753 0.050792522728443146
v -0.009025470353662968 0.00800000037997961 0.009753179736435413
v -0.008878640830516815 0.008927050046622753 0.050792522728443146
v -0.008923250250518322 0.008776459842920303 0.009753179736435413
v -0.009025470353662968 0.00800000037997961 0.009753179736435413
v -0.00862354040145874 0.00950000062584877 0.009753179736435413
v -0.008923250250518322 0.008776459842920303 0.009753179736435413
v -0.008878640830516815 0.008927050046622753 0.050792522728443146
v -0.008878640830516815 0.008927050046622753 0.050792522728443146
v -0.008452520705759525 0.009763360023498535 0.050792522728443146
v -0.00862354040145874 0.00950000062584877 0.009753179736435413
v -0.008146789856255054 0.010121320374310017 0.009753179736435413
v -0.00862354040145874 0.00950000062584877 0.009753179736435413
v -0.008452520705759525 0.009763360023498535 0.050792522728443146
v -0.008452520705759525 0.009763360023498535 0.050792522728443146
v -0.007788820657879114 0.010427050292491913 0.050792522728443146
v -0.008146789856255054 0.010121320374310017 0.009753179736435413
v -0.007525470107793808 0.010598080232739449 0.009753179736435413
v -0.008146789856255054 0.010121320374310017 0.009753179736435413
v -0.007402580231428146 0.010615751147270203 0.02442709170281887
v -0.008146789856255054 0.010121320374310017 0.009753179736435413
v -0.007788820657879114 0.010427050292491913 0.050792522728443146
v -0.007402580231428146 0.010615751147270203 0.02442709170281887
v -0.006952519994229078 0.010853171348571777 0.050792522728443146
v -0.007402580231428146 0.010615751147270203 0.02442709170281887
v -0.007788820657879114 0.010427050292491913 0.050792522728443146
v -0.006801930256187916 0.010897780768573284 0.009753179736435413
v -0.007525470107793808 0.010598080232739449 0.009753179736435413
v -0.006859970279037952 0.010858790948987007 0.024183781817555428
v -0.007525470107793808 0.010598080232739449 0.009753179736435413
v -0.007402580231428146 0.010615751147270203 0.02442709170281887
v -0.006859970279037952 0.010858790948987007 0.024183781817555428
v -0.006952519994229078 0.010853171348571777 0.050792522728443146
v -0.006859970279037952 0.010858790948987007 0.024183781817555428
v -0.007402580231428146 0.010615751147270203 0.02442709170281887
v -0.006859970279037952 0.010858790948987007 0.024183781817555428
v -0.006025469861924648 0.01100000087171793 0.009753179736435413
v -0.006801930256187916 0.010897780768573284 0.009753179736435413
v -0.005985490046441555 0.01100000087171793 0.0238006804138422
v -0.006859970279037952 0.010858790948987007 0.024183781817555428
v -0.006952519994229078 0.010853171348571777 0.050792522728443146
v -0.006025469861924648 0.01100000087171793 0.009753179736435413
v -0.006859970279037952 0.010858790948987007 0.024183781817555428
v -0.005985490046441555 0.01100000087171793 0.0238006804138422
v 0.008953720331192017 0.010991510935127735 0.021125059574842453
v 0.00813969038426876 0.010489480569958687 0.02168875001370907
v -0.0013854701537638903 0.01099363062530756 0.006364420056343079
v 0.008953720331192017 0.010991510935127735 0.021125059574842453
v -0.0013854701537638903 0.01099363062530756 0.006364420056343079
v -0.006025469861924648 0.01100000087171793 0.009753179736435413
v -0.009009620174765587 -0.007945210672914982 0.007954279892146587
v -0.008824560791254044 -0.008970459923148155 0.00823386013507843
v -0.008939900435507298 -0.008711409755051136 0.009753179736435413
v -0.009025470353662968 -0.00800000037997961 0.009753179736435413
v -0.009009620174765587 -0.007945210672914982 0.007954279892146587
v -0.008939900435507298 -0.008711409755051136 0.009753179736435413
v -0.008472000248730183 0.008997490629553795 0.006763880141079426
v -0.007848190143704414 0.00952834077179432 0.006468010134994984
v -0.008068510331213474 0.0074812499806284904 0.0047602904960513115
v -0.007055810187011957 0.009890440851449966 0.006264700088649988
v -0.008068510331213474 0.0074812499806284904 0.0047602904960513115
v -0.007848190143704414 0.00952834077179432 0.006468010134994984
v 0.003093730192631483 0.004515400156378746 0.025240860879421234
v -0.006025469861924648 -0.01100000087171793 0.012218580581247807
v -0.006665950175374746 -0.010930830612778664 0.011303880251944065
v 0.00961672980338335 0.01100000087171793 0.021563250571489334
v -0.005985490046441555 0.01100000087171793 0.0238006804138422
v 0.006118480581790209 0.01100000087171793 0.02810642123222351
v -0.008910570293664932 0.00817183032631874 0.0072513301856815815
v -0.008472000248730183 0.008997490629553795 0.006763880141079426
v -0.008068510331213474 0.0074812499806284904 0.0047602904960513115
v -0.008487151004374027 0.006710710469633341 0.005170980002731085
v -0.008910570293664932 0.00817183032631874 0.0072513301856815815
v -0.008068510331213474 0.0074812499806284904 0.0047602904960513115
v 0.003847380168735981 -0.01100000087171793 0.025669559836387634
v 0.003093730192631483 -0.01100000087171793 0.025241291150450706
v 0.003093730192631483 0.004515400156378746 0.025240860879421234
v 0.003847380168735981 -0.01100000087171793 0.025669559836387634
v 0.003093730192631483 0.004515400156378746 0.025240860879421234
v 0.003970060031861067 0.004321820102632046 0.02565569058060646
v 0.0044687604531645775 -0.010999291203916073 0.025479450821876526
v 0.003847380168735981 -0.01100000087171793 0.025669559836387634
v 0.003970060031861067 0.004321820102632046 0.02565569058060646
v 0.003093730192631483 -0.01100000087171793 0.025241291150450706
v -0.006025469861924648 -0.01100000087171793 0.012218580581247807
v 0.003093730192631483 0.004515400156378746 0.025240860879421234
v -0.009016890078783035 0.0010190700413659215 0.00780848041176796
v 0.003093730192631483 0.004515400156378746 0.025240860879421234
v -0.009009620174765587 -0.007945210672914982 0.007954279892146587
v 0.003093730192631483 0.004515400156378746 0.025240860879421234
v -0.008824560791254044 -0.008970459923148155 0.00823386013507843
v -0.009009620174765587 -0.007945210672914982 0.007954279892146587
v -0.008357220329344273 -0.0098334401845932 0.008876930922269821
v -0.008824560791254044 -0.008970459923148155 0.00823386013507843
v 0.003093730192631483 0.004515400156378746 0.025240860879421234
v 0.003093730192631483 0.004515400156378746 0.025240860879421234
v -0.007831290364265442 -0.010397770442068577 0.009628420695662498
v -0.008357220329344273 -0.0098334401845932 0.008876930922269821
v 0.003093730192631483 0.004515400156378746 0.025240860879421234
v -0.007242050487548113 -0.010742250829935074 0.010481130331754684
v -0.007831290364265442 -0.010397770442068577 0.009628420695662498
v 0.003093730192631483 0.004515400156378746 0.025240860879421234
v -0.006665950175374746 -0.010930830612778664 0.011303880251944065
v -0.007242050487548113 -0.010742250829935074 0.010481130331754684
v -0.008939900435507298 -0.008711409755051136 0.009753179736435413
v -0.008824560791254044 -0.008970459923148155 0.00823386013507843
v -0.00854841060936451 -0.009698960930109024 0.009751960635185242
v -0.00854841060936451 -0.009698960930109024 0.009751960635185242
v -0.008824560791254044 -0.008970459923148155 0.00823386013507843
v -0.008357220329344273 -0.0098334401845932 0.008876930922269821
v -0.00854841060936451 -0.009698960930109024 0.009751960635185242
v -0.008357220329344273 -0.0098334401845932 0.008876930922269821
v -0.007831290364265442 -0.010397770442068577 0.009628420695662498
v -0.006025469861924648 -0.01100000087171793 0.012218580581247807
v 0.003093730192631483 -0.01100000087171793 0.025241291150450706
v -0.006064150016754866 -0.01098433043807745 0.04234554246068001
v 0.004801320377737284 0.006775990128517151 0.02402629144489765
v 0.003970060031861067 0.004321820102632046 0.02565569058060646
v 0.003093730192631483 0.004515400156378746 0.025240860879421234
v 0.0060290200635790825 0.007605420425534248 0.024029869586229324
v 0.006050990428775549 0.006211360450834036 0.02437204122543335
v 0.003970060031861067 0.004321820102632046 0.02565569058060646
v 0.0060290200635790825 0.007605420425534248 0.024029869586229324
v 0.003970060031861067 0.004321820102632046 0.02565569058060646
v 0.004801320377737284 0.006775990128517151 0.02402629144489765
v 0.004801320377737284 0.006775990128517151 0.02402629144489765
v 0.0055312300100922585 0.007922740653157234 0.02351520024240017
v 0.0060290200635790825 0.007605420425534248 0.024029869586229324
v 0.006719830445945263 0.007262200117111206 0.023903710767626762
v 0.006050990428775549 0.006211360450834036 0.02437204122543335
v 0.0060290200635790825 0.007605420425534248 0.024029869586229324
v 0.0060290200635790825 0.007605420425534248 0.024029869586229324
v 0.007597240153700113 0.009394420310854912 0.02293180115520954
v 0.006719830445945263 0.007262200117111206 0.023903710767626762
v 0.007597240153700113 0.009394420310854912 0.02293180115520954
v 0.007484440226107836 0.008203180506825447 0.023368321359157562
v 0.006719830445945263 0.007262200117111206 0.023903710767626762
v 0.007597240153700113 0.009394420310854912 0.02293180115520954
v 0.0060290200635790825 0.007605420425534248 0.024029869586229324
v 0.0063654701225459576 0.008949319832026958 0.022931061685085297
v 0.0060290200635790825 0.007605420425534248 0.024029869586229324
v 0.0055312300100922585 0.007922740653157234 0.02351520024240017
v 0.0063654701225459576 0.008949319832026958 0.022931061685085297
v 0.00830002035945654 0.008994120173156261 0.0227972399443388
v 0.007484440226107836 0.008203180506825447 0.023368321359157562
v 0.007597240153700113 0.009394420310854912 0.02293180115520954
v 0.0063654701225459576 0.008949319832026958 0.022931061685085297
v 0.007255020551383495 0.009811921045184135 0.02230820246040821
v 0.007597240153700113 0.009394420310854912 0.02293180115520954
v 0.007597240153700113 0.009394420310854912 0.02293180115520954
v 0.00961672980338335 0.01100000087171793 0.021563250571489334
v 0.00830002035945654 0.008994120173156261 0.0227972399443388
v 0.00961672980338335 0.01100000087171793 0.021563250571489334
v 0.009111210703849792 0.009615420363843441 0.022229250520467758
v 0.00830002035945654 0.008994120173156261 0.0227972399443388
v 0.007597240153700113 0.009394420310854912 0.02293180115520954
v 0.008953720331192017 0.010991510935127735 0.021125059574842453
v 0.00961672980338335 0.01100000087171793 0.021563250571489334
v 0.00813969038426876 0.010489480569958687 0.02168875001370907
v 0.008953720331192017 0.010991510935127735 0.021125059574842453
v 0.007597240153700113 0.009394420310854912 0.02293180115520954
v 0.007597240153700113 0.009394420310854912 0.02293180115520954
v 0.007255020551383495 0.009811921045184135 0.02230820246040821
v 0.00813969038426876 0.010489480569958687 0.02168875001370907
v 0.010279870592057705 0.01100000087171793 0.021330611780285835
v 0.009111210703849792 0.009615420363843441 0.022229250520467758
v 0.00961672980338335 0.01100000087171793 0.021563250571489334
v -0.009016890078783035 0.0010190700413659215 0.00780848041176796
v -0.009008090011775494 0.0034414101392030716 0.00710285035893321
v 0.003093730192631483 0.004515400156378746 0.025240860879421234
v -0.008914440870285034 0.00452110031619668 0.006554950028657913
v 0.003093730192631483 0.004515400156378746 0.025240860879421234
v -0.009008090011775494 0.0034414101392030716 0.00710285035893321
v -0.008783390745520592 0.005538730416446924 0.005937560461461544
v 0.003093730192631483 0.004515400156378746 0.025240860879421234
v -0.008914440870285034 0.00452110031619668 0.006554950028657913
v 0.004801320377737284 0.006775990128517151 0.02402629144489765
v 0.003093730192631483 0.004515400156378746 0.025240860879421234
v -0.008487151004374027 0.006710710469633341 0.005170980002731085
v 0.003093730192631483 0.004515400156378746 0.025240860879421234
v -0.008783390745520592 0.005538730416446924 0.005937560461461544
v -0.008487151004374027 0.006710710469633341 0.005170980002731085
v 0.0055312300100922585 0.007922740653157234 0.02351520024240017
v 0.004801320377737284 0.006775990128517151 0.02402629144489765
v -0.008068510331213474 0.0074812499806284904 0.0047602904960513115
v 0.004801320377737284 0.006775990128517151 0.02402629144489765
v -0.008487151004374027 0.006710710469633341 0.005170980002731085
v -0.008068510331213474 0.0074812499806284904 0.0047602904960513115
v 0.0063654701225459576 0.008949319832026958 0.022931061685085297
v 0.0055312300100922585 0.007922740653157234 0.02351520024240017
v -0.006397690158337355 0.009050910361111164 0.004573250189423561
v 0.0055312300100922585 0.007922740653157234 0.02351520024240017
v -0.0072777001187205315 0.008324290625751019 0.004564180038869381
v -0.006397690158337355 0.009050910361111164 0.004573250189423561
v 0.0055312300100922585 0.007922740653157234 0.02351520024240017
v -0.008068510331213474 0.0074812499806284904 0.0047602904960513115
v -0.0072777001187205315 0.008324290625751019 0.004564180038869381
v 0.007255020551383495 0.009811921045184135 0.02230820246040821
v 0.0063654701225459576 0.008949319832026958 0.022931061685085297
v -0.0042823804542422295 0.010183369740843773 0.004864310380071402
v 0.0063654701225459576 0.008949319832026958 0.022931061685085297
v -0.005585960112512112 0.009524660184979439 0.004653810057789087
v -0.0042823804542422295 0.010183369740843773 0.004864310380071402
v 0.0063654701225459576 0.008949319832026958 0.022931061685085297
v -0.006397690158337355 0.009050910361111164 0.004573250189423561
v -0.005585960112512112 0.009524660184979439 0.004653810057789087
v 0.00813969038426876 0.010489480569958687 0.02168875001370907
v 0.007255020551383495 0.009811921045184135 0.02230820246040821
v -0.0034253201447427273 0.010533830150961876 0.005093530286103487
v 0.007255020551383495 0.009811921045184135 0.02230820246040821
v -0.0042823804542422295 0.010183369740843773 0.004864310380071402
v -0.0034253201447427273 0.010533830150961876 0.005093530286103487
v 0.00813969038426876 0.010489480569958687 0.02168875001370907
v -0.0025248799938708544 0.010796620510518551 0.005443410016596317
v -0.0013854701537638903 0.01099363062530756 0.006364420056343079
v 0.00813969038426876 0.010489480569958687 0.02168875001370907
v -0.0034253201447427273 0.010533830150961876 0.005093530286103487
v -0.0025248799938708544 0.010796620510518551 0.005443410016596317
v -0.006801930256187916 0.010897780768573284 0.009753179736435413
v -0.006025469861924648 0.01100000087171793 0.009753179736435413
v -0.006376040168106556 0.010874110274016857 0.00850607082247734
v -0.006376040168106556 0.010874110274016857 0.00850607082247734
v -0.006619700230658054 0.010629890486598015 0.007637140341103077
v -0.006801930256187916 0.010897780768573284 0.009753179736435413
v -0.007811940740793943 0.010198340751230717 0.008063389919698238
v -0.006619700230658054 0.010629890486598015 0.007637140341103077
v -0.007848190143704414 0.00952834077179432 0.006468010134994984
v -0.006619700230658054 0.010629890486598015 0.007637140341103077
v -0.007055810187011957 0.009890440851449966 0.006264700088649988
v -0.007848190143704414 0.00952834077179432 0.006468010134994984
v -0.006619700230658054 0.010629890486598015 0.007637140341103077
v -0.007811940740793943 0.010198340751230717 0.008063389919698238
v -0.006801930256187916 0.010897780768573284 0.009753179736435413
v -0.007811940740793943 0.010198340751230717 0.008063389919698238
v -0.007525470107793808 0.010598080232739449 0.009753179736435413
v -0.006801930256187916 0.010897780768573284 0.009753179736435413
v -0.008146789856255054 0.010121320374310017 0.009753179736435413
v -0.007525470107793808 0.010598080232739449 0.009753179736435413
v -0.007811940740793943 0.010198340751230717 0.008063389919698238
v -0.007848190143704414 0.00952834077179432 0.006468010134994984
v -0.008472000248730183 0.008997490629553795 0.006763880141079426
v -0.007811940740793943 0.010198340751230717 0.008063389919698238
v -0.008704970590770245 0.009170560166239738 0.008326440118253231
v -0.007811940740793943 0.010198340751230717 0.008063389919698238
v -0.008472000248730183 0.008997490629553795 0.006763880141079426
v -0.007811940740793943 0.010198340751230717 0.008063389919698238
v -0.008704970590770245 0.009170560166239738 0.008326440118253231
v -0.008146789856255054 0.010121320374310017 0.009753179736435413
v -0.008704970590770245 0.009170560166239738 0.008326440118253231
v -0.00862354040145874 0.00950000062584877 0.009753179736435413
v -0.008146789856255054 0.010121320374310017 0.009753179736435413
v -0.008923250250518322 0.008776459842920303 0.009753179736435413
v -0.00862354040145874 0.00950000062584877 0.009753179736435413
v -0.008704970590770245 0.009170560166239738 0.008326440118253231
v -0.008472000248730183 0.008997490629553795 0.006763880141079426
v -0.008910570293664932 0.00817183032631874 0.0072513301856815815
v -0.008704970590770245 0.009170560166239738 0.008326440118253231
v -0.008704970590770245 0.009170560166239738 0.008326440118253231
v -0.009131739847362041 0.007344940677285194 0.007325040176510811
v -0.00902291014790535 0.007830800488591194 0.008605719543993473
v -0.008704970590770245 0.009170560166239738 0.008326440118253231
v -0.008910570293664932 0.00817183032631874 0.0072513301856815815
v -0.009131739847362041 0.007344940677285194 0.007325040176510811
v -0.008704970590770245 0.009170560166239738 0.008326440118253231
v -0.00902291014790535 0.007830800488591194 0.008605719543993473
v -0.008923250250518322 0.008776459842920303 0.009753179736435413
v -0.00902291014790535 0.007830800488591194 0.008605719543993473
v -0.009025470353662968 0.00800000037997961 0.009753179736435413
v -0.008923250250518322 0.008776459842920303 0.009753179736435413
v -0.0072777001187205315 0.008324290625751019 0.004564180038869381
v -0.008068510331213474 0.0074812499806284904 0.0047602904960513115
v -0.007055810187011957 0.009890440851449966 0.006264700088649988
v -0.008487151004374027 0.006710710469633341 0.005170980002731085
v -0.008827070705592632 0.0069359103217720985 0.006133760325610638
v -0.008910570293664932 0.00817183032631874 0.0072513301856815815
v -0.008827070705592632 0.0069359103217720985 0.006133760325610638
v -0.009131739847362041 0.007344940677285194 0.007325040176510811
v -0.008910570293664932 0.00817183032631874 0.0072513301856815815
v -0.008827070705592632 0.0069359103217720985 0.006133760325610638
v -0.008487151004374027 0.006710710469633341 0.005170980002731085
v -0.008783390745520592 0.005538730416446924 0.005937560461461544
v -0.009131739847362041 0.007344940677285194 0.007325040176510811
v -0.008827070705592632 0.0069359103217720985 0.006133760325610638
v -0.008914440870285034 0.00452110031619668 0.006554950028657913
v -0.008827070705592632 0.0069359103217720985 0.006133760325610638
v -0.008783390745520592 0.005538730416446924 0.005937560461461544
v -0.008914440870285034 0.00452110031619668 0.006554950028657913
v -0.008914440870285034 0.00452110031619668 0.006554950028657913
v -0.009008090011775494 0.0034414101392030716 0.00710285035893321
v -0.009131739847362041 0.007344940677285194 0.007325040176510811
v -0.009131739847362041 0.007344940677285194 0.007325040176510811
v -0.009008090011775494 0.0034414101392030716 0.00710285035893321
v -0.009016890078783035 0.0010190700413659215 0.00780848041176796
v -0.006376040168106556 0.010874110274016857 0.00850607082247734
v -0.006025469861924648 0.01100000087171793 0.009753179736435413
v -0.0013854701537638903 0.01099363062530756 0.006364420056343079
v -0.0013854701537638903 0.01099363062530756 0.006364420056343079
v -0.0025248799938708544 0.010796620510518551 0.005443410016596317
v -0.006376040168106556 0.010874110274016857 0.00850607082247734
v -0.006619700230658054 0.010629890486598015 0.007637140341103077
v -0.006376040168106556 0.010874110274016857 0.00850607082247734
v -0.0034253201447427273 0.010533830150961876 0.005093530286103487
v -0.006376040168106556 0.010874110274016857 0.00850607082247734
v -0.0025248799938708544 0.010796620510518551 0.005443410016596317
v -0.0034253201447427273 0.010533830150961876 0.005093530286103487
v -0.007055810187011957 0.009890440851449966 0.006264700088649988
v -0.006619700230658054 0.010629890486598015 0.007637140341103077
v -0.0042823804542422295 0.010183369740843773 0.004864310380071402
v -0.006619700230658054 0.010629890486598015 0.007637140341103077
v -0.0034253201447427273 0.010533830150961876 0.005093530286103487
v -0.0042823804542422295 0.010183369740843773 0.004864310380071402
v -0.007055810187011957 0.009890440851449966 0.006264700088649988
v -0.005585960112512112 0.009524660184979439 0.004653810057789087
v -0.006397690158337355 0.009050910361111164 0.004573250189423561
v -0.007055810187011957 0.009890440851449966 0.006264700088649988
v -0.0042823804542422295 0.010183369740843773 0.004864310380071402
v -0.005585960112512112 0.009524660184979439 0.004653810057789087
v -0.0072777001187205315 0.008324290625751019 0.004564180038869381
v -0.007055810187011957 0.009890440851449966 0.006264700088649988
v -0.006397690158337355 0.009050910361111164 0.004573250189423561
v 0.013487640768289566 -0.01100000087171793 0.01916484162211418
v 0.0044687604531645775 -0.010999291203916073 0.025479450821876526
v 0.014716370031237602 -0.0010000000474974513 0.018304480239748955
v 0.0044687604531645775 -0.010999291203916073 0.025479450821876526
v 0.013487640768289566 0.01100000087171793 0.01916484162211418
v 0.014716370031237602 -0.0010000000474974513 0.018304480239748955
v 0.0044687604531645775 -0.010999291203916073 0.025479450821876526
v 0.010279870592057705 0.01100000087171793 0.021330611780285835
v 0.013487640768289566 0.01100000087171793 0.01916484162211418
v 0.0044687604531645775 -0.010999291203916073 0.025479450821876526
v 0.009111210703849792 0.009615420363843441 0.022229250520467758
v 0.010279870592057705 0.01100000087171793 0.021330611780285835
v 0.0044687604531645775 -0.010999291203916073 0.025479450821876526
v 0.00830002035945654 0.008994120173156261 0.0227972399443388
v 0.009111210703849792 0.009615420363843441 0.022229250520467758
v 0.0044687604531645775 -0.010999291203916073 0.025479450821876526
v 0.007484440226107836 0.008203180506825447 0.023368321359157562
v 0.00830002035945654 0.008994120173156261 0.0227972399443388
v 0.0044687604531645775 -0.010999291203916073 0.025479450821876526
v 0.006719830445945263 0.007262200117111206 0.023903710767626762
v 0.007484440226107836 0.008203180506825447 0.023368321359157562
v 0.0044687604531645775 -0.010999291203916073 0.025479450821876526
v 0.006050990428775549 0.006211360450834036 0.02437204122543335
v 0.006719830445945263 0.007262200117111206 0.023903710767626762
v 0.0044687604531645775 -0.010999291203916073 0.025479450821876526
v 0.003970060031861067 0.004321820102632046 0.02565569058060646
v 0.006050990428775549 0.006211360450834036 0.02437204122543335
v -0.009025470353662968 0.00800000037997961 0.009753179736435413
v -0.00902291014790535 0.007830800488591194 0.008605719543993473
v -0.009025470353662968 -0.00800000037997961 0.009753179736435413
v -0.009009620174765587 -0.007945210672914982 0.007954279892146587
v -0.009025470353662968 -0.00800000037997961 0.009753179736435413
v -0.009016890078783035 0.0010190700413659215 0.00780848041176796
v -0.009025470353662968 -0.00800000037997961 0.009753179736435413
v -0.00902291014790535 0.007830800488591194 0.008605719543993473
v -0.009016890078783035 0.0010190700413659215 0.00780848041176796
v -0.00902291014790535 0.007830800488591194 0.008605719543993473
v -0.009131739847362041 0.007344940677285194 0.007325040176510811
v -0.009016890078783035 0.0010190700413659215 0.00780848041176796
v -0.005985490046441555 0.01100000087171793 0.0238006804138422
v 0.008953720331192017 0.010991510935127735 0.021125059574842453
v -0.006025469861924648 0.01100000087171793 0.009753179736435413
v 0.00961672980338335 0.01100000087171793 0.021563250571489334
v 0.008953720331192017 0.010991510935127735 0.021125059574842453
v -0.005985490046441555 0.01100000087171793 0.0238006804138422
v 0.012347620911896229 0.008527830243110657 0.03190911188721657
v 0.014917030930519104 0.009740340523421764 0.030127381905913353
v 0.013364790938794613 0.00918492116034031 0.030883101746439934
v 0.014917030930519104 0.009740340523421764 0.030127381905913353
v 0.01386560034006834 0.009761529974639416 0.03019668161869049
v 0.013364790938794613 0.00918492116034031 0.030883101746439934
v 0.014917030930519104 0.009740340523421764 0.030127381905913353
v 0.014428610913455486 0.010145911015570164 0.029358191415667534
v 0.01386560034006834 0.009761529974639416 0.03019668161869049
v 0.014917030930519104 0.009740340523421764 0.030127381905913353
v 0.014922840520739555 0.010399219579994678 0.02868267148733139
v 0.014428610913455486 0.010145911015570164 0.029358191415667534
v 0.00961672980338335 0.01100000087171793 0.021563250571489334
v 0.006118480581790209 0.01100000087171793 0.02810642123222351
v 0.014423910528421402 0.01100000087171793 0.02449159137904644
v 0.00961672980338335 0.01100000087171793 0.021563250571489334
v 0.014423910528421402 0.01100000087171793 0.02449159137904644
v 0.016293350607156754 0.01100000087171793 0.023174570873379707
v 0.014423910528421402 0.01100000087171793 0.02449159137904644
v 0.006118480581790209 0.01100000087171793 0.02810642123222351
v 0.008533069863915443 0.01100000087171793 0.03093533031642437
v 0.005974530708044767 -0.01100000087171793 0.03585024178028107
v 0.007670800667256117 -0.010771640576422215 0.03360985964536667
v 0.00747453048825264 -0.010598080232739449 0.03585024178028107
v 0.015720661729574203 -0.010572720319032669 0.02787064202129841
v 0.015388180501759052 -0.01015373133122921 0.029255691915750504
v 0.015047880820930004 -0.01047305017709732 0.02844679169356823
v 0.0145519208163023 -0.010222730226814747 0.029172610491514206
v 0.015047880820930004 -0.01047305017709732 0.02844679169356823
v 0.015388180501759052 -0.01015373133122921 0.029255691915750504
v 0.015388180501759052 -0.01015373133122921 0.029255691915750504
v 0.014950470998883247 -0.009758669883012772 0.0301041416823864
v 0.0145519208163023 -0.010222730226814747 0.029172610491514206
v 0.013962781056761742 -0.009723360650241375 0.03012993186712265
v 0.0145519208163023 -0.010222730226814747 0.029172610491514206
v 0.014950470998883247 -0.009758669883012772 0.0301041416823864
v 0.014950470998883247 -0.009758669883012772 0.0301041416823864
v 0.013844750821590424 -0.009170209988951683 0.03085625171661377
v 0.013962781056761742 -0.009723360650241375 0.03012993186712265
v 0.008533069863915443 -0.01100000087171793 0.03093533031642437
v 0.008978430181741714 -0.010897780768573284 0.031571369618177414
v 0.007680860348045826 -0.01100000087171793 0.03165925294160843
v 0.008978430181741714 -0.010897780768573284 0.031571369618177414
v 0.006951500196009874 -0.01100000087171793 0.032568611204624176
v 0.007680860348045826 -0.01100000087171793 0.03165925294160843
v 0.008978430181741714 -0.010897780768573284 0.031571369618177414
v 0.006448100320994854 -0.010999131016433239 0.03353150188922882
v 0.006951500196009874 -0.01100000087171793 0.032568611204624176
v 0.007670800667256117 -0.010771640576422215 0.03360985964536667
v 0.006078910082578659 -0.01100000087171793 0.03473595902323723
v 0.006448100320994854 -0.010999131016433239 0.03353150188922882
v 0.007670800667256117 -0.010771640576422215 0.03360985964536667
v 0.005974530708044767 -0.01100000087171793 0.03585024178028107
v 0.006078910082578659 -0.01100000087171793 0.03473595902323723
v 0.007670800667256117 -0.010771640576422215 0.03360985964536667
v 0.006448100320994854 -0.010999131016433239 0.03353150188922882
v 0.008978430181741714 -0.010897780768573284 0.031571369618177414
v 0.008978430181741714 -0.010897780768573284 0.031571369618177414
v 0.009393440559506416 -0.010598080232739449 0.032164059579372406
v 0.007670800667256117 -0.010771640576422215 0.03360985964536667
v 0.007670800667256117 -0.010771640576422215 0.03360985964536667
v 0.008534099906682968 -0.010121320374310017 0.03405927121639252
v 0.00747453048825264 -0.010598080232739449 0.03585024178028107
v 0.008534099906682968 -0.010121320374310017 0.03405927121639252
v 0.007670800667256117 -0.010771640576422215 0.03360985964536667
v 0.00974981114268303 -0.010121320374310017 0.03267301246523857
v 0.007670800667256117 -0.010771640576422215 0.03360985964536667
v 0.009393440559506416 -0.010598080232739449 0.032164059579372406
v 0.00974981114268303 -0.010121320374310017 0.03267301246523857
v 0.008388670161366463 -0.009863929823040962 0.03585762158036232
v 0.00747453048825264 -0.010598080232739449 0.03585024178028107
v 0.008534099906682968 -0.010121320374310017 0.03405927121639252
v 0.00974981114268303 -0.010121320374310017 0.03267301246523857
v 0.010023269802331924 -0.00950000062584877 0.03306354954838753
v 0.008534099906682968 -0.010121320374310017 0.03405927121639252
v 0.008534099906682968 -0.010121320374310017 0.03405927121639252
v 0.009110940620303154 -0.009148051030933857 0.03435955196619034
v 0.008388670161366463 -0.009863929823040962 0.03585762158036232
v 0.009110940620303154 -0.009148051030933857 0.03435955196619034
v 0.008534099906682968 -0.010121320374310017 0.03405927121639252
v 0.010023269802331924 -0.00950000062584877 0.03306354954838753
v 0.010023269802331924 -0.00950000062584877 0.03306354954838753
v 0.010195170529186726 -0.008776459842920303 0.033309053629636765
v 0.009110940620303154 -0.009148051030933857 0.03435955196619034
v 0.00887230969965458 -0.008776459842920303 0.03585024178028107
v 0.008388670161366463 -0.009863929823040962 0.03585762158036232
v 0.009110940620303154 -0.009148051030933857 0.03435955196619034
v 0.009110940620303154 -0.009148051030933857 0.03435955196619034
v 0.009296880103647709 -0.007996050640940666 0.03443215414881706
v 0.00887230969965458 -0.008776459842920303 0.03585024178028107
v 0.009110940620303154 -0.009148051030933857 0.03435955196619034
v 0.010177670046687126 -0.007999460212886333 0.033444322645664215
v 0.009296880103647709 -0.007996050640940666 0.03443215414881706
v 0.009110940620303154 -0.009148051030933857 0.03435955196619034
v 0.010195170529186726 -0.008776459842920303 0.033309053629636765
v 0.010177670046687126 -0.007999460212886333 0.033444322645664215
v 0.00887230969965458 -0.008776459842920303 0.03585024178028107
v 0.009296880103647709 -0.007996050640940666 0.03443215414881706
v 0.008973199874162674 -0.007999280467629433 0.035694852471351624
v 0.00747453048825264 -0.010598080232739449 0.03585024178028107
v 0.008388670161366463 -0.009863929823040962 0.03585762158036232
v 0.007088580634444952 -0.010773400776088238 0.056597039103507996
v 0.008022979833185673 -0.010218590497970581 0.05723000317811966
v 0.007088580634444952 -0.010773400776088238 0.056597039103507996
v 0.008388670161366463 -0.009863929823040962 0.03585762158036232
v 0.008388670161366463 -0.009863929823040962 0.03585762158036232
v 0.00887230969965458 -0.008776459842920303 0.03585024178028107
v 0.008022979833185673 -0.010218590497970581 0.05723000317811966
v 0.017387961968779564 -0.01100000087171793 0.024735070765018463
v 0.016967490315437317 -0.010977620258927345 0.02555215172469616
v 0.008533069863915443 -0.01100000087171793 0.03093533031642437
v 0.008978430181741714 -0.010897780768573284 0.031571369618177414
v 0.008533069863915443 -0.01100000087171793 0.03093533031642437
v 0.016349390149116516 -0.01084741111844778 0.026693252846598625
v 0.008533069863915443 -0.01100000087171793 0.03093533031642437
v 0.016967490315437317 -0.010977620258927345 0.02555215172469616
v 0.016349390149116516 -0.01084741111844778 0.026693252846598625
v 0.009393440559506416 -0.010598080232739449 0.032164059579372406
v 0.008978430181741714 -0.010897780768573284 0.031571369618177414
v 0.015720661729574203 -0.010572720319032669 0.02787064202129841
v 0.008978430181741714 -0.010897780768573284 0.031571369618177414
v 0.016349390149116516 -0.01084741111844778 0.026693252846598625
v 0.015720661729574203 -0.010572720319032669 0.02787064202129841
v 0.015720661729574203 -0.010572720319032669 0.02787064202129841
v 0.015047880820930004 -0.01047305017709732 0.02844679169356823
v 0.009393440559506416 -0.010598080232739449 0.032164059579372406
v 0.00974981114268303 -0.010121320374310017 0.03267301246523857
v 0.009393440559506416 -0.010598080232739449 0.032164059579372406
v 0.0145519208163023 -0.010222730226814747 0.029172610491514206
v 0.009393440559506416 -0.010598080232739449 0.032164059579372406
v 0.015047880820930004 -0.01047305017709732 0.02844679169356823
v 0.0145519208163023 -0.010222730226814747 0.029172610491514206
v 0.0145519208163023 -0.010222730226814747 0.029172610491514206
v 0.013962781056761742 -0.009723360650241375 0.03012993186712265
v 0.00974981114268303 -0.010121320374310017 0.03267301246523857
v 0.010023269802331924 -0.00950000062584877 0.03306354954838753
v 0.00974981114268303 -0.010121320374310017 0.03267301246523857
v 0.013962781056761742 -0.009723360650241375 0.03012993186712265
v 0.013962781056761742 -0.009723360650241375 0.03012993186712265
v 0.013844750821590424 -0.009170209988951683 0.03085625171661377
v 0.010023269802331924 -0.00950000062584877 0.03306354954838753
v 0.010195170529186726 -0.008776459842920303 0.033309053629636765
v 0.010023269802331924 -0.00950000062584877 0.03306354954838753
v 0.013844750821590424 -0.009170209988951683 0.03085625171661377
v 0.013844750821590424 -0.009170209988951683 0.03085625171661377
v 0.012798271141946316 -0.008626580238342285 0.03161546215415001
v 0.010195170529186726 -0.008776459842920303 0.033309053629636765
v 0.010177670046687126 -0.007999460212886333 0.033444322645664215
v 0.010195170529186726 -0.008776459842920303 0.033309053629636765
v 0.011781970970332623 -0.00800000037997961 0.032322753220796585
v 0.010195170529186726 -0.008776459842920303 0.033309053629636765
v 0.012798271141946316 -0.008626580238342285 0.03161546215415001
v 0.011781970970332623 -0.00800000037997961 0.032322753220796585
v 0.0044687604531645775 -0.010999291203916073 0.025479450821876526
v 0.013487640768289566 -0.01100000087171793 0.01916484162211418
v 0.016317760571837425 -0.010990760289132595 0.023162491619586945
v 0.016317760571837425 -0.010990760289132595 0.023162491619586945
v 0.007243060506880283 -0.010998531244695187 0.029519861564040184
v 0.0044687604531645775 -0.010999291203916073 0.025479450821876526
v 0.007243060506880283 -0.010998531244695187 0.029519861564040184
v 0.003847380168735981 -0.01100000087171793 0.025669559836387634
v 0.0044687604531645775 -0.010999291203916073 0.025479450821876526
v 0.007243060506880283 -0.010998531244695187 0.029519861564040184
v 0.016317760571837425 -0.010990760289132595 0.023162491619586945
v 0.017387961968779564 -0.01100000087171793 0.024735070765018463
v 0.017387961968779564 -0.01100000087171793 0.024735070765018463
v 0.008533069863915443 -0.01100000087171793 0.03093533031642437
v 0.007243060506880283 -0.010998531244695187 0.029519861564040184
v 0.003093730192631483 -0.01100000087171793 0.025241291150450706
v 0.003847380168735981 -0.01100000087171793 0.025669559836387634
v -0.006064150016754866 -0.01098433043807745 0.04234554246068001
v -0.006064150016754866 -0.01098433043807745 0.04234554246068001
v 0.006448100320994854 -0.010999131016433239 0.03353150188922882
v 0.006078910082578659 -0.01100000087171793 0.03473595902323723
v -0.006064150016754866 -0.01098433043807745 0.04234554246068001
v 0.006951500196009874 -0.01100000087171793 0.032568611204624176
v 0.006448100320994854 -0.010999131016433239 0.03353150188922882
v -0.006064150016754866 -0.01098433043807745 0.04234554246068001
v 0.007680860348045826 -0.01100000087171793 0.03165925294160843
v 0.006951500196009874 -0.01100000087171793 0.032568611204624176
v -0.006064150016754866 -0.01098433043807745 0.04234554246068001
v 0.007243060506880283 -0.010998531244695187 0.029519861564040184
v 0.007680860348045826 -0.01100000087171793 0.03165925294160843
v 0.007243060506880283 -0.010998531244695187 0.029519861564040184
v 0.008533069863915443 -0.01100000087171793 0.03093533031642437
v 0.007680860348045826 -0.01100000087171793 0.03165925294160843
v -0.006064150016754866 -0.01098433043807745 0.04234554246068001
v 0.003847380168735981 -0.01100000087171793 0.025669559836387634
v 0.007243060506880283 -0.010998531244695187 0.029519861564040184
v 0.006078910082578659 -0.01100000087171793 0.03473595902323723
v 0.005974530708044767 -0.01100000087171793 0.03585024178028107
v -0.006064150016754866 -0.01098433043807745 0.04234554246068001
v 0.02232518047094345 0.0021460000425577164 0.012976731173694134
v 0.022498320788145065 0.0 0.012855490669608116
v 0.02232518047094345 -0.0021459900308400393 0.012976731173694134
v 0.02232518047094345 -0.0021459900308400393 0.012976731173694134
v 0.021812420338392258 -0.004209520295262337 0.013335760682821274
v 0.02232518047094345 0.0021460000425577164 0.012976731173694134
v 0.021812420338392258 0.004209520295262337 0.013335760682821274
v 0.02232518047094345 0.0021460000425577164 0.012976731173694134
v 0.021812420338392258 -0.004209520295262337 0.013335760682821274
v 0.021812420338392258 -0.004209520295262337 0.013335760682821274
v 0.0209797415882349 -0.006111270282417536 0.013918810524046421
v 0.021812420338392258 0.004209520295262337 0.013335760682821274
v 0.0209797415882349 0.006111280061304569 0.013918810524046421
v 0.021812420338392258 0.004209520295262337 0.013335760682821274
v 0.0209797415882349 -0.006111270282417536 0.013918810524046421
v 0.0209797415882349 -0.006111270282417536 0.013918810524046421
v 0.019859150052070618 -0.007778170518577099 0.014703460037708282
v 0.0209797415882349 0.006111280061304569 0.013918810524046421
v 0.019859150052070618 0.007778180297464132 0.014703460037708282
v 0.0209797415882349 0.006111280061304569 0.013918810524046421
v 0.019859150052070618 -0.007778170518577099 0.014703460037708282
v 0.019859150052070618 -0.007778170518577099 0.014703460037708282
v 0.01849370077252388 -0.009146160446107388 0.015659550204873085
v 0.019859150052070618 0.007778180297464132 0.014703460037708282
v 0.01849370077252388 0.009146169759333134 0.015659550204873085
v 0.019859150052070618 0.007778180297464132 0.014703460037708282
v 0.01849370077252388 -0.009146160446107388 0.015659550204873085
v 0.01849370077252388 -0.009146160446107388 0.015659550204873085
v 0.016935881227254868 -0.01016267016530037 0.016750361770391464
v 0.01849370077252388 0.009146169759333134 0.015659550204873085
v 0.016935881227254868 0.01016267016530037 0.016750361770391464
v 0.01849370077252388 0.009146169759333134 0.015659550204873085
v 0.016935881227254868 -0.01016267016530037 0.016750361770391464
v 0.016935881227254868 -0.01016267016530037 0.016750361770391464
v 0.01524554006755352 -0.010788640938699245 0.01793394237756729
v 0.014716370031237602 -0.0010000000474974513 0.018304480239748955
v 0.014716370031237602 -0.0010000000474974513 0.018304480239748955
v 0.016935881227254868 0.01016267016530037 0.016750361770391464
v 0.016935881227254868 -0.01016267016530037 0.016750361770391464
v 0.01524554006755352 0.010788640938699245 0.01793394237756729
v 0.016935881227254868 0.01016267016530037 0.016750361770391464
v 0.014716370031237602 -0.0010000000474974513 0.018304480239748955
v 0.014716370031237602 -0.0010000000474974513 0.018304480239748955
v 0.01524554006755352 -0.010788640938699245 0.01793394237756729
v 0.013487640768289566 -0.01100000087171793 0.01916484162211418
v 0.013487640768289566 0.01100000087171793 0.01916484162211418
v 0.01524554006755352 0.010788640938699245 0.01793394237756729
v 0.014716370031237602 -0.0010000000474974513 0.018304480239748955
v 0.016293350607156754 0.01100000087171793 0.023174570873379707
v 0.017248740419745445 0.01100000087171793 0.02251061238348484
v 0.013487640768289566 0.01100000087171793 0.01916484162211418
v 0.01524554006755352 0.010788640938699245 0.01793394237756729
v 0.013487640768289566 0.01100000087171793 0.01916484162211418
v 0.017248740419745445 0.01100000087171793 0.02251061238348484
v 0.017248740419745445 0.01100000087171793 0.02251061238348484
v 0.018176110461354256 0.010656320489943027 0.021815411746501923
v 0.01524554006755352 0.010788640938699245 0.01793394237756729
v 0.016935881227254868 0.01016267016530037 0.016750361770391464
v 0.01524554006755352 0.010788640938699245 0.01793394237756729
v 0.019221661612391472 0.010400040075182915 0.02106122113764286
v 0.01524554006755352 0.010788640938699245 0.01793394237756729
v 0.018176110461354256 0.010656320489943027 0.021815411746501923
v 0.019221661612391472 0.010400040075182915 0.02106122113764286
v 0.01849370077252388 0.009146169759333134 0.015659550204873085
v 0.016935881227254868 0.01016267016530037 0.016750361770391464
v 0.020969880744814873 0.00932313036173582 0.019907910376787186
v 0.016935881227254868 0.01016267016530037 0.016750361770391464
v 0.019221661612391472 0.010400040075182915 0.02106122113764286
v 0.020969880744814873 0.00932313036173582 0.019907910376787186
v 0.020969880744814873 0.00932313036173582 0.019907910376787186
v 0.02240247093141079 0.008076540194451809 0.018905650824308395
v 0.01849370077252388 0.009146169759333134 0.015659550204873085
v 0.019859150052070618 0.007778180297464132 0.014703460037708282
v 0.01849370077252388 0.009146169759333134 0.015659550204873085
v 0.02240247093141079 0.008076540194451809 0.018905650824308395
v 0.02240247093141079 0.008076540194451809 0.018905650824308395
v 0.023591339588165283 0.006440010387450457 0.018071671947836876
v 0.019859150052070618 0.007778180297464132 0.014703460037708282
v 0.0209797415882349 0.006111280061304569 0.013918810524046421
v 0.019859150052070618 0.007778180297464132 0.014703460037708282
v 0.023591339588165283 0.006440010387450457 0.018071671947836876
v 0.023591339588165283 0.006440010387450457 0.018071671947836876
v 0.02449215017259121 0.004548880271613598 0.017441419884562492
v 0.0209797415882349 0.006111280061304569 0.013918810524046421
v 0.021812420338392258 0.004209520295262337 0.013335760682821274
v 0.0209797415882349 0.006111280061304569 0.013918810524046421
v 0.02449215017259121 0.004548880271613598 0.017441419884562492
v 0.02449215017259121 0.004548880271613598 0.017441419884562492
v 0.025067780166864395 0.0024771401658654213 0.01703791134059429
v 0.021812420338392258 0.004209520295262337 0.013335760682821274
v 0.02232518047094345 0.0021460000425577164 0.012976731173694134
v 0.021812420338392258 0.004209520295262337 0.013335760682821274
v 0.025067780166864395 0.0024771401658654213 0.01703791134059429
v 0.025067780166864395 0.0024771401658654213 0.01703791134059429
v 0.025296030566096306 0.0003072700055781752 0.01687834970653057
v 0.02232518047094345 0.0021460000425577164 0.012976731173694134
v 0.022498320788145065 0.0 0.012855490669608116
v 0.02232518047094345 0.0021460000425577164 0.012976731173694134
v 0.025296030566096306 0.0003072700055781752 0.01687834970653057
v 0.025296030566096306 0.0003072700055781752 0.01687834970653057
v 0.0251681599766016 -0.0018759100930765271 0.016968069598078728
v 0.022498320788145065 0.0 0.012855490669608116
v 0.02232518047094345 -0.0021459900308400393 0.012976731173694134
v 0.022498320788145065 0.0 0.012855490669608116
v 0.0251681599766016 -0.0018759100930765271 0.016968069598078728
v 0.0251681599766016 -0.0018759100930765271 0.016968069598078728
v 0.02468785271048546 -0.003984920214861631 0.017304060980677605
v 0.02232518047094345 -0.0021459900308400393 0.012976731173694134
v 0.021812420338392258 -0.004209520295262337 0.013335760682821274
v 0.02232518047094345 -0.0021459900308400393 0.012976731173694134
v 0.02468785271048546 -0.003984920214861631 0.017304060980677605
v 0.02468785271048546 -0.003984920214861631 0.017304060980677605
v 0.023874741047620773 -0.005935730412602425 0.017873691394925117
v 0.021812420338392258 -0.004209520295262337 0.013335760682821274
v 0.0209797415882349 -0.006111270282417536 0.013918810524046421
v 0.021812420338392258 -0.004209520295262337 0.013335760682821274
v 0.023874741047620773 -0.005935730412602425 0.017873691394925117
v 0.023874741047620773 -0.005935730412602425 0.017873691394925117
v 0.022760560736060143 -0.007651620078831911 0.018653590232133865
v 0.0209797415882349 -0.006111270282417536 0.013918810524046421
v 0.019859150052070618 -0.007778170518577099 0.014703460037708282
v 0.0209797415882349 -0.006111270282417536 0.013918810524046421
v 0.022760560736060143 -0.007651620078831911 0.018653590232133865
v 0.022760560736060143 -0.007651620078831911 0.018653590232133865
v 0.021390382200479507 -0.009063220582902431 0.01961331069469452
v 0.019859150052070618 -0.007778170518577099 0.014703460037708282
v 0.01849370077252388 -0.009146160446107388 0.015659550204873085
v 0.019859150052070618 -0.007778170518577099 0.014703460037708282
v 0.021390382200479507 -0.009063220582902431 0.01961331069469452
v 0.021390382200479507 -0.009063220582902431 0.01961331069469452
v 0.019817499443888664 -0.010115770623087883 0.020714260637760162
v 0.01849370077252388 -0.009146160446107388 0.015659550204873085
v 0.016935881227254868 -0.01016267016530037 0.016750361770391464
v 0.01849370077252388 -0.009146160446107388 0.015659550204873085
v 0.019817499443888664 -0.010115770623087883 0.020714260637760162
v 0.019817499443888664 -0.010115770623087883 0.020714260637760162
v 0.018105480819940567 -0.010766849853098392 0.021913491189479828
v 0.016935881227254868 -0.01016267016530037 0.016750361770391464
v 0.01524554006755352 -0.010788640938699245 0.01793394237756729
v 0.016935881227254868 -0.01016267016530037 0.016750361770391464
v 0.018105480819940567 -0.010766849853098392 0.021913491189479828
v 0.018105480819940567 -0.010766849853098392 0.021913491189479828
v 0.016317760571837425 -0.010990760289132595 0.023162491619586945
v 0.01524554006755352 -0.010788640938699245 0.01793394237756729
v 0.013487640768289566 -0.01100000087171793 0.01916484162211418
v 0.01524554006755352 -0.010788640938699245 0.01793394237756729
v 0.016317760571837425 -0.010990760289132595 0.023162491619586945
v 0.014917030930519104 0.009740340523421764 0.030127381905913353
v 0.016665039584040642 0.01058777142316103 0.028903590515255928
v 0.014922840520739555 0.010399219579994678 0.02868267148733139
v 0.016665039584040642 0.01058777142316103 0.028903590515255928
v 0.015435300767421722 0.010635280050337315 0.027856901288032532
v 0.014922840520739555 0.010399219579994678 0.02868267148733139
v 0.016665039584040642 0.01058777142316103 0.028903590515255928
v 0.01848210021853447 0.0109733697026968 0.02763127163052559
v 0.015435300767421722 0.010635280050337315 0.027856901288032532
v 0.01848210021853447 0.0109733697026968 0.02763127163052559
v 0.015954051166772842 0.01080160029232502 0.027066880837082863
v 0.015435300767421722 0.010635280050337315 0.027856901288032532
v 0.01848210021853447 0.0109733697026968 0.02763127163052559
v 0.016438480466604233 0.01092619076371193 0.026280570775270462
v 0.015954051166772842 0.01080160029232502 0.027066880837082863
v 0.017387961968779564 0.01100000087171793 0.024735070765018463
v 0.016438480466604233 0.01092619076371193 0.026280570775270462
v 0.01848210021853447 0.0109733697026968 0.02763127163052559
v 0.01848210021853447 0.0109733697026968 0.02763127163052559
v 0.020325491204857826 0.010899241082370281 0.026340510696172714
v 0.017387961968779564 0.01100000087171793 0.024735070765018463
v 0.020325491204857826 0.010899241082370281 0.026340510696172714
v 0.016293350607156754 0.01100000087171793 0.023174570873379707
v 0.017387961968779564 0.01100000087171793 0.024735070765018463
v 0.020325491204857826 0.010899241082370281 0.026340510696172714
v 0.017248740419745445 0.01100000087171793 0.02251061238348484
v 0.016293350607156754 0.01100000087171793 0.023174570873379707
v 0.018176110461354256 0.010656320489943027 0.021815411746501923
v 0.017248740419745445 0.01100000087171793 0.02251061238348484
v 0.020325491204857826 0.010899241082370281 0.026340510696172714
v 0.020325491204857826 0.010899241082370281 0.026340510696172714
v 0.022117961198091507 0.010368430987000465 0.025085410103201866
v 0.018176110461354256 0.010656320489943027 0.021815411746501923
v 0.022117961198091507 0.010368430987000465 0.025085410103201866
v 0.019221661612391472 0.010400040075182915 0.02106122113764286
v 0.018176110461354256 0.010656320489943027 0.021815411746501923
v 0.022117961198091507 0.010368430987000465 0.025085410103201866
v 0.02378436177968979 0.009403160773217678 0.02391859143972397
v 0.019221661612391472 0.010400040075182915 0.02106122113764286
v 0.02378436177968979 0.009403160773217678 0.02391859143972397
v 0.020969880744814873 0.00932313036173582 0.019907910376787186
v 0.019221661612391472 0.010400040075182915 0.02106122113764286
v 0.02240247093141079 0.008076540194451809 0.018905650824308395
v 0.020969880744814873 0.00932313036173582 0.019907910376787186
v 0.02378436177968979 0.009403160773217678 0.02391859143972397
v 0.02378436177968979 0.009403160773217678 0.02391859143972397
v 0.025254851207137108 0.008043880574405193 0.022888941690325737
v 0.02240247093141079 0.008076540194451809 0.018905650824308395
v 0.023591339588165283 0.006440010387450457 0.018071671947836876
v 0.02240247093141079 0.008076540194451809 0.018905650824308395
v 0.025254851207137108 0.008043880574405193 0.022888941690325737
v 0.025254851207137108 0.008043880574405193 0.022888941690325737
v 0.02646777033805847 0.006347580347210169 0.022039640694856644
v 0.023591339588165283 0.006440010387450457 0.018071671947836876
v 0.02449215017259121 0.004548880271613598 0.017441419884562492
v 0.023591339588165283 0.006440010387450457 0.018071671947836876
v 0.02646777033805847 0.006347580347210169 0.022039640694856644
v 0.02646777033805847 0.006347580347210169 0.022039640694856644
v 0.0273723304271698 0.0043853698298335075 0.0214062612503767
v 0.02449215017259121 0.004548880271613598 0.017441419884562492
v 0.025067780166864395 0.0024771401658654213 0.01703791134059429
v 0.02449215017259121 0.004548880271613598 0.017441419884562492
v 0.0273723304271698 0.0043853698298335075 0.0214062612503767
v 0.0273723304271698 0.0043853698298335075 0.0214062612503767
v 0.027930639684200287 0.0022395302075892687 0.021015331149101257
v 0.025067780166864395 0.0024771401658654213 0.01703791134059429
v 0.025296030566096306 0.0003072700055781752 0.01687834970653057
v 0.025067780166864395 0.0024771401658654213 0.01703791134059429
v 0.027930639684200287 0.0022395302075892687 0.021015331149101257
v 0.027930639684200287 0.0022395302075892687 0.021015331149101257
v 0.028119370341300964 9.99999993922529e-09 0.02088318206369877
v 0.025296030566096306 0.0003072700055781752 0.01687834970653057
v 0.0251681599766016 -0.0018759100930765271 0.016968069598078728
v 0.025296030566096306 0.0003072700055781752 0.01687834970653057
v 0.028119370341300964 9.99999993922529e-09 0.02088318206369877
v 0.028119370341300964 9.99999993922529e-09 0.02088318206369877
v 0.027930639684200287 -0.0022395201958715916 0.021015331149101257
v 0.0251681599766016 -0.0018759100930765271 0.016968069598078728
v 0.02468785271048546 -0.003984920214861631 0.017304060980677605
v 0.0251681599766016 -0.0018759100930765271 0.016968069598078728
v 0.027930639684200287 -0.0022395201958715916 0.021015331149101257
v 0.027930639684200287 -0.0022395201958715916 0.021015331149101257
v 0.0273723304271698 -0.004385360050946474 0.0214062612503767
v 0.02468785271048546 -0.003984920214861631 0.017304060980677605
v 0.023874741047620773 -0.005935730412602425 0.017873691394925117
v 0.02468785271048546 -0.003984920214861631 0.017304060980677605
v 0.0273723304271698 -0.004385360050946474 0.0214062612503767
v 0.0273723304271698 -0.004385360050946474 0.0214062612503767
v 0.026467779651284218 -0.006347570102661848 0.022039640694856644
v 0.023874741047620773 -0.005935730412602425 0.017873691394925117
v 0.022760560736060143 -0.007651620078831911 0.018653590232133865
v 0.023874741047620773 -0.005935730412602425 0.017873691394925117
v 0.026467779651284218 -0.006347570102661848 0.022039640694856644
v 0.026467779651284218 -0.006347570102661848 0.022039640694856644
v 0.025254851207137108 -0.008043870329856873 0.022888941690325737
v 0.022760560736060143 -0.007651620078831911 0.018653590232133865
v 0.021390382200479507 -0.009063220582902431 0.01961331069469452
v 0.022760560736060143 -0.007651620078831911 0.018653590232133865
v 0.025254851207137108 -0.008043870329856873 0.022888941690325737
v 0.025254851207137108 -0.008043870329856873 0.022888941690325737
v 0.023784371092915535 -0.009403160773217678 0.023918580263853073
v 0.021390382200479507 -0.009063220582902431 0.01961331069469452
v 0.019817499443888664 -0.010115770623087883 0.020714260637760162
v 0.021390382200479507 -0.009063220582902431 0.01961331069469452
v 0.023784371092915535 -0.009403160773217678 0.023918580263853073
v 0.023784371092915535 -0.009403160773217678 0.023918580263853073
v 0.022117961198091507 -0.010368430987000465 0.025085410103201866
v 0.019817499443888664 -0.010115770623087883 0.020714260637760162
v 0.018105480819940567 -0.010766849853098392 0.021913491189479828
v 0.019817499443888664 -0.010115770623087883 0.020714260637760162
v 0.022117961198091507 -0.010368430987000465 0.025085410103201866
v 0.022117961198091507 -0.010368430987000465 0.025085410103201866
v 0.02032550238072872 -0.010899241082370281 0.026340510696172714
v 0.018105480819940567 -0.010766849853098392 0.021913491189479828
v 0.016317760571837425 -0.010990760289132595 0.023162491619586945
v 0.018105480819940567 -0.010766849853098392 0.021913491189479828
v 0.017387961968779564 -0.01100000087171793 0.024735070765018463
v 0.018105480819940567 -0.010766849853098392 0.021913491189479828
v 0.02032550238072872 -0.010899241082370281 0.026340510696172714
v 0.017387961968779564 -0.01100000087171793 0.024735070765018463
v 0.02032550238072872 -0.010899241082370281 0.026340510696172714
v 0.018482109531760216 -0.0109733697026968 0.02763127163052559
v 0.017387961968779564 -0.01100000087171793 0.024735070765018463
v 0.018482109531760216 -0.0109733697026968 0.02763127163052559
v 0.016967490315437317 -0.010977620258927345 0.02555215172469616
v 0.017387961968779564 -0.01100000087171793 0.024735070765018463
v 0.018482109531760216 -0.0109733697026968 0.02763127163052559
v 0.016665050759911537 -0.01058777142316103 0.028903581202030182
v 0.016967490315437317 -0.010977620258927345 0.02555215172469616
v 0.016665050759911537 -0.01058777142316103 0.028903581202030182
v 0.016349390149116516 -0.01084741111844778 0.026693252846598625
v 0.016967490315437317 -0.010977620258927345 0.02555215172469616
v 0.016665050759911537 -0.01058777142316103 0.028903581202030182
v 0.015720661729574203 -0.010572720319032669 0.02787064202129841
v 0.016349390149116516 -0.01084741111844778 0.026693252846598625
v 0.016665050759911537 -0.01058777142316103 0.028903581202030182
v 0.014950470998883247 -0.009758669883012772 0.0301041416823864
v 0.015388180501759052 -0.01015373133122921 0.029255691915750504
v 0.015388180501759052 -0.01015373133122921 0.029255691915750504
v 0.015720661729574203 -0.010572720319032669 0.02787064202129841
v 0.016665050759911537 -0.01058777142316103 0.028903581202030182
v 0.010195170529186726 0.008776459842920303 0.033309053629636765
v 0.009277420118451118 0.007996059954166412 0.034469570964574814
v 0.010027331300079823 0.00799867045134306 0.03354759141802788
v 0.009110940620303154 0.009148051030933857 0.03435955196619034
v 0.009277420118451118 0.007996059954166412 0.034469570964574814
v 0.010195170529186726 0.008776459842920303 0.033309053629636765
v 0.009110940620303154 0.009148051030933857 0.03435955196619034
v 0.008974050171673298 0.007998980581760406 0.03564078360795975
v 0.009277420118451118 0.007996059954166412 0.034469570964574814
v 0.009110940620303154 0.009148051030933857 0.03435955196619034
v 0.008572610095143318 0.00950000062584877 0.03585024178028107
v 0.008974050171673298 0.007998980581760406 0.03564078360795975
v 0.010195170529186726 0.008776459842920303 0.033309053629636765
v 0.010023269802331924 0.00950000062584877 0.03306354954838753
v 0.009110940620303154 0.009148051030933857 0.03435955196619034
v 0.009110940620303154 0.009148051030933857 0.03435955196619034
v 0.008534099906682968 0.010121320374310017 0.03405927121639252
v 0.008572610095143318 0.00950000062584877 0.03585024178028107
v 0.008534099906682968 0.010121320374310017 0.03405927121639252
v 0.009110940620303154 0.009148051030933857 0.03435955196619034
v 0.00974981114268303 0.010121320374310017 0.03267301246523857
v 0.009110940620303154 0.009148051030933857 0.03435955196619034
v 0.010023269802331924 0.00950000062584877 0.03306354954838753
v 0.00974981114268303 0.010121320374310017 0.03267301246523857
v 0.00974981114268303 0.010121320374310017 0.03267301246523857
v 0.009393440559506416 0.010598080232739449 0.032164059579372406
v 0.008534099906682968 0.010121320374310017 0.03405927121639252
v 0.007670800667256117 0.010771640576422215 0.03360985964536667
v 0.008534099906682968 0.010121320374310017 0.03405927121639252
v 0.009393440559506416 0.010598080232739449 0.032164059579372406
v 0.008534099906682968 0.010121320374310017 0.03405927121639252
v 0.007670800667256117 0.010771640576422215 0.03360985964536667
v 0.008572610095143318 0.00950000062584877 0.03585024178028107
v 0.007670800667256117 0.010771640576422215 0.03360985964536667
v 0.00747453048825264 0.010598080232739449 0.03585024178028107
v 0.008572610095143318 0.00950000062584877 0.03585024178028107
v 0.009393440559506416 0.010598080232739449 0.032164059579372406
v 0.008978430181741714 0.010897780768573284 0.031571369618177414
v 0.007670800667256117 0.010771640576422215 0.03360985964536667
v 0.00675099017098546 0.010897780768573284 0.03585024178028107
v 0.00747453048825264 0.010598080232739449 0.03585024178028107
v 0.007670800667256117 0.010771640576422215 0.03360985964536667
v 0.007670800667256117 0.010771640576422215 0.03360985964536667
v 0.006883930414915085 0.010998720303177834 0.032692600041627884
v 0.00675099017098546 0.010897780768573284 0.03585024178028107
v 0.007670800667256117 0.010771640576422215 0.03360985964536667
v 0.007680860348045826 0.01100000087171793 0.03165925294160843
v 0.006883930414915085 0.010998720303177834 0.032692600041627884
v 0.007670800667256117 0.010771640576422215 0.03360985964536667
v 0.008533069863915443 0.01100000087171793 0.03093533031642437
v 0.007680860348045826 0.01100000087171793 0.03165925294160843
v 0.007670800667256117 0.010771640576422215 0.03360985964536667
v 0.008978430181741714 0.010897780768573284 0.031571369618177414
v 0.008533069863915443 0.01100000087171793 0.03093533031642437
v 0.005974530708044767 0.01100000087171793 0.03585024178028107
v 0.00675099017098546 0.010897780768573284 0.03585024178028107
v 0.006078910082578659 0.01100000087171793 0.03473595902323723
v 0.00675099017098546 0.010897780768573284 0.03585024178028107
v 0.006405830383300781 0.01100000087171793 0.03361652046442032
v 0.006078910082578659 0.01100000087171793 0.03473595902323723
v 0.00675099017098546 0.010897780768573284 0.03585024178028107
v 0.006883930414915085 0.010998720303177834 0.032692600041627884
v 0.006405830383300781 0.01100000087171793 0.03361652046442032
v 0.008978430181741714 0.010897780768573284 0.031571369618177414
v 0.017387961968779564 0.01100000087171793 0.024735070765018463
v 0.008533069863915443 0.01100000087171793 0.03093533031642437
v 0.008978430181741714 0.010897780768573284 0.031571369618177414
v 0.016438480466604233 0.01092619076371193 0.026280570775270462
v 0.017387961968779564 0.01100000087171793 0.024735070765018463
v 0.015954051166772842 0.01080160029232502 0.027066880837082863
v 0.016438480466604233 0.01092619076371193 0.026280570775270462
v 0.008978430181741714 0.010897780768573284 0.031571369618177414
v 0.008978430181741714 0.010897780768573284 0.031571369618177414
v 0.009393440559506416 0.010598080232739449 0.032164059579372406
v 0.015954051166772842 0.01080160029232502 0.027066880837082863
v 0.009393440559506416 0.010598080232739449 0.032164059579372406
v 0.015435300767421722 0.010635280050337315 0.027856901288032532
v 0.015954051166772842 0.01080160029232502 0.027066880837082863
v 0.014922840520739555 0.010399219579994678 0.02868267148733139
v 0.015435300767421722 0.010635280050337315 0.027856901288032532
v 0.009393440559506416 0.010598080232739449 0.032164059579372406
v 0.009393440559506416 0.010598080232739449 0.032164059579372406
v 0.00974981114268303 0.010121320374310017 0.03267301246523857
v 0.014922840520739555 0.010399219579994678 0.02868267148733139
v 0.00974981114268303 0.010121320374310017 0.03267301246523857
v 0.014428610913455486 0.010145911015570164 0.029358191415667534
v 0.014922840520739555 0.010399219579994678 0.02868267148733139
v 0.01386560034006834 0.009761529974639416 0.03019668161869049
v 0.014428610913455486 0.010145911015570164 0.029358191415667534
v 0.00974981114268303 0.010121320374310017 0.03267301246523857
v 0.00974981114268303 0.010121320374310017 0.03267301246523857
v 0.010023269802331924 0.00950000062584877 0.03306354954838753
v 0.01386560034006834 0.009761529974639416 0.03019668161869049
v 0.013364790938794613 0.00918492116034031 0.030883101746439934
v 0.01386560034006834 0.009761529974639416 0.03019668161869049
v 0.010023269802331924 0.00950000062584877 0.03306354954838753
v 0.010023269802331924 0.00950000062584877 0.03306354954838753
v 0.010195170529186726 0.008776459842920303 0.033309053629636765
v 0.013364790938794613 0.00918492116034031 0.030883101746439934
v 0.012347620911896229 0.008527830243110657 0.03190911188721657
v 0.013364790938794613 0.00918492116034031 0.030883101746439934
v 0.010195170529186726 0.008776459842920303 0.033309053629636765
v 0.010195170529186726 0.008776459842920303 0.033309053629636765
v 0.010027331300079823 0.00799867045134306 0.03354759141802788
v 0.012347620911896229 0.008527830243110657 0.03190911188721657
v 0.011781970970332623 0.00800000037997961 0.032322753220796585
v 0.012347620911896229 0.008527830243110657 0.03190911188721657
v 0.010027331300079823 0.00799867045134306 0.03354759141802788
v 0.008973199874162674 -0.007999280467629433 0.035694852471351624
v 0.009296880103647709 -0.007996050640940666 0.03443215414881706
v 0.008974050171673298 0.007998980581760406 0.03564078360795975
v 0.009277420118451118 0.007996059954166412 0.034469570964574814
v 0.008974050171673298 0.007998980581760406 0.03564078360795975
v 0.009296880103647709 -0.007996050640940666 0.03443215414881706
v 0.009296880103647709 -0.007996050640940666 0.03443215414881706
v 0.010177670046687126 -0.007999460212886333 0.033444322645664215
v 0.009277420118451118 0.007996059954166412 0.034469570964574814
v 0.010027331300079823 0.00799867045134306 0.03354759141802788
v 0.009277420118451118 0.007996059954166412 0.034469570964574814
v 0.010177670046687126 -0.007999460212886333 0.033444322645664215
v 0.01848210021853447 0.0109733697026968 0.02763127163052559
v 0.016665039584040642 0.01058777142316103 0.028903590515255928
v 0.020325491204857826 0.010899241082370281 0.026340510696172714
v 0.022117961198091507 0.010368430987000465 0.025085410103201866
v 0.020325491204857826 0.010899241082370281 0.026340510696172714
v 0.016665039584040642 0.01058777142316103 0.028903590515255928
v 0.016665039584040642 0.01058777142316103 0.028903590515255928
v 0.014917030930519104 0.009740340523421764 0.030127381905913353
v 0.022117961198091507 0.010368430987000465 0.025085410103201866
v 0.02378436177968979 0.009403160773217678 0.02391859143972397
v 0.022117961198091507 0.010368430987000465 0.025085410103201866
v 0.014917030930519104 0.009740340523421764 0.030127381905913353
v 0.014917030930519104 0.009740340523421764 0.030127381905913353
v 0.012347620911896229 0.008527830243110657 0.03190911188721657
v 0.02378436177968979 0.009403160773217678 0.02391859143972397
v 0.025254851207137108 0.008043880574405193 0.022888941690325737
v 0.02378436177968979 0.009403160773217678 0.02391859143972397
v 0.012347620911896229 0.008527830243110657 0.03190911188721657
v 0.012347620911896229 0.008527830243110657 0.03190911188721657
v 0.011781970970332623 0.00800000037997961 0.032322753220796585
v 0.025254851207137108 0.008043880574405193 0.022888941690325737
v 0.02646777033805847 0.006347580347210169 0.022039640694856644
v 0.025254851207137108 0.008043880574405193 0.022888941690325737
v 0.011781970970332623 0.00800000037997961 0.032322753220796585
v 0.010027331300079823 0.00799867045134306 0.03354759141802788
v 0.010177670046687126 -0.007999460212886333 0.033444322645664215
v 0.011781970970332623 0.00800000037997961 0.032322753220796585
v 0.010177670046687126 -0.007999460212886333 0.033444322645664215
v 0.01910870149731636 -0.0010000000474974513 0.027192531153559685
v 0.011781970970332623 0.00800000037997961 0.032322753220796585
v 0.01910870149731636 -0.0010000000474974513 0.027192531153559685
v 0.02646777033805847 0.006347580347210169 0.022039640694856644
v 0.011781970970332623 0.00800000037997961 0.032322753220796585
v 0.01910870149731636 -0.0010000000474974513 0.027192531153559685
v 0.0273723304271698 0.0043853698298335075 0.0214062612503767
v 0.02646777033805847 0.006347580347210169 0.022039640694856644
v 0.010177670046687126 -0.007999460212886333 0.033444322645664215
v 0.026467779651284218 -0.006347570102661848 0.022039640694856644
v 0.01910870149731636 -0.0010000000474974513 0.027192531153559685
v 0.027930639684200287 0.0022395302075892687 0.021015331149101257
v 0.0273723304271698 0.0043853698298335075 0.0214062612503767
v 0.01910870149731636 -0.0010000000474974513 0.027192531153559685
v 0.01910870149731636 -0.0010000000474974513 0.027192531153559685
v 0.028119370341300964 9.99999993922529e-09 0.02088318206369877
v 0.027930639684200287 0.0022395302075892687 0.021015331149101257
v 0.01910870149731636 -0.0010000000474974513 0.027192531153559685
v 0.027930639684200287 -0.0022395201958715916 0.021015331149101257
v 0.028119370341300964 9.99999993922529e-09 0.02088318206369877
v 0.01910870149731636 -0.0010000000474974513 0.027192531153559685
v 0.0273723304271698 -0.004385360050946474 0.0214062612503767
v 0.027930639684200287 -0.0022395201958715916 0.021015331149101257
v 0.026467779651284218 -0.006347570102661848 0.022039640694856644
v 0.0273723304271698 -0.004385360050946474 0.0214062612503767
v 0.01910870149731636 -0.0010000000474974513 0.027192531153559685
v 0.025254851207137108 -0.008043870329856873 0.022888941690325737
v 0.026467779651284218 -0.006347570102661848 0.022039640694856644
v 0.011781970970332623 -0.00800000037997961 0.032322753220796585
v 0.026467779651284218 -0.006347570102661848 0.022039640694856644
v 0.010177670046687126 -0.007999460212886333 0.033444322645664215
v 0.011781970970332623 -0.00800000037997961 0.032322753220796585
v 0.011781970970332623 -0.00800000037997961 0.032322753220796585
v 0.012798271141946316 -0.008626580238342285 0.03161546215415001
v 0.025254851207137108 -0.008043870329856873 0.022888941690325737
v 0.023784371092915535 -0.009403160773217678 0.023918580263853073
v 0.025254851207137108 -0.008043870329856873 0.022888941690325737
v 0.013844750821590424 -0.009170209988951683 0.03085625171661377
v 0.025254851207137108 -0.008043870329856873 0.022888941690325737
v 0.012798271141946316 -0.008626580238342285 0.03161546215415001
v 0.013844750821590424 -0.009170209988951683 0.03085625171661377
v 0.013844750821590424 -0.009170209988951683 0.03085625171661377
v 0.014950470998883247 -0.009758669883012772 0.0301041416823864
v 0.023784371092915535 -0.009403160773217678 0.023918580263853073
v 0.022117961198091507 -0.010368430987000465 0.025085410103201866
v 0.023784371092915535 -0.009403160773217678 0.023918580263853073
v 0.014950470998883247 -0.009758669883012772 0.0301041416823864
v 0.014950470998883247 -0.009758669883012772 0.0301041416823864
v 0.016665050759911537 -0.01058777142316103 0.028903581202030182
v 0.022117961198091507 -0.010368430987000465 0.025085410103201866
v 0.02032550238072872 -0.010899241082370281 0.026340510696172714
v 0.022117961198091507 -0.010368430987000465 0.025085410103201866
v 0.016665050759911537 -0.01058777142316103 0.028903581202030182
v 0.016665050759911537 -0.01058777142316103 0.028903581202030182
v 0.018482109531760216 -0.0109733697026968 0.02763127163052559
v 0.02032550238072872 -0.010899241082370281 0.026340510696172714
v 0.008533069863915443 0.01100000087171793 0.03093533031642437
v 0.017387961968779564 0.01100000087171793 0.024735070765018463
v 0.014423910528421402 0.01100000087171793 0.02449159137904644
v 0.017387961968779564 0.01100000087171793 0.024735070765018463
v 0.016293350607156754 0.01100000087171793 0.023174570873379707
v 0.014423910528421402 0.01100000087171793 0.02449159137904644
v -0.005985490046441555 0.01100000087171793 0.0238006804138422
v 0.008533069863915443 0.01100000087171793 0.03093533031642437
v 0.006118480581790209 0.01100000087171793 0.02810642123222351
v -0.005985490046441555 0.01100000087171793 0.0238006804138422
v 0.007680860348045826 0.01100000087171793 0.03165925294160843
v 0.008533069863915443 0.01100000087171793 0.03093533031642437
v -0.005985490046441555 0.01100000087171793 0.0238006804138422
v 0.006883930414915085 0.010998720303177834 0.032692600041627884
v 0.007680860348045826 0.01100000087171793 0.03165925294160843
v -0.005985490046441555 0.01100000087171793 0.0238006804138422
v 0.006405830383300781 0.01100000087171793 0.03361652046442032
v 0.006883930414915085 0.010998720303177834 0.032692600041627884
v -0.005985490046441555 0.01100000087171793 0.0238006804138422
v 0.006078910082578659 0.01100000087171793 0.03473595902323723
v 0.006405830383300781 0.01100000087171793 0.03361652046442032
v -0.005985490046441555 0.01100000087171793 0.0238006804138422
v 0.005974530708044767 0.01100000087171793 0.03585024178028107
v 0.006078910082578659 0.01100000087171793 0.03473595902323723
v 0.016293350607156754 0.01100000087171793 0.023174570873379707
v 0.013487640768289566 0.01100000087171793 0.01916484162211418
v 0.010279870592057705 0.01100000087171793 0.021330611780285835
v 0.010279870592057705 0.01100000087171793 0.021330611780285835
v 0.00961672980338335 0.01100000087171793 0.021563250571489334
v 0.016293350607156754 0.01100000087171793 0.023174570873379707
v -0.004521280061453581 -0.009487779811024666 0.055756933987140656
v -0.004888580180704594 -0.00900301057845354 0.05593077465891838
v -0.00461835041642189 -0.010503009893000126 0.05580126494169235
v -0.004066030029207468 -0.004003009758889675 0.05556384101510048
v -0.005916180554777384 -0.004003009758889675 0.0565112940967083
v -0.0040734801441431046 -0.005465340334922075 0.055566802620887756
v -0.0040734801441431046 -0.005465340334922075 0.055566802620887756
v -0.0037487701047211885 -0.005296050105243921 0.05544330179691315
v -0.004066030029207468 -0.004003009758889675 0.05556384101510048
v -0.004043550230562687 -0.0100222397595644 0.05555492267012596
v -0.004521280061453581 -0.009487779811024666 0.055756933987140656
v -0.00461835041642189 -0.010503009893000126 0.05580126494169235
v -0.00461835041642189 -0.010503009893000126 0.05580126494169235
v -0.003441200125962496 -0.01049864012748003 0.055338021367788315
v -0.004043550230562687 -0.0100222397595644 0.05555492267012596
v -0.004066030029207468 -0.004003009758889675 0.05556384101510048
v -0.0037487701047211885 -0.005296050105243921 0.05544330179691315
v -0.0032782801426947117 -0.0051139104180037975 0.055284611880779266
v -0.004066030029207468 -0.004003009758889675 0.05556384101510048
v -0.0032782801426947117 -0.0051139104180037975 0.055284611880779266
v -0.002564650261774659 -0.005003009922802448 0.05508788302540779
v -0.0020701701287180185 -0.004003009758889675 0.05498126149177551
v -0.004066030029207468 -0.004003009758889675 0.05556384101510048
v -0.002564650261774659 -0.005003009922802448 0.05508788302540779
v -0.002564650261774659 -0.005003009922802448 0.05508788302540779
v -0.0008620500448159873 -0.005003009922802448 0.05481850355863571
v -0.0020701701287180185 -0.004003009758889675 0.05498126149177551
v 3.1000001854408765e-07 -0.004003009758889675 0.05478465184569359
v -0.0020701701287180185 -0.004003009758889675 0.05498126149177551
v -0.0008620500448159873 -0.005003009922802448 0.05481850355863571
v -0.0008620500448159873 -0.005003009922802448 0.05481850355863571
v 0.0008626800845377147 -0.005003009922802448 0.05481850355863571
v 3.1000001854408765e-07 -0.004003009758889675 0.05478465184569359
v 0.002070800168439746 -0.004003009758889675 0.05498126149177551
v 3.1000001854408765e-07 -0.004003009758889675 0.05478465184569359
v 0.0008626800845377147 -0.005003009922802448 0.05481850355863571
v 0.0008626800845377147 -0.005003009922802448 0.05481850355863571
v 0.002565280068665743 -0.005003009922802448 0.05508788302540779
v 0.002070800168439746 -0.004003009758889675 0.05498126149177551
v 0.002070800168439746 -0.004003009758889675 0.05498126149177551
v 0.002565280068665743 -0.005003009922802448 0.05508788302540779
v 0.003248170018196106 -0.005104860290884972 0.05527505278587341
v 0.002070800168439746 -0.004003009758889675 0.05498126149177551
v 0.003248170018196106 -0.005104860290884972 0.05527505278587341
v 0.003857390023767948 -0.005348550155758858 0.055483054369688034
v 0.004066650290042162 -0.004003009758889675 0.05556384101510048
v 0.002070800168439746 -0.004003009758889675 0.05498126149177551
v 0.003857390023767948 -0.005348550155758858 0.055483054369688034
v 0.003857390023767948 -0.005348550155758858 0.055483054369688034
v 0.004398860037326813 -0.005664650350809097 0.05570235475897789
v 0.004066650290042162 -0.004003009758889675 0.05556384101510048
v 0.004066650290042162 -0.004003009758889675 0.05556384101510048
v 0.004398860037326813 -0.005664650350809097 0.05570235475897789
v 0.004889200441539288 -0.006003010086715221 0.05593077465891838
v 0.00591680034995079 -0.004003009758889675 0.0565112940967083
v 0.004066650290042162 -0.004003009758889675 0.05556384101510048
v 0.004889200441539288 -0.006003010086715221 0.05593077465891838
v -0.0008620500448159873 -0.005003009922802448 0.05481850355863571
v -0.002564650261774659 -0.005003009922802448 0.05508788302540779
v 0.0008626800845377147 -0.005003009922802448 0.05481850355863571
v 0.002565280068665743 -0.005003009922802448 0.05508788302540779
v 0.0008626800845377147 -0.005003009922802448 0.05481850355863571
v -0.002564650261774659 -0.005003009922802448 0.05508788302540779
v -0.002564650261774659 -0.005003009922802448 0.05508788302540779
v -0.0020362900104373693 -0.005003009922802448 0.05545412376523018
v 0.002565280068665743 -0.005003009922802448 0.05508788302540779
v 0.0020369202829897404 -0.005003009922802448 0.05545412376523018
v 0.002565280068665743 -0.005003009922802448 0.05508788302540779
v -0.0020362900104373693 -0.005003009922802448 0.05545412376523018
v -0.0020362900104373693 -0.005003009922802448 0.05545412376523018
v -0.0015986500075086951 -0.005003009922802448 0.05592377483844757
v 0.0020369202829897404 -0.005003009922802448 0.05545412376523018
v 0.0015992700355127454 -0.005003009922802448 0.05592377483844757
v 0.0020369202829897404 -0.005003009922802448 0.05545412376523018
v -0.0015986500075086951 -0.005003009922802448 0.05592377483844757
v -0.0015986500075086951 -0.005003009922802448 0.05592377483844757
v -0.001270580105483532 -0.005003009922802448 0.05647660419344902
v 0.0015992700355127454 -0.005003009922802448 0.05592377483844757
v 0.0012712100287899375 -0.005003009922802448 0.05647660419344902
v 0.0015992700355127454 -0.005003009922802448 0.05592377483844757
v -0.001270580105483532 -0.005003009922802448 0.05647660419344902
v -0.001270580105483532 -0.005003009922802448 0.05647660419344902
v -0.0010679400293156505 -0.005003009922802448 0.05708608031272888
v 0.0012712100287899375 -0.005003009922802448 0.05647660419344902
v 0.0010685700690373778 -0.005003009922802448 0.05708608031272888
v 0.0012712100287899375 -0.005003009922802448 0.05647660419344902
v -0.0010679400293156505 -0.005003009922802448 0.05708608031272888
v -0.0010679400293156505 -0.005003009922802448 0.05708608031272888
v -0.0009996900334954262 -0.005003009922802448 0.057722385972738266
v 0.0010685700690373778 -0.005003009922802448 0.05708608031272888
v 0.0010003099450841546 -0.005003009922802448 0.057722385972738266
v 0.0010685700690373778 -0.005003009922802448 0.05708608031272888
v -0.0009996900334954262 -0.005003009922802448 0.057722385972738266
v 0.0010003099450841546 -0.005003009922802448 0.06405259668827057
v 0.0010003099450841546 -0.005003009922802448 0.057722385972738266
v -0.0009996900334954262 -0.005003009922802448 0.06405259668827057
v 0.0012327000731602311 -0.005003009922802448 0.06487756967544556
v 0.0010003099450841546 -0.005003009922802448 0.06405259668827057
v -0.0009996900334954262 -0.005003009922802448 0.06405259668827057
v -0.0006231700535863638 -0.005003009922802448 0.06500281393527985
v -0.00022221001563593745 -0.005003009922802448 0.06480972468852997
v -0.0009996900334954262 -0.005003009922802448 0.06405259668827057
v 0.00022284001170191914 -0.005003009922802448 0.06480972468852997
v 0.0006238100468181074 -0.005003009922802448 0.06500281393527985
v 0.0012327000731602311 -0.005003009922802448 0.06487756967544556
v -0.0009996900334954262 -0.005003009922802448 0.06405259668827057
v -0.00136571004986763 -0.005072400439530611 0.06478465348482132
v -0.0006231700535863638 -0.005003009922802448 0.06500281393527985
v 0.0012738000368699431 -0.005022010300308466 0.06528942286968231
v 0.0012327000731602311 -0.005003009922802448 0.06487756967544556
v 0.0006238100468181074 -0.005003009922802448 0.06500281393527985
v -0.0009006500476971269 -0.005003009922802448 0.06535076349973679
v -0.0006231700535863638 -0.005003009922802448 0.06500281393527985
v -0.00136571004986763 -0.005072400439530611 0.06478465348482132
v 0.0006238100468181074 -0.005003009922802448 0.06500281393527985
v 0.0009012800292111933 -0.005003009922802448 0.06535076349973679
v 0.0012738000368699431 -0.005022010300308466 0.06528942286968231
v -0.00136571004986763 -0.005072400439530611 0.06478465348482132
v -0.0011693800333887339 -0.005003009922802448 0.06570529192686081
v -0.0009006500476971269 -0.005003009922802448 0.06535076349973679
v 0.0011700100731104612 -0.005003009922802448 0.065705306828022
v 0.0012738000368699431 -0.005022010300308466 0.06528942286968231
v 0.0009012800292111933 -0.005003009922802448 0.06535076349973679
v -0.0009996900334954262 -0.005003009922802448 0.06578465551137924
v -0.0009006500476971269 -0.005003009922802448 0.06535076349973679
v -0.0011693800333887339 -0.005003009922802448 0.06570529192686081
v 0.0009012800292111933 -0.005003009922802448 0.06535076349973679
v 0.0010003099450841546 -0.005003009922802448 0.06578465551137924
v 0.0011700100731104612 -0.005003009922802448 0.065705306828022
v 0.0010859300382435322 -0.005003009922802448 0.0662272572517395
v 0.0011700100731104612 -0.005003009922802448 0.065705306828022
v 0.0010003099450841546 -0.005003009922802448 0.06578465551137924
v -0.0011693800333887339 -0.005003009922802448 0.06570529192686081
v -0.0010786900529637933 -0.005003009922802448 0.06624314934015274
v -0.0009996900334954262 -0.005003009922802448 0.06578465551137924
v 0.0010003099450841546 -0.005003009922802448 0.06578465551137924
v 0.0008680400787852705 -0.005003009922802448 0.06628169864416122
v 0.0010859300382435322 -0.005003009922802448 0.0662272572517395
v -0.0008654100238345563 -0.005003009922802448 0.0662851557135582
v -0.0009996900334954262 -0.005003009922802448 0.06578465551137924
v -0.0010786900529637933 -0.005003009922802448 0.06624314934015274
v 0.0010859300382435322 -0.005003009922802448 0.0662272572517395
v 0.0008680400787852705 -0.005003009922802448 0.06628169864416122
v 0.0005030400352552533 -0.005003009922802448 0.06664909422397614
v 0.0007660000119358301 -0.005003009922802448 0.06667245179414749
v 0.0010859300382435322 -0.005003009922802448 0.0662272572517395
v 0.0005030400352552533 -0.005003009922802448 0.06664909422397614
v -0.0007540200022049248 -0.005003009922802448 0.0666821151971817
v -0.0004985000123269856 -0.005003009922802448 0.066651351749897
v -0.0008654100238345563 -0.005003009922802448 0.0662851557135582
v -0.0010786900529637933 -0.005003009922802448 0.06624314934015274
v -0.0007540200022049248 -0.005003009922802448 0.0666821151971817
v -0.0008654100238345563 -0.005003009922802448 0.0662851557135582
v 2.5400001959496876e-06 -0.005003009922802448 0.06678464263677597
v -0.0004985000123269856 -0.005003009922802448 0.066651351749897
v -0.0007540200022049248 -0.005003009922802448 0.0666821151971817
v 0.0005030400352552533 -0.005003009922802448 0.06664909422397614
v 2.5400001959496876e-06 -0.005003009922802448 0.06678464263677597
v 0.0007660000119358301 -0.005003009922802448 0.06667245179414749
v 0.00028178002685308456 -0.005003009922802448 0.06692273914813995
v 0.0007660000119358301 -0.005003009922802448 0.06667245179414749
v 2.5400001959496876e-06 -0.005003009922802448 0.06678464263677597
v -0.0002649500092957169 -0.005003009922802448 0.06692662090063095
v 0.00028178002685308456 -0.005003009922802448 0.06692273914813995
v 2.5400001959496876e-06 -0.005003009922802448 0.06678464263677597
v -0.0007540200022049248 -0.005003009922802448 0.0666821151971817
v -0.0002649500092957169 -0.005003009922802448 0.06692662090063095
v 2.5400001959496876e-06 -0.005003009922802448 0.06678464263677597
v 0.002000309992581606 -0.006003010086715221 0.057722385972738266
v 0.002000689972192049 -0.006003010086715221 0.06478463113307953
v 0.002000309992581606 -0.00900301057845354 0.057722385972738266
v 0.002000320004299283 -0.00900301057845354 0.06478465348482132
v 0.002000309992581606 -0.00900301057845354 0.057722385972738266
v 0.002000689972192049 -0.006003010086715221 0.06478463113307953
v 3.199999980552093e-07 -0.01000300981104374 0.05578465014696121
v 3.199999980552093e-07 -0.01000300981104374 0.05618634447455406
v -0.0016658001113682985 -0.01000300981104374 0.05583743005990982
v -0.001380360103212297 -0.01000300981104374 0.05625980347394943
v -0.0016658001113682985 -0.01000300981104374 0.05583743005990982
v 3.199999980552093e-07 -0.01000300981104374 0.05618634447455406
v 3.199999980552093e-07 -0.01000300981104374 0.05618634447455406
v 3.199999980552093e-07 -0.01000300981104374 0.05652710050344467
v -0.001380360103212297 -0.01000300981104374 0.05625980347394943
v -0.0011707000667229295 -0.01000300981104374 0.05672397091984749
v -0.001380360103212297 -0.01000300981104374 0.05625980347394943
v 3.199999980552093e-07 -0.01000300981104374 0.05652710050344467
v 3.199999980552093e-07 -0.01000300981104374 0.05652710050344467
v 3.199999980552093e-07 -0.01000300981104374 0.056794703006744385
v -0.0011707000667229295 -0.01000300981104374 0.05672397091984749
v -0.0011707000667229295 -0.01000300981104374 0.05672397091984749
v 3.199999980552093e-07 -0.01000300981104374 0.056794703006744385
v 0.0010433801217004657 -0.01000300981104374 0.05721588432788849
v -0.0010427600936964154 -0.01000300981104374 0.057215843349695206
v -0.0011707000667229295 -0.01000300981104374 0.05672397091984749
v 0.0010433801217004657 -0.01000300981104374 0.05721588432788849
v 0.0010433801217004657 -0.01000300981104374 0.05721588432788849
v 0.0010003099450841546 -0.01000300981104374 0.057722385972738266
v -0.0010427600936964154 -0.01000300981104374 0.057215843349695206
v -0.0009996900334954262 -0.01000300981104374 0.057722385972738266
v -0.0010427600936964154 -0.01000300981104374 0.057215843349695206
v 0.0010003099450841546 -0.01000300981104374 0.057722385972738266
v 0.0010003099450841546 -0.01000300981104374 0.057722385972738266
v 0.0010003199568018317 -0.01000300981104374 0.06478465348482132
v -0.0009996900334954262 -0.01000300981104374 0.057722385972738266
v -0.0019996901974081993 -0.00900301057845354 0.06478465348482132
v -0.0019996901974081993 -0.006003010086715221 0.06474483013153076
v -0.0019996901974081993 -0.006003010086715221 0.057722385972738266
v -0.0019996901974081993 -0.00900301057845354 0.057722385972738266
v -0.0019996901974081993 -0.00900301057845354 0.06478465348482132
v -0.0019996901974081993 -0.006003010086715221 0.057722385972738266
v 0.004889200441539288 -0.006003010086715221 0.05593077465891838
v 0.004411090165376663 -0.006003010086715221 0.05576503276824951
v 0.004889200441539288 -0.00900301057845354 0.05593077465891838
v 0.004410970490425825 -0.00900301057845354 0.055765002965927124
v 0.004889200441539288 -0.00900301057845354 0.05593077465891838
v 0.004411090165376663 -0.006003010086715221 0.05576503276824951
v 0.004411090165376663 -0.006003010086715221 0.05576503276824951
v 0.0039052502252161503 -0.006003010086715221 0.05572464317083359
v 0.004410970490425825 -0.00900301057845354 0.055765002965927124
v 0.0039051901549100876 -0.00900301057845354 0.05572466179728508
v 0.004410970490425825 -0.00900301057845354 0.055765002965927124
v 0.0039052502252161503 -0.006003010086715221 0.05572464317083359
v 0.0039052502252161503 -0.006003010086715221 0.05572464317083359
v 0.0034066301304847 -0.006003010086715221 0.0558125339448452
v 0.0039051901549100876 -0.00900301057845354 0.05572466179728508
v 0.0034065600484609604 -0.00900301057845354 0.05581256374716759
v 0.0039051901549100876 -0.00900301057845354 0.05572466179728508
v 0.0034066301304847 -0.006003010086715221 0.0558125339448452
v 0.0034066301304847 -0.006003010086715221 0.0558125339448452
v 0.0029462401289492846 -0.006003010086715221 0.05602271109819412
v 0.0034065600484609604 -0.00900301057845354 0.05581256374716759
v 0.002946180058643222 -0.00900301057845354 0.05602274090051651
v 0.0034065600484609604 -0.00900301057845354 0.05581256374716759
v 0.0029462401289492846 -0.006003010086715221 0.05602271109819412
v 0.0029462401289492846 -0.006003010086715221 0.05602271109819412
v 0.0025533500593155622 -0.006003010086715221 0.056341711431741714
v 0.002946180058643222 -0.00900301057845354 0.05602274090051651
v 0.0025532899890094995 -0.00900301057845354 0.056341759860515594
v 0.002946180058643222 -0.00900301057845354 0.05602274090051651
v 0.0025533500593155622 -0.006003010086715221 0.056341711431741714
v 0.0025533500593155622 -0.006003010086715221 0.056341711431741714
v 0.002253010170534253 -0.006003010086715221 0.05674929916858673
v 0.0025532899890094995 -0.00900301057845354 0.056341759860515594
v 0.002252920065075159 -0.00900301057845354 0.05674944072961807
v 0.0025532899890094995 -0.00900301057845354 0.056341759860515594
v 0.002253010170534253 -0.006003010086715221 0.05674929916858673
v 0.002253010170534253 -0.006003010086715221 0.05674929916858673
v 0.0020643500611186028 -0.006003010086715221 0.057220373302698135
v 0.002252920065075159 -0.00900301057845354 0.05674944072961807
v 0.0020642802119255066 -0.00900301057845354 0.05722060427069664
v 0.002252920065075159 -0.00900301057845354 0.05674944072961807
v 0.0020643500611186028 -0.006003010086715221 0.057220373302698135
v 0.0020643500611186028 -0.006003010086715221 0.057220373302698135
v 0.002000309992581606 -0.006003010086715221 0.057722385972738266
v 0.0020642802119255066 -0.00900301057845354 0.05722060427069664
v 0.002000309992581606 -0.00900301057845354 0.057722385972738266
v 0.0020642802119255066 -0.00900301057845354 0.05722060427069664
v 0.002000309992581606 -0.006003010086715221 0.057722385972738266
v -0.004888580180704594 -0.00900301057845354 0.05593077465891838
v -0.004410460125654936 -0.00900301057845354 0.05576503276824951
v -0.004888580180704594 -0.006003010086715221 0.05593077465891838
v -0.004410460125654936 -0.006003010086715221 0.05576503276824951
v -0.004888580180704594 -0.006003010086715221 0.05593077465891838
v -0.004410460125654936 -0.00900301057845354 0.05576503276824951
v -0.004410460125654936 -0.00900301057845354 0.05576503276824951
v -0.0039046301972121 -0.00900301057845354 0.05572464317083359
v -0.004410460125654936 -0.006003010086715221 0.05576503276824951
v -0.0039046301972121 -0.006003010086715221 0.05572464317083359
v -0.004410460125654936 -0.006003010086715221 0.05576503276824951
v -0.0039046301972121 -0.00900301057845354 0.05572464317083359
v -0.0039046301972121 -0.00900301057845354 0.05572464317083359
v -0.003406000090762973 -0.00900301057845354 0.0558125339448452
v -0.0039046301972121 -0.006003010086715221 0.05572464317083359
v -0.003406000090762973 -0.006003010086715221 0.0558125339448452
v -0.0039046301972121 -0.006003010086715221 0.05572464317083359
v -0.003406000090762973 -0.00900301057845354 0.0558125339448452
v -0.003406000090762973 -0.00900301057845354 0.0558125339448452
v -0.002945610089227557 -0.00900301057845354 0.05602271109819412
v -0.003406000090762973 -0.006003010086715221 0.0558125339448452
v -0.002945610089227557 -0.006003010086715221 0.05602271109819412
v -0.003406000090762973 -0.006003010086715221 0.0558125339448452
v -0.002945610089227557 -0.00900301057845354 0.05602271109819412
v -0.002945610089227557 -0.00900301057845354 0.05602271109819412
v -0.0025527202524244785 -0.00900301057845354 0.056341711431741714
v -0.002945610089227557 -0.006003010086715221 0.05602271109819412
v -0.0025527202524244785 -0.006003010086715221 0.056341711431741714
v -0.002945610089227557 -0.006003010086715221 0.05602271109819412
v -0.0025527202524244785 -0.00900301057845354 0.056341711431741714
v -0.0025527202524244785 -0.00900301057845354 0.056341711431741714
v -0.002252379897981882 -0.00900301057845354 0.05674929916858673
v -0.0025527202524244785 -0.006003010086715221 0.056341711431741714
v -0.002252379897981882 -0.006003010086715221 0.05674929916858673
v -0.0025527202524244785 -0.006003010086715221 0.056341711431741714
v -0.002252379897981882 -0.00900301057845354 0.05674929916858673
v -0.002252379897981882 -0.00900301057845354 0.05674929916858673
v -0.0020637200213968754 -0.00900301057845354 0.057220373302698135
v -0.002252379897981882 -0.006003010086715221 0.05674929916858673
v -0.0020637200213968754 -0.006003010086715221 0.057220373302698135
v -0.002252379897981882 -0.006003010086715221 0.05674929916858673
v -0.0020637200213968754 -0.00900301057845354 0.057220373302698135
v -0.0020637200213968754 -0.00900301057845354 0.057220373302698135
v -0.0019996901974081993 -0.00900301057845354 0.057722385972738266
v -0.0020637200213968754 -0.006003010086715221 0.057220373302698135
v -0.0019996901974081993 -0.006003010086715221 0.057722385972738266
v -0.0020637200213968754 -0.006003010086715221 0.057220373302698135
v -0.0019996901974081993 -0.00900301057845354 0.057722385972738266
v -0.004410460125654936 -0.006003010086715221 0.05576503276824951
v -0.004413190297782421 -0.005674419924616814 0.05570889264345169
v -0.004888580180704594 -0.006003010086715221 0.05593077465891838
v -0.0039046301972121 -0.006003010086715221 0.05572464317083359
v -0.0037487701047211885 -0.005296050105243921 0.05544330179691315
v -0.0040734801441431046 -0.005465340334922075 0.055566802620887756
v -0.0039046301972121 -0.006003010086715221 0.05572464317083359
v -0.0040734801441431046 -0.005465340334922075 0.055566802620887756
v -0.004413190297782421 -0.005674419924616814 0.05570889264345169
v -0.004410460125654936 -0.006003010086715221 0.05576503276824951
v -0.0039046301972121 -0.006003010086715221 0.05572464317083359
v -0.004413190297782421 -0.005674419924616814 0.05570889264345169
v -0.0039046301972121 -0.006003010086715221 0.05572464317083359
v -0.003406000090762973 -0.006003010086715221 0.0558125339448452
v -0.0037487701047211885 -0.005296050105243921 0.05544330179691315
v -0.002711380133405328 -0.005295900162309408 0.055825650691986084
v -0.002564650261774659 -0.005003009922802448 0.05508788302540779
v -0.0032782801426947117 -0.0051139104180037975 0.055284611880779266
v -0.002711380133405328 -0.005295900162309408 0.055825650691986084
v -0.0032782801426947117 -0.0051139104180037975 0.055284611880779266
v -0.0037487701047211885 -0.005296050105243921 0.05544330179691315
v -0.0037487701047211885 -0.005296050105243921 0.05544330179691315
v -0.003406000090762973 -0.006003010086715221 0.0558125339448452
v -0.002945610089227557 -0.006003010086715221 0.05602271109819412
v -0.002711380133405328 -0.005295900162309408 0.055825650691986084
v -0.0037487701047211885 -0.005296050105243921 0.05544330179691315
v -0.002945610089227557 -0.006003010086715221 0.05602271109819412
v -0.0020362900104373693 -0.005003009922802448 0.05545412376523018
v -0.002564650261774659 -0.005003009922802448 0.05508788302540779
v -0.002711380133405328 -0.005295900162309408 0.055825650691986084
v -0.002945610089227557 -0.006003010086715221 0.05602271109819412
v -0.0025527202524244785 -0.006003010086715221 0.056341711431741714
v -0.002711380133405328 -0.005295900162309408 0.055825650691986084
v -0.002711380133405328 -0.005295900162309408 0.055825650691986084
v -0.0025527202524244785 -0.006003010086715221 0.056341711431741714
v -0.002252379897981882 -0.006003010086715221 0.05674929916858673
v -0.0019734399393200874 -0.005295900162309408 0.05664922297000885
v -0.002711380133405328 -0.005295900162309408 0.055825650691986084
v -0.002252379897981882 -0.006003010086715221 0.05674929916858673
v -0.0019734399393200874 -0.005295900162309408 0.05664922297000885
v -0.0015986500075086951 -0.005003009922802448 0.05592377483844757
v -0.0020362900104373693 -0.005003009922802448 0.05545412376523018
v -0.002711380133405328 -0.005295900162309408 0.055825650691986084
v -0.0019734399393200874 -0.005295900162309408 0.05664922297000885
v -0.0020362900104373693 -0.005003009922802448 0.05545412376523018
v -0.001270580105483532 -0.005003009922802448 0.05647660419344902
v -0.0015986500075086951 -0.005003009922802448 0.05592377483844757
v -0.0019734399393200874 -0.005295900162309408 0.05664922297000885
v -0.002252379897981882 -0.006003010086715221 0.05674929916858673
v -0.0020637200213968754 -0.006003010086715221 0.057220373302698135
v -0.0019734399393200874 -0.005295900162309408 0.05664922297000885
v -0.0017068100860342383 -0.005295909941196442 0.057722385972738266
v -0.0010679400293156505 -0.005003009922802448 0.05708608031272888
v -0.001270580105483532 -0.005003009922802448 0.05647660419344902
v -0.0019734399393200874 -0.005295900162309408 0.05664922297000885
v -0.0017068100860342383 -0.005295909941196442 0.057722385972738266
v -0.001270580105483532 -0.005003009922802448 0.05647660419344902
v -0.0019734399393200874 -0.005295900162309408 0.05664922297000885
v -0.0020637200213968754 -0.006003010086715221 0.057220373302698135
v -0.0019996901974081993 -0.006003010086715221 0.057722385972738266
v -0.0019734399393200874 -0.005295900162309408 0.05664922297000885
v -0.0019996901974081993 -0.006003010086715221 0.057722385972738266
v -0.001923570060171187 -0.005620330106467009 0.057722385972738266
v -0.0017068100860342383 -0.005295909941196442 0.057722385972738266
v -0.0019734399393200874 -0.005295900162309408 0.05664922297000885
v -0.001923570060171187 -0.005620330106467009 0.057722385972738266
v -0.0010679400293156505 -0.005003009922802448 0.05708608031272888
v -0.0017068100860342383 -0.005295909941196442 0.057722385972738266
v -0.0013823900371789932 -0.00507913064211607 0.057722385972738266
v -0.0009996900334954262 -0.005003009922802448 0.057722385972738266
v -0.0010679400293156505 -0.005003009922802448 0.05708608031272888
v -0.0013823900371789932 -0.00507913064211607 0.057722385972738266
v -0.0016982702072709799 -0.00528748007491231 0.06478465348482132
v -0.00136571004986763 -0.005072400439530611 0.06478465348482132
v -0.0013823900371789932 -0.00507913064211607 0.057722385972738266
v -0.0013823900371789932 -0.00507913064211607 0.057722385972738266
v -0.0017068100860342383 -0.005295909941196442 0.057722385972738266
v -0.0016982702072709799 -0.00528748007491231 0.06478465348482132
v -0.001921250019222498 -0.005614790134131908 0.06478465348482132
v -0.0016982702072709799 -0.00528748007491231 0.06478465348482132
v -0.0017068100860342383 -0.005295909941196442 0.057722385972738266
v -0.0017068100860342383 -0.005295909941196442 0.057722385972738266
v -0.001923570060171187 -0.005620330106467009 0.057722385972738266
v -0.001921250019222498 -0.005614790134131908 0.06478465348482132
v -0.001921250019222498 -0.005614790134131908 0.06478465348482132
v -0.001923570060171187 -0.005620330106467009 0.057722385972738266
v -0.0019996901974081993 -0.006003010086715221 0.057722385972738266
v -0.001921250019222498 -0.005614790134131908 0.06478465348482132
v -0.0019996901974081993 -0.006003010086715221 0.057722385972738266
v -0.0019996901974081993 -0.006003010086715221 0.06474483013153076
v -0.001994750229641795 -0.006003010086715221 0.06492503732442856
v -0.001921250019222498 -0.005614790134131908 0.06478465348482132
v -0.0019996901974081993 -0.006003010086715221 0.06474483013153076
v 0.0010003099450841546 -0.005003009922802448 0.06405259668827057
v 0.0012327000731602311 -0.005003009922802448 0.06487756967544556
v 0.0010003099450841546 -0.005003009922802448 0.057722385972738266
v 0.0010003099450841546 -0.005003009922802448 0.057722385972738266
v 0.0012327000731602311 -0.005003009922802448 0.06487756967544556
v 0.0014319500187411904 -0.0051103802397847176 0.06501970440149307
v 0.0013830000534653664 -0.00507913064211607 0.057722385972738266
v 0.0010003099450841546 -0.005003009922802448 0.057722385972738266
v 0.0014319500187411904 -0.0051103802397847176 0.06501970440149307
v 0.0014319500187411904 -0.0051103802397847176 0.06501970440149307
v 0.0016988900024443865 -0.005287470296025276 0.06478465348482132
v 0.0013830000534653664 -0.00507913064211607 0.057722385972738266
v 0.0017074201023206115 -0.005295900162309408 0.057722385972738266
v 0.0013830000534653664 -0.00507913064211607 0.057722385972738266
v 0.0016988900024443865 -0.005287470296025276 0.06478465348482132
v 0.0016988900024443865 -0.005287470296025276 0.06478465348482132
v 0.0019218900706619024 -0.005614790134131908 0.06478465348482132
v 0.0017074201023206115 -0.005295900162309408 0.057722385972738266
v 0.0019241900881752372 -0.005620320327579975 0.057722385972738266
v 0.0017074201023206115 -0.005295900162309408 0.057722385972738266
v 0.0019218900706619024 -0.005614790134131908 0.06478465348482132
v 0.0019218900706619024 -0.005614790134131908 0.06478465348482132
v 0.002000689972192049 -0.006003010086715221 0.06478463113307953
v 0.0019241900881752372 -0.005620320327579975 0.057722385972738266
v 0.002000309992581606 -0.006003010086715221 0.057722385972738266
v 0.0019241900881752372 -0.005620320327579975 0.057722385972738266
v 0.002000689972192049 -0.006003010086715221 0.06478463113307953
v 0.004889200441539288 -0.006003010086715221 0.05593077465891838
v 0.004398860037326813 -0.005664650350809097 0.05570235475897789
v 0.004411090165376663 -0.006003010086715221 0.05576503276824951
v 0.0039052502252161503 -0.006003010086715221 0.05572464317083359
v 0.004411090165376663 -0.006003010086715221 0.05576503276824951
v 0.004398860037326813 -0.005664650350809097 0.05570235475897789
v 0.004398860037326813 -0.005664650350809097 0.05570235475897789
v 0.003857390023767948 -0.005348550155758858 0.055483054369688034
v 0.0039052502252161503 -0.006003010086715221 0.05572464317083359
v 0.0039052502252161503 -0.006003010086715221 0.05572464317083359
v 0.003857390023767948 -0.005348550155758858 0.055483054369688034
v 0.0037483901251107454 -0.005304949823766947 0.0554458349943161
v 0.0034066301304847 -0.006003010086715221 0.0558125339448452
v 0.0039052502252161503 -0.006003010086715221 0.05572464317083359
v 0.0037483901251107454 -0.005304949823766947 0.0554458349943161
v 0.002716930117458105 -0.005295900162309408 0.05582231283187866
v 0.0029462401289492846 -0.006003010086715221 0.05602271109819412
v 0.0034066301304847 -0.006003010086715221 0.0558125339448452
v 0.0037483901251107454 -0.005304949823766947 0.0554458349943161
v 0.002716930117458105 -0.005295900162309408 0.05582231283187866
v 0.0034066301304847 -0.006003010086715221 0.0558125339448452
v 0.003248170018196106 -0.005104860290884972 0.05527505278587341
v 0.002565280068665743 -0.005003009922802448 0.05508788302540779
v 0.002716930117458105 -0.005295900162309408 0.05582231283187866
v 0.002716930117458105 -0.005295900162309408 0.05582231283187866
v 0.0037483901251107454 -0.005304949823766947 0.0554458349943161
v 0.003248170018196106 -0.005104860290884972 0.05527505278587341
v 0.002565280068665743 -0.005003009922802448 0.05508788302540779
v 0.0020369202829897404 -0.005003009922802448 0.05545412376523018
v 0.002716930117458105 -0.005295900162309408 0.05582231283187866
v 0.0025533500593155622 -0.006003010086715221 0.056341711431741714
v 0.0029462401289492846 -0.006003010086715221 0.05602271109819412
v 0.002716930117458105 -0.005295900162309408 0.05582231283187866
v 0.002716930117458105 -0.005295900162309408 0.05582231283187866
v 0.0020369202829897404 -0.005003009922802448 0.05545412376523018
v 0.0015992700355127454 -0.005003009922802448 0.05592377483844757
v 0.001975460210815072 -0.005295900162309408 0.056646592915058136
v 0.002716930117458105 -0.005295900162309408 0.05582231283187866
v 0.0015992700355127454 -0.005003009922802448 0.05592377483844757
v 0.001975460210815072 -0.005295900162309408 0.056646592915058136
v 0.002253010170534253 -0.006003010086715221 0.05674929916858673
v 0.0025533500593155622 -0.006003010086715221 0.056341711431741714
v 0.002716930117458105 -0.005295900162309408 0.05582231283187866
v 0.001975460210815072 -0.005295900162309408 0.056646592915058136
v 0.0025533500593155622 -0.006003010086715221 0.056341711431741714
v 0.0015992700355127454 -0.005003009922802448 0.05592377483844757
v 0.0012712100287899375 -0.005003009922802448 0.05647660419344902
v 0.001975460210815072 -0.005295900162309408 0.056646592915058136
v 0.0020643500611186028 -0.006003010086715221 0.057220373302698135
v 0.002253010170534253 -0.006003010086715221 0.05674929916858673
v 0.001975460210815072 -0.005295900162309408 0.056646592915058136
v 0.001975460210815072 -0.005295900162309408 0.056646592915058136
v 0.0012712100287899375 -0.005003009922802448 0.05647660419344902
v 0.0010685700690373778 -0.005003009922802448 0.05708608031272888
v 0.001975460210815072 -0.005295900162309408 0.056646592915058136
v 0.0010685700690373778 -0.005003009922802448 0.05708608031272888
v 0.0010003099450841546 -0.005003009922802448 0.057722385972738266
v 0.001975460210815072 -0.005295900162309408 0.056646592915058136
v 0.0010003099450841546 -0.005003009922802448 0.057722385972738266
v 0.0013830000534653664 -0.00507913064211607 0.057722385972738266
v 0.0017074201023206115 -0.005295900162309408 0.057722385972738266
v 0.001975460210815072 -0.005295900162309408 0.056646592915058136
v 0.0013830000534653664 -0.00507913064211607 0.057722385972738266
v 0.001975460210815072 -0.005295900162309408 0.056646592915058136
v 0.0017074201023206115 -0.005295900162309408 0.057722385972738266
v 0.0020643500611186028 -0.006003010086715221 0.057220373302698135
v 0.0020643500611186028 -0.006003010086715221 0.057220373302698135
v 0.0017074201023206115 -0.005295900162309408 0.057722385972738266
v 0.0019241900881752372 -0.005620320327579975 0.057722385972738266
v 0.002000309992581606 -0.006003010086715221 0.057722385972738266
v 0.0020643500611186028 -0.006003010086715221 0.057220373302698135
v 0.0019241900881752372 -0.005620320327579975 0.057722385972738266
v 0.0018663301598280668 -0.009503030218183994 0.06478465348482132
v 0.0019241900881752372 -0.009385690093040466 0.057722385972738266
v 0.002000309992581606 -0.00900301057845354 0.057722385972738266
v 0.002000320004299283 -0.00900301057845354 0.06478465348482132
v 0.0018663301598280668 -0.009503030218183994 0.06478465348482132
v 0.002000309992581606 -0.00900301057845354 0.057722385972738266
v 0.0017074201023206115 -0.009710120968520641 0.057722385972738266
v 0.0019241900881752372 -0.009385690093040466 0.057722385972738266
v 0.0018663301598280668 -0.009503030218183994 0.06478465348482132
v 0.0018663301598280668 -0.009503030218183994 0.06478465348482132
v 0.001500290003605187 -0.009869050234556198 0.06478465348482132
v 0.0017074201023206115 -0.009710120968520641 0.057722385972738266
v 0.0013830000534653664 -0.009926890954375267 0.057722385972738266
v 0.0017074201023206115 -0.009710120968520641 0.057722385972738266
v 0.001500290003605187 -0.009869050234556198 0.06478465348482132
v 0.001500290003605187 -0.009869050234556198 0.06478465348482132
v 0.0010003199568018317 -0.01000300981104374 0.06478465348482132
v 0.0013830000534653664 -0.009926890954375267 0.057722385972738266
v 0.0010003099450841546 -0.01000300981104374 0.057722385972738266
v 0.0013830000534653664 -0.009926890954375267 0.057722385972738266
v 0.0010003199568018317 -0.01000300981104374 0.06478465348482132
v -0.0014996901154518127 -0.009869030676782131 0.06478465348482132
v -0.001382370013743639 -0.009926890954375267 0.057722385972738266
v -0.0009996900334954262 -0.01000300981104374 0.057722385972738266
v -0.000999680021777749 -0.01000300981104374 0.06478465348482132
v -0.0014996901154518127 -0.009869030676782131 0.06478465348482132
v -0.0009996900334954262 -0.01000300981104374 0.057722385972738266
v -0.001706790062598884 -0.009710120968520641 0.057722385972738266
v -0.001382370013743639 -0.009926890954375267 0.057722385972738266
v -0.0014996901154518127 -0.009869030676782131 0.06478465348482132
v -0.0014996901154518127 -0.009869030676782131 0.06478465348482132
v -0.0018657101318240166 -0.009503010660409927 0.06478465348482132
v -0.001706790062598884 -0.009710120968520641 0.057722385972738266
v -0.001923570060171187 -0.009385690093040466 0.057722385972738266
v -0.001706790062598884 -0.009710120968520641 0.057722385972738266
v -0.0018657101318240166 -0.009503010660409927 0.06478465348482132
v -0.0018657101318240166 -0.009503010660409927 0.06478465348482132
v -0.0019996901974081993 -0.00900301057845354 0.06478465348482132
v -0.001923570060171187 -0.009385690093040466 0.057722385972738266
v -0.0019996901974081993 -0.00900301057845354 0.057722385972738266
v -0.001923570060171187 -0.009385690093040466 0.057722385972738266
v -0.0019996901974081993 -0.00900301057845354 0.06478465348482132
v -0.004888580180704594 -0.00900301057845354 0.05593077465891838
v -0.004208859987556934 -0.009246240369975567 0.055703163146972656
v -0.004410460125654936 -0.00900301057845354 0.05576503276824951
v -0.0039046301972121 -0.00900301057845354 0.05572464317083359
v -0.004410460125654936 -0.00900301057845354 0.05576503276824951
v -0.004208859987556934 -0.009246240369975567 0.055703163146972656
v -0.004208859987556934 -0.009246240369975567 0.055703163146972656
v -0.003459660103544593 -0.009511960670351982 0.055652473121881485
v -0.0039046301972121 -0.00900301057845354 0.05572464317083359
v -0.003406000090762973 -0.00900301057845354 0.0558125339448452
v -0.0039046301972121 -0.00900301057845354 0.05572464317083359
v -0.003459660103544593 -0.009511960670351982 0.055652473121881485
v -0.003459660103544593 -0.009511960670351982 0.055652473121881485
v -0.002922590123489499 -0.009704920463263988 0.05570795387029648
v -0.003406000090762973 -0.00900301057845354 0.0558125339448452
v -0.002945610089227557 -0.00900301057845354 0.05602271109819412
v -0.003406000090762973 -0.00900301057845354 0.0558125339448452
v -0.002922590123489499 -0.009704920463263988 0.05570795387029648
v -0.0020355202723294497 -0.009710120968520641 0.05653943121433258
v -0.0025527202524244785 -0.00900301057845354 0.056341711431741714
v -0.002945610089227557 -0.00900301057845354 0.05602271109819412
v -0.002922590123489499 -0.009704920463263988 0.05570795387029648
v -0.0020355202723294497 -0.009710120968520641 0.05653943121433258
v -0.002945610089227557 -0.00900301057845354 0.05602271109819412
v -0.0019710701890289783 -0.009981980547308922 0.055798232555389404
v -0.0016658001113682985 -0.01000300981104374 0.05583743005990982
v -0.0020355202723294497 -0.009710120968520641 0.05653943121433258
v -0.002253670012578368 -0.009925669990479946 0.05577649176120758
v -0.0019710701890289783 -0.009981980547308922 0.055798232555389404
v -0.0020355202723294497 -0.009710120968520641 0.05653943121433258
v -0.0025220499373972416 -0.009844981133937836 0.055755022913217545
v -0.002253670012578368 -0.009925669990479946 0.05577649176120758
v -0.0020355202723294497 -0.009710120968520641 0.05653943121433258
v -0.0020355202723294497 -0.009710120968520641 0.05653943121433258
v -0.002922590123489499 -0.009704920463263988 0.05570795387029648
v -0.0025220499373972416 -0.009844981133937836 0.055755022913217545
v -0.0016658001113682985 -0.01000300981104374 0.05583743005990982
v -0.001380360103212297 -0.01000300981104374 0.05625980347394943
v -0.0020355202723294497 -0.009710120968520641 0.05653943121433258
v -0.002252379897981882 -0.00900301057845354 0.05674929916858673
v -0.0025527202524244785 -0.00900301057845354 0.056341711431741714
v -0.0020355202723294497 -0.009710120968520641 0.05653943121433258
v -0.0020355202723294497 -0.009710120968520641 0.05653943121433258
v -0.001380360103212297 -0.01000300981104374 0.05625980347394943
v -0.0011707000667229295 -0.01000300981104374 0.05672397091984749
v -0.0020355202723294497 -0.009710120968520641 0.05653943121433258
v -0.0011707000667229295 -0.01000300981104374 0.05672397091984749
v -0.0010427600936964154 -0.01000300981104374 0.057215843349695206
v -0.0020355202723294497 -0.009710120968520641 0.05653943121433258
v -0.0010427600936964154 -0.01000300981104374 0.057215843349695206
v -0.0009996900334954262 -0.01000300981104374 0.057722385972738266
v -0.0020355202723294497 -0.009710120968520641 0.05653943121433258
v -0.0009996900334954262 -0.01000300981104374 0.057722385972738266
v -0.001382370013743639 -0.009926890954375267 0.057722385972738266
v -0.001706790062598884 -0.009710120968520641 0.057722385972738266
v -0.0020355202723294497 -0.009710120968520641 0.05653943121433258
v -0.001382370013743639 -0.009926890954375267 0.057722385972738266
v -0.001706790062598884 -0.009710120968520641 0.057722385972738266
v -0.0020637200213968754 -0.00900301057845354 0.057220373302698135
v -0.002252379897981882 -0.00900301057845354 0.05674929916858673
v -0.0020355202723294497 -0.009710120968520641 0.05653943121433258
v -0.001706790062598884 -0.009710120968520641 0.057722385972738266
v -0.002252379897981882 -0.00900301057845354 0.05674929916858673
v -0.0020637200213968754 -0.00900301057845354 0.057220373302698135
v -0.001706790062598884 -0.009710120968520641 0.057722385972738266
v -0.001923570060171187 -0.009385690093040466 0.057722385972738266
v -0.0019996901974081993 -0.00900301057845354 0.057722385972738266
v -0.0020637200213968754 -0.00900301057845354 0.057220373302698135
v -0.001923570060171187 -0.009385690093040466 0.057722385972738266
v -0.003522890154272318 -0.010856560431420803 0.05520966276526451
v -0.00461835041642189 -0.010503009893000126 0.05580126494169235
v -0.005738820414990187 -0.010503009893000126 0.05640048161149025
v -0.005869250278919935 -0.010936020873486996 0.056187212467193604
v -0.004427189938724041 -0.011003009974956512 0.05517110228538513
v -0.003522890154272318 -0.010856560431420803 0.05520966276526451
v -0.003441200125962496 -0.01049864012748003 0.055338021367788315
v -0.00461835041642189 -0.010503009893000126 0.05580126494169235
v -0.003522890154272318 -0.010856560431420803 0.05520966276526451
v -0.0010496900649741292 -0.01085239090025425 0.05468365177512169
v 3.199999980552093e-07 -0.010669680312275887 0.054806143045425415
v -0.0024748002178967 -0.010617010295391083 0.05507125332951546
v -0.0024748002178967 -0.010617010295391083 0.05507125332951546
v -0.003441200125962496 -0.01049864012748003 0.055338021367788315
v -0.003522890154272318 -0.010856560431420803 0.05520966276526451
v 3.199999980552093e-07 -0.010979261249303818 0.05448560044169426
v -0.0010496900649741292 -0.01085239090025425 0.05468365177512169
v -0.0027670999988913536 -0.011003009974956512 0.0546225905418396
v -0.0027670999988913536 -0.011003009974956512 0.0546225905418396
v 3.199999980552093e-07 -0.011003009974956512 0.0543326698243618
v 3.199999980552093e-07 -0.010979261249303818 0.05448560044169426
v 0.002768050180748105 -0.011003009974956512 0.054622672498226166
v 0.0010503201046958566 -0.01085239090025425 0.05468365177512169
v 3.199999980552093e-07 -0.010979261249303818 0.05448560044169426
v 3.199999980552093e-07 -0.011003009974956512 0.0543326698243618
v 0.002768050180748105 -0.011003009974956512 0.054622672498226166
v 3.199999980552093e-07 -0.010979261249303818 0.05448560044169426
v 0.0035235201939940453 -0.010856560431420803 0.05520966276526451
v 0.0010503201046958566 -0.01085239090025425 0.05468365177512169
v 0.002768050180748105 -0.011003009974956512 0.054622672498226166
v 0.002768050180748105 -0.011003009974956512 0.054622672498226166
v 0.004428400192409754 -0.011003009974956512 0.05517134442925453
v 0.0035235201939940453 -0.010856560431420803 0.05520966276526451
v 0.0035235201939940453 -0.010856560431420803 0.05520966276526451
v 0.005774390418082476 -0.010753010399639606 0.05634334310889244
v 0.004619230050593615 -0.010503009893000126 0.0558013841509819
v 0.0035235201939940453 -0.010856560431420803 0.05520966276526451
v 0.004428400192409754 -0.011003009974956512 0.05517134442925453
v 0.006000310182571411 -0.011003009974956512 0.05597394332289696
v 3.1000001854408765e-07 -0.005003009922802448 0.06578465551137924
v 0.0008680400787852705 -0.005003009922802448 0.06628169864416122
v 0.0010003099450841546 -0.005003009922802448 0.06578465551137924
v 0.0005030400352552533 -0.005003009922802448 0.06664909422397614
v 0.0008680400787852705 -0.005003009922802448 0.06628169864416122
v 3.1000001854408765e-07 -0.005003009922802448 0.06578465551137924
v 2.5400001959496876e-06 -0.005003009922802448 0.06678464263677597
v 0.0005030400352552533 -0.005003009922802448 0.06664909422397614
v 3.1000001854408765e-07 -0.005003009922802448 0.06578465551137924
v -0.0004985000123269856 -0.005003009922802448 0.066651351749897
v 2.5400001959496876e-06 -0.005003009922802448 0.06678464263677597
v 3.1000001854408765e-07 -0.005003009922802448 0.06578465551137924
v -0.0008654100238345563 -0.005003009922802448 0.0662851557135582
v -0.0004985000123269856 -0.005003009922802448 0.066651351749897
v 3.1000001854408765e-07 -0.005003009922802448 0.06578465551137924
v -0.0009996900334954262 -0.005003009922802448 0.06578465551137924
v -0.0008654100238345563 -0.005003009922802448 0.0662851557135582
v 3.1000001854408765e-07 -0.005003009922802448 0.06578465551137924
v 3.1000001854408765e-07 -0.005003009922802448 0.06578465551137924
v -0.0009006500476971269 -0.005003009922802448 0.06535076349973679
v -0.0009996900334954262 -0.005003009922802448 0.06578465551137924
v -0.0006231700535863638 -0.005003009922802448 0.06500281393527985
v -0.0009006500476971269 -0.005003009922802448 0.06535076349973679
v 3.1000001854408765e-07 -0.005003009922802448 0.06578465551137924
v -0.00022221001563593745 -0.005003009922802448 0.06480972468852997
v -0.0006231700535863638 -0.005003009922802448 0.06500281393527985
v 3.1000001854408765e-07 -0.005003009922802448 0.06578465551137924
v 0.00022284001170191914 -0.005003009922802448 0.06480972468852997
v -0.00022221001563593745 -0.005003009922802448 0.06480972468852997
v 3.1000001854408765e-07 -0.005003009922802448 0.06578465551137924
v 0.0006238100468181074 -0.005003009922802448 0.06500281393527985
v 0.00022284001170191914 -0.005003009922802448 0.06480972468852997
v 3.1000001854408765e-07 -0.005003009922802448 0.06578465551137924
v 0.0009012800292111933 -0.005003009922802448 0.06535076349973679
v 0.0006238100468181074 -0.005003009922802448 0.06500281393527985
v 3.1000001854408765e-07 -0.005003009922802448 0.06578465551137924
v 0.0010003099450841546 -0.005003009922802448 0.06578465551137924
v 0.0009012800292111933 -0.005003009922802448 0.06535076349973679
v 3.1000001854408765e-07 -0.005003009922802448 0.06578465551137924
v -0.0017369900597259402 -0.005338210146874189 0.06496863067150116
v -0.00136571004986763 -0.005072400439530611 0.06478465348482132
v -0.0016982702072709799 -0.00528748007491231 0.06478465348482132
v -0.0016982702072709799 -0.00528748007491231 0.06478465348482132
v -0.001921250019222498 -0.005614790134131908 0.06478465348482132
v -0.0017369900597259402 -0.005338210146874189 0.06496863067150116
v -0.0019277301616966724 -0.0056457603350281715 0.06493640691041946
v -0.0017369900597259402 -0.005338210146874189 0.06496863067150116
v -0.001921250019222498 -0.005614790134131908 0.06478465348482132
v -0.001921250019222498 -0.005614790134131908 0.06478465348482132
v -0.001994750229641795 -0.006003010086715221 0.06492503732442856
v -0.0019277301616966724 -0.0056457603350281715 0.06493640691041946
v 0.0014319500187411904 -0.0051103802397847176 0.06501970440149307
v 0.0017376100877299905 -0.005338200367987156 0.06496864557266235
v 0.0016988900024443865 -0.005287470296025276 0.06478465348482132
v 0.0019218900706619024 -0.005614790134131908 0.06478465348482132
v 0.0016988900024443865 -0.005287470296025276 0.06478465348482132
v 0.0017376100877299905 -0.005338200367987156 0.06496864557266235
v 0.0017376100877299905 -0.005338200367987156 0.06496864557266235
v 0.001928360085003078 -0.0056457603350281715 0.06493640691041946
v 0.0019218900706619024 -0.005614790134131908 0.06478465348482132
v 0.0019218900706619024 -0.005614790134131908 0.06478465348482132
v 0.001928360085003078 -0.0056457603350281715 0.06493640691041946
v 0.002000689972192049 -0.006003010086715221 0.06478463113307953
v -0.0018123601330444217 -0.005275650415569544 0.06619547307491302
v -0.0011693800333887339 -0.005003009922802448 0.06570529192686081
v -0.00136571004986763 -0.005072400439530611 0.06478465348482132
v -0.0017369900597259402 -0.005338210146874189 0.06496863067150116
v -0.0018123601330444217 -0.005275650415569544 0.06619547307491302
v -0.00136571004986763 -0.005072400439530611 0.06478465348482132
v -0.0019277301616966724 -0.0056457603350281715 0.06493640691041946
v -0.001994750229641795 -0.006003010086715221 0.06492503732442856
v -0.0018123601330444217 -0.005275650415569544 0.06619547307491302
v -0.0017369900597259402 -0.005338210146874189 0.06496863067150116
v -0.0019277301616966724 -0.0056457603350281715 0.06493640691041946
v -0.0018123601330444217 -0.005275650415569544 0.06619547307491302
v -0.001994750229641795 -0.006003010086715221 0.06492503732442856
v -0.002102090045809746 -0.005945680197328329 0.06632501631975174
v -0.0018123601330444217 -0.005275650415569544 0.06619547307491302
v -0.0010786900529637933 -0.005003009922802448 0.06624314934015274
v -0.0011693800333887339 -0.005003009922802448 0.06570529192686081
v -0.0018123601330444217 -0.005275650415569544 0.06619547307491302
v -0.0011596400290727615 -0.005275650415569544 0.06723690032958984
v -0.0018123601330444217 -0.005275650415569544 0.06619547307491302
v -0.002102090045809746 -0.005945680197328329 0.06632501631975174
v -0.0011596400290727615 -0.005275650415569544 0.06723690032958984
v -0.0007540200022049248 -0.005003009922802448 0.0666821151971817
v -0.0010786900529637933 -0.005003009922802448 0.06624314934015274
v -0.0018123601330444217 -0.005275650415569544 0.06619547307491302
v -0.0011596400290727615 -0.005275650415569544 0.06723690032958984
v -0.0010786900529637933 -0.005003009922802448 0.06624314934015274
v -0.002102090045809746 -0.005945680197328329 0.06632501631975174
v -0.001329930149950087 -0.005945680197328329 0.0675000324845314
v -0.0011596400290727615 -0.005275650415569544 0.06723690032958984
v -0.0002649500092957169 -0.005003009922802448 0.06692662090063095
v -0.0007540200022049248 -0.005003009922802448 0.0666821151971817
v -0.0011596400290727615 -0.005275650415569544 0.06723690032958984
v -0.0011596400290727615 -0.005275650415569544 0.06723690032958984
v -0.001329930149950087 -0.005945680197328329 0.0675000324845314
v 3.1000001854408765e-07 -0.005945680197328329 0.0679553896188736
v 3.1000001854408765e-07 -0.005275650415569544 0.06764330714941025
v -0.0011596400290727615 -0.005275650415569544 0.06723690032958984
v 3.1000001854408765e-07 -0.005945680197328329 0.0679553896188736
v -0.0011596400290727615 -0.005275650415569544 0.06723690032958984
v 3.1000001854408765e-07 -0.005275650415569544 0.06764330714941025
v -0.0002649500092957169 -0.005003009922802448 0.06692662090063095
v 0.00028178002685308456 -0.005003009922802448 0.06692273914813995
v -0.0002649500092957169 -0.005003009922802448 0.06692662090063095
v 3.1000001854408765e-07 -0.005275650415569544 0.06764330714941025
v 3.1000001854408765e-07 -0.005945680197328329 0.0679553896188736
v 0.0013305600732564926 -0.005945680197328329 0.0675000324845314
v 3.1000001854408765e-07 -0.005275650415569544 0.06764330714941025
v 0.001160270068794489 -0.005275650415569544 0.06723690778017044
v 3.1000001854408765e-07 -0.005275650415569544 0.06764330714941025
v 0.0013305600732564926 -0.005945680197328329 0.0675000324845314
v 3.1000001854408765e-07 -0.005275650415569544 0.06764330714941025
v 0.001160270068794489 -0.005275650415569544 0.06723690778017044
v 0.00028178002685308456 -0.005003009922802448 0.06692273914813995
v 0.0007660000119358301 -0.005003009922802448 0.06667245179414749
v 0.00028178002685308456 -0.005003009922802448 0.06692273914813995
v 0.001160270068794489 -0.005275650415569544 0.06723690778017044
v 0.0013305600732564926 -0.005945680197328329 0.0675000324845314
v 0.002102720085531473 -0.005945680197328329 0.06632501631975174
v 0.001160270068794489 -0.005275650415569544 0.06723690778017044
v 0.0018129900563508272 -0.005275650415569544 0.06619547307491302
v 0.0010859300382435322 -0.005003009922802448 0.0662272572517395
v 0.0007660000119358301 -0.005003009922802448 0.06667245179414749
v 0.001160270068794489 -0.005275650415569544 0.06723690778017044
v 0.0018129900563508272 -0.005275650415569544 0.06619547307491302
v 0.0007660000119358301 -0.005003009922802448 0.06667245179414749
v 0.0018129900563508272 -0.005275650415569544 0.06619547307491302
v 0.001160270068794489 -0.005275650415569544 0.06723690778017044
v 0.002102720085531473 -0.005945680197328329 0.06632501631975174
v 0.0011700100731104612 -0.005003009922802448 0.065705306828022
v 0.0010859300382435322 -0.005003009922802448 0.0662272572517395
v 0.0018129900563508272 -0.005275650415569544 0.06619547307491302
v 0.002102720085531473 -0.005945680197328329 0.06632501631975174
v 0.002000689972192049 -0.006003010086715221 0.06478463113307953
v 0.0018129900563508272 -0.005275650415569544 0.06619547307491302
v 0.0017376100877299905 -0.005338200367987156 0.06496864557266235
v 0.0012738000368699431 -0.005022010300308466 0.06528942286968231
v 0.0011700100731104612 -0.005003009922802448 0.065705306828022
v 0.0018129900563508272 -0.005275650415569544 0.06619547307491302
v 0.0017376100877299905 -0.005338200367987156 0.06496864557266235
v 0.0011700100731104612 -0.005003009922802448 0.065705306828022
v 0.0018129900563508272 -0.005275650415569544 0.06619547307491302
v 0.002000689972192049 -0.006003010086715221 0.06478463113307953
v 0.001928360085003078 -0.0056457603350281715 0.06493640691041946
v 0.0018129900563508272 -0.005275650415569544 0.06619547307491302
v 0.001928360085003078 -0.0056457603350281715 0.06493640691041946
v 0.0017376100877299905 -0.005338200367987156 0.06496864557266235
v 0.0014319500187411904 -0.0051103802397847176 0.06501970440149307
v 0.0012738000368699431 -0.005022010300308466 0.06528942286968231
v 0.0017376100877299905 -0.005338200367987156 0.06496864557266235
v 3.199999980552093e-07 -0.010403170250356197 0.05494949221611023
v -0.0024748002178967 -0.010617010295391083 0.05507125332951546
v 3.199999980552093e-07 -0.010669680312275887 0.054806143045425415
v -0.0017866800772026181 -0.010321250185370445 0.05511591210961342
v -0.0024748002178967 -0.010617010295391083 0.05507125332951546
v 3.199999980552093e-07 -0.010403170250356197 0.05494949221611023
v 3.199999980552093e-07 -0.010403170250356197 0.05494949221611023
v 3.199999980552093e-07 -0.010186840780079365 0.0551728717982769
v -0.0017866800772026181 -0.010321250185370445 0.05511591210961342
v -0.0017317200545221567 -0.010172080248594284 0.05544402077794075
v -0.0017866800772026181 -0.010321250185370445 0.05511591210961342
v 3.199999980552093e-07 -0.010186840780079365 0.0551728717982769
v 3.199999980552093e-07 -0.010186840780079365 0.0551728717982769
v 3.199999980552093e-07 -0.010049000382423401 0.055452290922403336
v -0.0017317200545221567 -0.010172080248594284 0.05544402077794075
v -0.0017317200545221567 -0.010172080248594284 0.05544402077794075
v 3.199999980552093e-07 -0.010049000382423401 0.055452290922403336
v 3.199999980552093e-07 -0.01000300981104374 0.05578465014696121
v -0.0017317200545221567 -0.010172080248594284 0.05544402077794075
v 3.199999980552093e-07 -0.01000300981104374 0.05578465014696121
v -0.0016658001113682985 -0.01000300981104374 0.05583743005990982
v -0.007549520581960678 -0.004003009758889675 0.05778464302420616
v -0.0020701701287180185 -0.004003009758889675 0.05498126149177551
v 3.1000001854408765e-07 -0.004003009758889675 0.05478465184569359
v -0.007549520581960678 -0.004003009758889675 0.05778464302420616
v 3.1000001854408765e-07 -0.004003009758889675 0.05478465184569359
v 0.002070800168439746 -0.004003009758889675 0.05498126149177551
v -0.007549520581960678 -0.004003009758889675 0.05778464302420616
v 0.002070800168439746 -0.004003009758889675 0.05498126149177551
v 0.004066650290042162 -0.004003009758889675 0.05556384101510048
v -0.007549520581960678 -0.004003009758889675 0.05778464302420616
v 0.004066650290042162 -0.004003009758889675 0.05556384101510048
v 0.00591680034995079 -0.004003009758889675 0.0565112940967083
v 0.007550140377134085 -0.004003009758889675 0.05778465047478676
v -0.007549520581960678 -0.004003009758889675 0.05778464302420616
v 0.00591680034995079 -0.004003009758889675 0.0565112940967083
v 0.003857390023767948 -0.005348550155758858 0.055483054369688034
v 0.003248170018196106 -0.005104860290884972 0.05527505278587341
v 0.0037483901251107454 -0.005304949823766947 0.0554458349943161
v 3.199999980552093e-07 -0.010669680312275887 0.054806143045425415
v -0.0010496900649741292 -0.01085239090025425 0.05468365177512169
v 3.199999980552093e-07 -0.010979261249303818 0.05448560044169426
v 3.199999980552093e-07 -0.010979261249303818 0.05448560044169426
v 0.0010503201046958566 -0.01085239090025425 0.05468365177512169
v 3.199999980552093e-07 -0.010669680312275887 0.054806143045425415
v 0.0012738000368699431 -0.005022010300308466 0.06528942286968231
v 0.0014319500187411904 -0.0051103802397847176 0.06501970440149307
v 0.0012327000731602311 -0.005003009922802448 0.06487756967544556
v -0.003522890154272318 -0.010856560431420803 0.05520966276526451
v -0.0010496900649741292 -0.01085239090025425 0.05468365177512169
v -0.0024748002178967 -0.010617010295391083 0.05507125332951546
v -0.0016658001113682985 -0.01000300981104374 0.05583743005990982
v -0.0019710701890289783 -0.009981980547308922 0.055798232555389404
v -0.0017317200545221567 -0.010172080248594284 0.05544402077794075
v -0.0024748002178967 -0.010617010295391083 0.05507125332951546
v -0.0017866800772026181 -0.010321250185370445 0.05511591210961342
v -0.0017317200545221567 -0.010172080248594284 0.05544402077794075
v -0.0019710701890289783 -0.009981980547308922 0.055798232555389404
v -0.0024748002178967 -0.010617010295391083 0.05507125332951546
v -0.0017317200545221567 -0.010172080248594284 0.05544402077794075
v -0.0019710701890289783 -0.009981980547308922 0.055798232555389404
v -0.002253670012578368 -0.009925669990479946 0.05577649176120758
v -0.0024748002178967 -0.010617010295391083 0.05507125332951546
v -0.002253670012578368 -0.009925669990479946 0.05577649176120758
v -0.0025220499373972416 -0.009844981133937836 0.055755022913217545
v -0.0024748002178967 -0.010617010295391083 0.05507125332951546
v -0.003441200125962496 -0.01049864012748003 0.055338021367788315
v -0.0024748002178967 -0.010617010295391083 0.05507125332951546
v -0.0025220499373972416 -0.009844981133937836 0.055755022913217545
v -0.003441200125962496 -0.01049864012748003 0.055338021367788315
v -0.0025220499373972416 -0.009844981133937836 0.055755022913217545
v -0.002922590123489499 -0.009704920463263988 0.05570795387029648
v -0.003441200125962496 -0.01049864012748003 0.055338021367788315
v -0.002922590123489499 -0.009704920463263988 0.05570795387029648
v -0.003459660103544593 -0.009511960670351982 0.055652473121881485
v -0.004043550230562687 -0.0100222397595644 0.05555492267012596
v -0.003441200125962496 -0.01049864012748003 0.055338021367788315
v -0.003459660103544593 -0.009511960670351982 0.055652473121881485
v -0.004043550230562687 -0.0100222397595644 0.05555492267012596
v -0.003459660103544593 -0.009511960670351982 0.055652473121881485
v -0.004208859987556934 -0.009246240369975567 0.055703163146972656
v -0.004521280061453581 -0.009487779811024666 0.055756933987140656
v -0.004043550230562687 -0.0100222397595644 0.05555492267012596
v -0.004208859987556934 -0.009246240369975567 0.055703163146972656
v -0.004888580180704594 -0.00900301057845354 0.05593077465891838
v -0.004521280061453581 -0.009487779811024666 0.055756933987140656
v -0.004208859987556934 -0.009246240369975567 0.055703163146972656
v -0.0009996900334954262 -0.005003009922802448 0.057722385972738266
v -0.0009996900334954262 -0.005003009922802448 0.06405259668827057
v 0.0010003099450841546 -0.005003009922802448 0.057722385972738266
v -0.0009996900334954262 -0.005003009922802448 0.057722385972738266
v -0.0013823900371789932 -0.00507913064211607 0.057722385972738266
v -0.0009996900334954262 -0.005003009922802448 0.06405259668827057
v -0.0009996900334954262 -0.01000300981104374 0.057722385972738266
v 0.0010003199568018317 -0.01000300981104374 0.06478465348482132
v -0.000999680021777749 -0.01000300981104374 0.06478465348482132
v -0.000999680021777749 -0.01000300981104374 0.06478465348482132
v 0.0010003199568018317 -0.01000300981104374 0.0662846565246582
v -0.000999680021777749 -0.01000300981104374 0.0662846565246582
v 0.0010003199568018317 -0.01000300981104374 0.06478465348482132
v 0.0010003199568018317 -0.01000300981104374 0.0662846565246582
v -0.000999680021777749 -0.01000300981104374 0.06478465348482132
v -0.001994750229641795 -0.006003010086715221 0.06492503732442856
v -0.0019996901974081993 -0.006003010086715221 0.06474483013153076
v -0.0019996901974081993 -0.00900301057845354 0.06478465348482132
v -0.0018657101318240166 -0.009503010660409927 0.06478465348482132
v -0.002102090045809746 -0.008945680223405361 0.06632501631975174
v -0.0019996901974081993 -0.00900301057845354 0.06478465348482132
v -0.0014996901154518127 -0.009869030676782131 0.06478465348482132
v -0.002102090045809746 -0.008945680223405361 0.06632501631975174
v -0.0018657101318240166 -0.009503010660409927 0.06478465348482132
v -0.000999680021777749 -0.01000300981104374 0.0662846565246582
v -0.001329930149950087 -0.008945680223405361 0.0675000324845314
v -0.002102090045809746 -0.008945680223405361 0.06632501631975174
v -0.000999680021777749 -0.01000300981104374 0.0662846565246582
v 3.199999980552093e-07 -0.008945680223405361 0.0679553896188736
v -0.001329930149950087 -0.008945680223405361 0.0675000324845314
v -0.000999680021777749 -0.01000300981104374 0.0662846565246582
v 0.0010003199568018317 -0.01000300981104374 0.0662846565246582
v 3.199999980552093e-07 -0.008945680223405361 0.0679553896188736
v 0.0010003199568018317 -0.01000300981104374 0.0662846565246582
v 0.0013305600732564926 -0.008945680223405361 0.0675000324845314
v 3.199999980552093e-07 -0.008945680223405361 0.0679553896188736
v 0.0010003199568018317 -0.01000300981104374 0.0662846565246582
v 0.002102720085531473 -0.008945680223405361 0.06632501631975174
v 0.0013305600732564926 -0.008945680223405361 0.0675000324845314
v 0.0018663301598280668 -0.009503030218183994 0.06478465348482132
v 0.002000320004299283 -0.00900301057845354 0.06478465348482132
v 0.002102720085531473 -0.008945680223405361 0.06632501631975174
v 0.0018663301598280668 -0.009503030218183994 0.06478465348482132
v 0.002102720085531473 -0.008945680223405361 0.06632501631975174
v 0.001500290003605187 -0.009869050234556198 0.06478465348482132
v 0.004889200441539288 -0.00900301057845354 0.05593077465891838
v 0.004210600163787603 -0.009246240369975567 0.055703163146972656
v 0.00452302023768425 -0.009487779811024666 0.055756933987140656
v 0.00452302023768425 -0.009487779811024666 0.055756933987140656
v 0.004210600163787603 -0.009246240369975567 0.055703163146972656
v 0.004045290406793356 -0.0100222397595644 0.05555492267012596
v 0.004045290406793356 -0.0100222397595644 0.05555492267012596
v 0.004210600163787603 -0.009246240369975567 0.055703163146972656
v 0.003461400279775262 -0.009511960670351982 0.055652473121881485
v 0.004045290406793356 -0.0100222397595644 0.05555492267012596
v 0.003461400279775262 -0.009511960670351982 0.055652473121881485
v 0.003442940069362521 -0.01049864012748003 0.055338021367788315
v 0.003442940069362521 -0.01049864012748003 0.055338021367788315
v 0.003461400279775262 -0.009511960670351982 0.055652473121881485
v 0.0029243200551718473 -0.009704920463263988 0.05570795387029648
v 0.003442940069362521 -0.01049864012748003 0.055338021367788315
v 0.0029243200551718473 -0.009704920463263988 0.05570795387029648
v 0.0025237801019102335 -0.009844981133937836 0.055755022913217545
v 0.003442940069362521 -0.01049864012748003 0.055338021367788315
v 0.0025237801019102335 -0.009844981133937836 0.055755022913217545
v 0.002476530149579048 -0.010617010295391083 0.05507125332951546
v 0.0022554099559783936 -0.009925669990479946 0.05577649176120758
v 0.002476530149579048 -0.010617010295391083 0.05507125332951546
v 0.0025237801019102335 -0.009844981133937836 0.055755022913217545
v 0.0019728101324290037 -0.009981980547308922 0.055798232555389404
v 0.002476530149579048 -0.010617010295391083 0.05507125332951546
v 0.0022554099559783936 -0.009925669990479946 0.05577649176120758
v 0.0019728101324290037 -0.009981980547308922 0.055798232555389404
v 0.001733459997922182 -0.010172080248594284 0.05544402077794075
v 0.002476530149579048 -0.010617010295391083 0.05507125332951546
v 0.002476530149579048 -0.010617010295391083 0.05507125332951546
v 0.001733459997922182 -0.010172080248594284 0.05544402077794075
v 0.0017884100088849664 -0.010321250185370445 0.05511591210961342
v 0.0016675401711836457 -0.01000300981104374 0.05583743005990982
v 0.001733459997922182 -0.010172080248594284 0.05544402077794075
v 0.0019728101324290037 -0.009981980547308922 0.055798232555389404
v 0.0035235201939940453 -0.010856560431420803 0.05520966276526451
v 0.002476530149579048 -0.010617010295391083 0.05507125332951546
v 0.0010503201046958566 -0.01085239090025425 0.05468365177512169
v 0.001733459997922182 -0.010172080248594284 0.05544402077794075
v 0.0016675401711836457 -0.01000300981104374 0.05583743005990982
v 3.199999980552093e-07 -0.01000300981104374 0.05578465014696121
v 0.001733459997922182 -0.010172080248594284 0.05544402077794075
v 3.199999980552093e-07 -0.01000300981104374 0.05578465014696121
v 3.199999980552093e-07 -0.010049000382423401 0.055452290922403336
v 3.199999980552093e-07 -0.010186840780079365 0.0551728717982769
v 0.001733459997922182 -0.010172080248594284 0.05544402077794075
v 3.199999980552093e-07 -0.010049000382423401 0.055452290922403336
v 0.001733459997922182 -0.010172080248594284 0.05544402077794075
v 3.199999980552093e-07 -0.010186840780079365 0.0551728717982769
v 0.0017884100088849664 -0.010321250185370445 0.05511591210961342
v 3.199999980552093e-07 -0.010403170250356197 0.05494949221611023
v 0.0017884100088849664 -0.010321250185370445 0.05511591210961342
v 3.199999980552093e-07 -0.010186840780079365 0.0551728717982769
v 0.0017884100088849664 -0.010321250185370445 0.05511591210961342
v 3.199999980552093e-07 -0.010403170250356197 0.05494949221611023
v 0.002476530149579048 -0.010617010295391083 0.05507125332951546
v 3.199999980552093e-07 -0.010403170250356197 0.05494949221611023
v 3.199999980552093e-07 -0.010669680312275887 0.054806143045425415
v 0.002476530149579048 -0.010617010295391083 0.05507125332951546
v 0.002476530149579048 -0.010617010295391083 0.05507125332951546
v 0.0035235201939940453 -0.010856560431420803 0.05520966276526451
v 0.003442940069362521 -0.01049864012748003 0.055338021367788315
v 0.0010503201046958566 -0.01085239090025425 0.05468365177512169
v 0.002476530149579048 -0.010617010295391083 0.05507125332951546
v 3.199999980552093e-07 -0.010669680312275887 0.054806143045425415
v 0.003442940069362521 -0.01049864012748003 0.055338021367788315
v 0.0035235201939940453 -0.010856560431420803 0.05520966276526451
v 0.004619230050593615 -0.010503009893000126 0.0558013841509819
v 0.002000309992581606 -0.00900301057845354 0.057722385972738266
v 0.0019241900881752372 -0.009385690093040466 0.057722385972738266
v 0.0020642802119255066 -0.00900301057845354 0.05722060427069664
v 0.0020642802119255066 -0.00900301057845354 0.05722060427069664
v 0.0019241900881752372 -0.009385690093040466 0.057722385972738266
v 0.0017074201023206115 -0.009710120968520641 0.057722385972738266
v 0.002037250204011798 -0.009710120968520641 0.05653943121433258
v 0.002252920065075159 -0.00900301057845354 0.05674944072961807
v 0.0017074201023206115 -0.009710120968520641 0.057722385972738266
v 0.0017074201023206115 -0.009710120968520641 0.057722385972738266
v 0.002252920065075159 -0.00900301057845354 0.05674944072961807
v 0.0020642802119255066 -0.00900301057845354 0.05722060427069664
v 0.0017074201023206115 -0.009710120968520641 0.057722385972738266
v 0.0013830000534653664 -0.009926890954375267 0.057722385972738266
v 0.002037250204011798 -0.009710120968520641 0.05653943121433258
v 0.002037250204011798 -0.009710120968520641 0.05653943121433258
v 0.0013830000534653664 -0.009926890954375267 0.057722385972738266
v 0.0010003099450841546 -0.01000300981104374 0.057722385972738266
v 0.002037250204011798 -0.009710120968520641 0.05653943121433258
v 0.0010003099450841546 -0.01000300981104374 0.057722385972738266
v 0.0010433801217004657 -0.01000300981104374 0.05721588432788849
v 0.002037250204011798 -0.009710120968520641 0.05653943121433258
v 0.0010433801217004657 -0.01000300981104374 0.05721588432788849
v 0.0011724401265382767 -0.01000300981104374 0.05672397091984749
v 0.002037250204011798 -0.009710120968520641 0.05653943121433258
v 0.0011724401265382767 -0.01000300981104374 0.05672397091984749
v 0.0013821000466123223 -0.01000300981104374 0.05625980347394943
v 0.002252920065075159 -0.00900301057845354 0.05674944072961807
v 0.002037250204011798 -0.009710120968520641 0.05653943121433258
v 0.0025532899890094995 -0.00900301057845354 0.056341759860515594
v 0.0016675401711836457 -0.01000300981104374 0.05583743005990982
v 0.002037250204011798 -0.009710120968520641 0.05653943121433258
v 0.0013821000466123223 -0.01000300981104374 0.05625980347394943
v 0.002037250204011798 -0.009710120968520641 0.05653943121433258
v 0.0025237801019102335 -0.009844981133937836 0.055755022913217545
v 0.0029243200551718473 -0.009704920463263988 0.05570795387029648
v 0.0025237801019102335 -0.009844981133937836 0.055755022913217545
v 0.002037250204011798 -0.009710120968520641 0.05653943121433258
v 0.0022554099559783936 -0.009925669990479946 0.05577649176120758
v 0.0022554099559783936 -0.009925669990479946 0.05577649176120758
v 0.002037250204011798 -0.009710120968520641 0.05653943121433258
v 0.0019728101324290037 -0.009981980547308922 0.055798232555389404
v 0.0019728101324290037 -0.009981980547308922 0.055798232555389404
v 0.002037250204011798 -0.009710120968520641 0.05653943121433258
v 0.0016675401711836457 -0.01000300981104374 0.05583743005990982
v 0.0029243200551718473 -0.009704920463263988 0.05570795387029648
v 0.002946180058643222 -0.00900301057845354 0.05602274090051651
v 0.002037250204011798 -0.009710120968520641 0.05653943121433258
v 0.002037250204011798 -0.009710120968520641 0.05653943121433258
v 0.002946180058643222 -0.00900301057845354 0.05602274090051651
v 0.0025532899890094995 -0.00900301057845354 0.056341759860515594
v 0.002946180058643222 -0.00900301057845354 0.05602274090051651
v 0.0029243200551718473 -0.009704920463263988 0.05570795387029648
v 0.0034065600484609604 -0.00900301057845354 0.05581256374716759
v 0.003461400279775262 -0.009511960670351982 0.055652473121881485
v 0.0034065600484609604 -0.00900301057845354 0.05581256374716759
v 0.0029243200551718473 -0.009704920463263988 0.05570795387029648
v 0.0034065600484609604 -0.00900301057845354 0.05581256374716759
v 0.003461400279775262 -0.009511960670351982 0.055652473121881485
v 0.0039051901549100876 -0.00900301057845354 0.05572466179728508
v 0.004210600163787603 -0.009246240369975567 0.055703163146972656
v 0.0039051901549100876 -0.00900301057845354 0.05572466179728508
v 0.003461400279775262 -0.009511960670351982 0.055652473121881485
v 0.0039051901549100876 -0.00900301057845354 0.05572466179728508
v 0.004210600163787603 -0.009246240369975567 0.055703163146972656
v 0.004410970490425825 -0.00900301057845354 0.055765002965927124
v 0.004889200441539288 -0.00900301057845354 0.05593077465891838
v 0.004410970490425825 -0.00900301057845354 0.055765002965927124
v 0.004210600163787603 -0.009246240369975567 0.055703163146972656
v 3.199999980552093e-07 -0.01000300981104374 0.05652710050344467
v 0.0011724401265382767 -0.01000300981104374 0.05672397091984749
v 3.199999980552093e-07 -0.01000300981104374 0.056794703006744385
v 0.0011724401265382767 -0.01000300981104374 0.05672397091984749
v 3.199999980552093e-07 -0.01000300981104374 0.05652710050344467
v 0.0013821000466123223 -0.01000300981104374 0.05625980347394943
v 3.199999980552093e-07 -0.01000300981104374 0.05618634447455406
v 0.0013821000466123223 -0.01000300981104374 0.05625980347394943
v 3.199999980552093e-07 -0.01000300981104374 0.05652710050344467
v 0.0013821000466123223 -0.01000300981104374 0.05625980347394943
v 3.199999980552093e-07 -0.01000300981104374 0.05618634447455406
v 0.0016675401711836457 -0.01000300981104374 0.05583743005990982
v 3.199999980552093e-07 -0.01000300981104374 0.05578465014696121
v 0.0016675401711836457 -0.01000300981104374 0.05583743005990982
v 3.199999980552093e-07 -0.01000300981104374 0.05618634447455406
v 0.004619230050593615 -0.010503009893000126 0.0558013841509819
v 0.004045290406793356 -0.0100222397595644 0.05555492267012596
v 0.003442940069362521 -0.01049864012748003 0.055338021367788315
v 0.004045290406793356 -0.0100222397595644 0.05555492267012596
v 0.004619230050593615 -0.010503009893000126 0.0558013841509819
v 0.00452302023768425 -0.009487779811024666 0.055756933987140656
v 0.00452302023768425 -0.009487779811024666 0.055756933987140656
v 0.004619230050593615 -0.010503009893000126 0.0558013841509819
v 0.004889200441539288 -0.00900301057845354 0.05593077465891838
v 3.199999980552093e-07 -0.01000300981104374 0.056794703006744385
v 0.0011724401265382767 -0.01000300981104374 0.05672397091984749
v 0.0010433801217004657 -0.01000300981104374 0.05721588432788849
v -0.0009996900334954262 -0.005003009922802448 0.06405259668827057
v 0.00022284001170191914 -0.005003009922802448 0.06480972468852997
v 0.0012327000731602311 -0.005003009922802448 0.06487756967544556
v -0.0009996900334954262 -0.005003009922802448 0.06405259668827057
v -0.00022221001563593745 -0.005003009922802448 0.06480972468852997
v 0.00022284001170191914 -0.005003009922802448 0.06480972468852997
v -0.0009996900334954262 -0.005003009922802448 0.06405259668827057
v -0.0013823900371789932 -0.00507913064211607 0.057722385972738266
v -0.00136571004986763 -0.005072400439530611 0.06478465348482132
v -0.000999680021777749 -0.01000300981104374 0.06478465348482132
v -0.000999680021777749 -0.01000300981104374 0.0662846565246582
v -0.0014996901154518127 -0.009869030676782131 0.06478465348482132
v -0.0014996901154518127 -0.009869030676782131 0.06478465348482132
v -0.000999680021777749 -0.01000300981104374 0.0662846565246582
v -0.002102090045809746 -0.008945680223405361 0.06632501631975174
v 0.0010003199568018317 -0.01000300981104374 0.06478465348482132
v 0.001500290003605187 -0.009869050234556198 0.06478465348482132
v 0.0010003199568018317 -0.01000300981104374 0.0662846565246582
v 0.001500290003605187 -0.009869050234556198 0.06478465348482132
v 0.002102720085531473 -0.008945680223405361 0.06632501631975174
v 0.0010003199568018317 -0.01000300981104374 0.0662846565246582
v -0.002102090045809746 -0.005945680197328329 0.06632501631975174
v -0.001994750229641795 -0.006003010086715221 0.06492503732442856
v -0.002102090045809746 -0.008945680223405361 0.06632501631975174
v -0.001994750229641795 -0.006003010086715221 0.06492503732442856
v -0.0019996901974081993 -0.00900301057845354 0.06478465348482132
v -0.002102090045809746 -0.008945680223405361 0.06632501631975174
v 0.002102720085531473 -0.005945680197328329 0.06632501631975174
v 0.0013305600732564926 -0.005945680197328329 0.0675000324845314
v 0.0013305600732564926 -0.008945680223405361 0.0675000324845314
v 0.002102720085531473 -0.005945680197328329 0.06632501631975174
v 0.0013305600732564926 -0.008945680223405361 0.0675000324845314
v 0.002102720085531473 -0.008945680223405361 0.06632501631975174
v 0.0013305600732564926 -0.005945680197328329 0.0675000324845314
v 3.1000001854408765e-07 -0.005945680197328329 0.0679553896188736
v 3.199999980552093e-07 -0.008945680223405361 0.0679553896188736
v 0.0013305600732564926 -0.005945680197328329 0.0675000324845314
v 3.199999980552093e-07 -0.008945680223405361 0.0679553896188736
v 0.0013305600732564926 -0.008945680223405361 0.0675000324845314
v 3.1000001854408765e-07 -0.005945680197328329 0.0679553896188736
v -0.001329930149950087 -0.005945680197328329 0.0675000324845314
v -0.001329930149950087 -0.008945680223405361 0.0675000324845314
v 3.1000001854408765e-07 -0.005945680197328329 0.0679553896188736
v -0.001329930149950087 -0.008945680223405361 0.0675000324845314
v 3.199999980552093e-07 -0.008945680223405361 0.0679553896188736
v -0.001329930149950087 -0.005945680197328329 0.0675000324845314
v -0.002102090045809746 -0.005945680197328329 0.06632501631975174
v -0.002102090045809746 -0.008945680223405361 0.06632501631975174
v -0.001329930149950087 -0.005945680197328329 0.0675000324845314
v -0.002102090045809746 -0.008945680223405361 0.06632501631975174
v -0.001329930149950087 -0.008945680223405361 0.0675000324845314
v 0.002000689972192049 -0.006003010086715221 0.06478463113307953
v 0.002102720085531473 -0.005945680197328329 0.06632501631975174
v 0.002102720085531473 -0.008945680223405361 0.06632501631975174
v 0.002000689972192049 -0.006003010086715221 0.06478463113307953
v 0.002102720085531473 -0.008945680223405361 0.06632501631975174
v 0.002000320004299283 -0.00900301057845354 0.06478465348482132
v 3.00000039032966e-07 0.010996990837156773 0.0559866800904274
v 0.005974530708044767 0.01100000087171793 0.03585024178028107
v -0.005985490046441555 0.01100000087171793 0.0238006804138422
v 3.00000039032966e-07 0.010996990837156773 0.0559866800904274
v 0.002136159921064973 0.010996990837156773 0.05622231215238571
v 0.005974530708044767 0.01100000087171793 0.03585024178028107
v 0.002136159921064973 0.010996990837156773 0.05622231215238571
v 0.004169110208749771 0.010996990837156773 0.056917790323495865
v 0.005974530708044767 0.01100000087171793 0.03585024178028107
v 3.1000001854408765e-07 0.008557300083339214 0.06891865283250809
v 0.0013047800166532397 0.009651150554418564 0.07181622833013535
v 2.800000231673039e-07 0.009651150554418564 0.07195565104484558
v 3.1000001854408765e-07 0.008557300083339214 0.06891865283250809
v 0.002548020100221038 0.009651150554418564 0.07140519469976425
v 0.0013047800166532397 0.009651150554418564 0.07181622833013535
v 3.1000001854408765e-07 0.008557300083339214 0.06891865283250809
v 0.0033382701221853495 0.009492401033639908 0.07055584341287613
v 0.002548020100221038 0.009651150554418564 0.07140519469976425
v 3.1000001854408765e-07 0.008557300083339214 0.06891865283250809
v 0.0032898802310228348 0.00910510029643774 0.06940429657697678
v 0.0033382701221853495 0.009492401033639908 0.07055584341287613
v 3.1000001854408765e-07 0.008557300083339214 0.06891865283250809
v 2.800000231673039e-07 0.009651150554418564 0.07195565104484558
v -0.0013042200589552522 0.009651150554418564 0.07181620597839355
v 3.1000001854408765e-07 0.008557300083339214 0.06891865283250809
v -0.0013042200589552522 0.009651150554418564 0.07181620597839355
v -0.0025446501094847918 0.009651150554418564 0.07140520215034485
v 3.1000001854408765e-07 0.008557300083339214 0.06891865283250809
v -0.0025446501094847918 0.009651150554418564 0.07140520215034485
v -0.003338240087032318 0.00949195958673954 0.0705542266368866
v 3.1000001854408765e-07 0.008557300083339214 0.06891865283250809
v -0.003338240087032318 0.00949195958673954 0.0705542266368866
v -0.0032892499584704638 0.00910510029643774 0.06940429657697678
v 3.199999980552093e-07 0.01149699091911316 0.06590822339057922
v -0.0037378801498562098 0.01149699091911316 0.06949624419212341
v -0.0027856500819325447 0.01149699091911316 0.07025549560785294
v 3.199999980552093e-07 0.01149699091911316 0.06590822339057922
v -0.0027856500819325447 0.01149699091911316 0.07025549560785294
v -0.0022703600116074085 0.011487990617752075 0.07079403847455978
v 3.199999980552093e-07 0.01149699091911316 0.06590822339057922
v -0.0022703600116074085 0.011487990617752075 0.07079403847455978
v -0.0011612200178205967 0.011487990617752075 0.07116059213876724
v 3.199999980552093e-07 0.01149699091911316 0.06590822339057922
v -0.0011612200178205967 0.011487990617752075 0.07116059213876724
v 3.199999980552093e-07 0.011487990617752075 0.07128465920686722
v 3.199999980552093e-07 0.01149699091911316 0.06590822339057922
v 3.199999980552093e-07 0.011487990617752075 0.07128465920686722
v 0.0011387800332158804 0.011487990617752075 0.07116059213876724
v 3.199999980552093e-07 0.01149699091911316 0.06590822339057922
v 0.0011387800332158804 0.011487990617752075 0.07116059213876724
v 0.002270990051329136 0.011487990617752075 0.07079403847455978
v 3.199999980552093e-07 0.01149699091911316 0.06590822339057922
v 0.002270990051329136 0.011487990617752075 0.07079403847455978
v 0.002786280121654272 0.01149699091911316 0.07025549560785294
v 3.199999980552093e-07 0.01149699091911316 0.06590822339057922
v 0.002786280121654272 0.01149699091911316 0.07025549560785294
v 0.0037385004106909037 0.01149699091911316 0.06949624419212341
f 1 2 3
f 4 5 6
f 7 8 9
f 10 11 12
f 13 14 15
f 16 17 18
f 19 20 21
f 22 23 24
f 25 26 27
f 28 29 30
f 31 32 33
f 34 35 36
f 37 38 39
f 40 41 42
f 43 44 45
f 46 47 48
f 49 50 51
f 52 53 54
f 55 56 57
f 58 59 60
f 61 62 63
f 64 65 66
f 67 68 69
f 70 71 72
f 73 74 75
f 76 77 78
f 79 80 81
f 82 83 84
f 85 86 87
f 88 89 90
f 91 92 93
f 94 95 96
f 97 98 99
f 100 101 102
f 103 104 105
f 106 107 108
f 109 110 111
f 112 113 114
f 115 116 117
f 118 119 120
f 121 122 123
f 124 125 126
f 127 128 129
f 130 131 132
f 133 134 135
f 136 137 138
f 139 140 141
f 142 143 144
f 145 146 147
f 148 149 150
f 151 152 153
f 154 155 156
f 157 158 159
f 160 161 162
f 163 164 165
f 166 167 168
f 169 170 171
f 172 173 174
f 175 176 177
f 178 179 180
f 181 182 183
f 184 185 186
f 187 188 189
f 190 191 192
f 193 194 195
f 196 197 198
f 199 200 201
f 202 203 204
f 205 206 207
f 208 209 210
f 211 212 213
f 214 215 216
f 217 218 219
f 220 221 222
f 223 224 225
f 226 227 228
f 229 230 231
f 232 233 234
f 235 236 237
f 238 239 240
f 241 242 243
f 244 245 246
f 247 248 249
f 250 251 252
f 253 254 255
f 256 257 258
f 259 260 261
f 262 263 264
f 265 266 267
f 268 269 270
f 271 272 273
f 274 275 276
f 277 278 279
f 280 281 282
f 283 284 285
f 286 287 288
f 289 290 291
f 292 293 294
f 295 296 297
f 298 299 300
f 301 302 303
f 304 305 306
f 307 308 309
f 310 311 312
f 313 314 315
f 316 317 318
f 319 320 321
f 322 323 324
f 325 326 327
f 328 329 330
f 331 332 333
f 334 335 336
f 337 338 339
f 340 341 342
f 343 344 345
f 346 347 348
f 349 350 351
f 352 353 354
f 355 356 357
f 358 359 360
f 361 362 363
f 364 365 366
f 367 368 369
f 370 371 372
f 373 374 375
f 376 377 378
f 379 380 381
f 382 383 384
f 385 386 387
f 388 389 390
f 391 392 393
f 394 395 396
f 397 398 399
f 400 401 402
f 403 404 405
f 406 407 408
f 409 410 411
f 412 413 414
f 415 416 417
f 418 419 420
f 421 422 423
f 424 425 426
f 427 428 429
f 430 431 432
f 433 434 435
f 436 437 438
f 439 440 441
f 442 443 444
f 445 446 447
f 448 449 450
f 451 452 453
f 454 455 456
f 457 458 459
f 460 461 462
f 463 464 465
f 466 467 468
f 469 470 471
f 472 473 474
f 475 476 477
f 478 479 480
f 481 482 483
f 484 485 486
f 487 488 489
f 490 491 492
f 493 494 495
f 496 497 498
f 499 500 501
f 502 503 504
f 505 506 507
f 508 509 510
f 511 512 513
f 514 515 516
f 517 518 519
f 520 521 522
f 523 524 525
f 526 527 528
f 529 530 531
f 532 533 534
f 535 536 537
f 538 539 540
f 541 542 543
f 544 545 546
f 547 548 549
f 550 551 552
f 553 554 555
f 556 557 558
f 559 560 561
f 562 563 564
f 565 566 567
f 568 569 570
f 571 572 573
f 574 575 576
f 577 578 579
f 580 581 582
f 583 584 585
f 586 587 588
f 589 590 591
f 592 593 594
f 595 596 597
f 598 599 600
f 601 602 603
f 604 605 606
f 607 608 609
f 610 611 612
f 613 614 615
f 616 617 618
f 619 620 621
f 622 623 624
f 625 626 627
f 628 629 630
f 631 632 633
f 634 635 636
f 637 638 639
f 640 641 642
f 643 644 645
f 646 647 648
f 649 650 651
f 652 653 654
f 655 656 657
f 658 659 660
f 661 662 663
f 664 665 666
f 667 668 669
f 670 671 672
f 673 674 675
f 676 677 678
f 679 680 681
f 682 683 684
f 685 686 687
f 688 689 690
f 691 692 693
f 694 695 696
f 697 698 699
f 700 701 702
f 703 704 705
f 706 707 708
f 709 710 711
f 712 713 714
f 715 716 717
f 718 719 720
f 721 722 723
f 724 725 726
f 727 728 729
f 730 731 732
f 733 734 735
f 736 737 738
f 739 740 741
f 742 743 744
f 745 746 747
f 748 749 750
f 751 752 753
f 754 755 756
f 757 758 759
f 760 761 762
f 763 764 765
f 766 767 768
f 769 770 771
f 772 773 774
f 775 776 777
f 778 779 780
f 781 782 783
f 784 785 786
f 787 788 789
f 790 791 792
f 793 794 795
f 796 797 798
f 799 800 801
f 802 803 804
f 805 806 807
f 808 809 810
f 811 812 813
f 814 815 816
f 817 818 819
f 820 821 822
f 823 824 825
f 826 827 828
f 829 830 831
f 832 833 834
f 835 836 837
f 838 839 840
f 841 842 843
f 844 845 846
f 847 848 849
f 850 851 852
f 853 854 855
f 856 857 858
f 859 860 861
f 862 863 864
f 865 866 867
f 868 869 870
f 871 872 873
f 874 875 876
f 877 878 879
f 880 881 882
f 883 884 885
f 886 887 888
f 889 890 891
f 892 893 894
f 895 896 897
f 898 899 900
f 901 902 903
f 904 905 906
f 907 908 909
f 910 911 912
f 913 914 915
f 916 917 918
f 919 920 921
f 922 923 924
f 925 926 927
f 928 929 930
f 931 932 933
f 934 935 936
f 937 938 939
f 940 941 942
f 943 944 945
f 946 947 948
f 949 950 951
f 952 953 954
f 955 956 957
f 958 959 960
f 961 962 963
f 964 965 966
f 967 968 969
f 970 971 972
f 973 974 975
f 976 977 978
f 979 980 981
f 982 983 984
f 985 986 987
f 988 989 990
f 991 992 993
f 994 995 996
f 997 998 999
f 1000 1001 1002
f 1003 1004 1005
f 1006 1007 1008
f 1009 1010 1011
f 1012 1013 1014
f 1015 1016 1017
f 1018 1019 1020
f 1021 1022 1023
f 1024 1025 1026
f 1027 1028 1029
f 1030 1031 1032
f 1033 1034 1035
f 1036 1037 1038
f 1039 1040 1041
f 1042 1043 1044
f 1045 1046 1047
f 1048 1049 1050
f 1051 1052 1053
f 1054 1055 1056
f 1057 1058 1059
f 1060 1061 1062
f 1063 1064 1065
f 1066 1067 1068
f 1069 1070 1071
f 1072 1073 1074
f 1075 1076 1077
f 1078 1079 1080
f 1081 1082 1083
f 1084 1085 1086
f 1087 1088 1089
f 1090 1091 1092
f 1093 1094 1095
f 1096 1097 1098
f 1099 1100 1101
f 1102 1103 1104
f 1105 1106 1107
f 1108 1109 1110
f 1111 1112 1113
f 1114 1115 1116
f 1117 1118 1119
f 1120 1121 1122
f 1123 1124 1125
f 1126 1127 1128
f 1129 1130 1131
f 1132 1133 1134
f 1135 1136 1137
f 1138 1139 1140
f 1141 1142 1143
f 1144 1145 1146
f 1147 1148 1149
f 1150 1151 1152
f 1153 1154 1155
f 1156 1157 1158
f 1159 1160 1161
f 1162 1163 1164
f 1165 1166 1167
f 1168 1169 1170
f 1171 1172 1173
f 1174 1175 1176
f 1177 1178 1179
f 1180 1181 1182
f 1183 1184 1185
f 1186 1187 1188
f 1189 1190 1191
f 1192 1193 1194
f 1195 1196 1197
f 1198 1199 1200
f 1201 1202 1203
f 1204 1205 1206
f 1207 1208 1209
f 1210 1211 1212
f 1213 1214 1215
f 1216 1217 1218
f 1219 1220 1221
f 1222 1223 1224
f 1225 1226 1227
f 1228 1229 1230
f 1231 1232 1233
f 1234 1235 1236
f 1237 1238 1239
f 1240 1241 1242
f 1243 1244 1245
f 1246 1247 1248
f 1249 1250 1251
f 1252 1253 1254
f 1255 1256 1257
f 1258 1259 1260
f 1261 1262 1263
f 1264 1265 1266
f 1267 1268 1269
f 1270 1271 1272
f 1273 1274 1275
f 1276 1277 1278
f 1279 1280 1281
f 1282 1283 1284
f 1285 1286 1287
f 1288 1289 1290
f 1291 1292 1293
f 1294 1295 1296
f 1297 1298 1299
f 1300 1301 1302
f 1303 1304 1305
f 1306 1307 1308
f 1309 1310 1311
f 1312 1313 1314
f 1315 1316 1317
f 1318 1319 1320
f 1321 1322 1323
f 1324 1325 1326
f 1327 1328 1329
f 1330 1331 1332
f 1333 1334 1335
f 1336 1337 1338
f 1339 1340 1341
f 1342 1343 1344
f 1345 1346 1347
f 1348 1349 1350
f 1351 1352 1353
f 1354 1355 1356
f 1357 1358 1359
f 1360 1361 1362
f 1363 1364 1365
f 1366 1367 1368
f 1369 1370 1371
f 1372 1373 1374
f 1375 1376 1377
f 1378 1379 1380
f 1381 1382 1383
f 1384 1385 1386
f 1387 1388 1389
f 1390 1391 1392
f 1393 1394 1395
f 1396 1397 1398
f 1399 1400 1401
f 1402 1403 1404
f 1405 1406 1407
f 1408 1409 1410
f 1411 1412 1413
f 1414 1415 1416
f 1417 1418 1419
f 1420 1421 1422
f 1423 1424 1425
f 1426 1427 1428
f 1429 1430 1431
f 1432 1433 1434
f 1435 1436 1437
f 1438 1439 1440
f 1441 1442 1443
f 1444 1445 1446
f 1447 1448 1449
f 1450 1451 1452
f 1453 1454 1455
f 1456 1457 1458
f 1459 1460 1461
f 1462 1463 1464
f 1465 1466 1467
f 1468 1469 1470
f 1471 1472 1473
f 1474 1475 1476
f 1477 1478 1479
f 1480 1481 1482
f 1483 1484 1485
f 1486 1487 1488
f 1489 1490 1491
f 1492 1493 1494
f 1495 1496 1497
f 1498 1499 1500
f 1501 1502 1503
f 1504 1505 1506
f 1507 1508 1509
f 1510 1511 1512
f 1513 1514 1515
f 1516 1517 1518
f 1519 1520 1521
f 1522 1523 1524
f 1525 1526 1527
f 1528 1529 1530
f 1531 1532 1533
f 1534 1535 1536
f 1537 1538 1539
f 1540 1541 1542
f 1543 1544 1545
f 1546 1547 1548
f 1549 1550 1551
f 1552 1553 1554
f 1555 1556 1557
f 1558 1559 1560
f 1561 1562 1563
f 1564 1565 1566
f 1567 1568 1569
f 1570 1571 1572
f 1573 1574 1575
f 1576 1577 1578
f 1579 1580 1581
f 1582 1583 1584
f 1585 1586 1587
f 1588 1589 1590
f 1591 1592 1593
f 1594 1595 1596
f 1597 1598 1599
f 1600 1601 1602
f 1603 1604 1605
f 1606 1607 1608
f 1609 1610 1611
f 1612 1613 1614
f 1615 1616 1617
f 1618 1619 1620
f 1621 1622 1623
f 1624 1625 1626
f 1627 1628 1629
f 1630 1631 1632
f 1633 1634 1635
f 1636 1637 1638
f 1639 1640 1641
f 1642 1643 1644
f 1645 1646 1647
f 1648 1649 1650
f 1651 1652 1653
f 1654 1655 1656
f 1657 1658 1659
f 1660 1661 1662
f 1663 1664 1665
f 1666 1667 1668
f 1669 1670 1671
f 1672 1673 1674
f 1675 1676 1677
f 1678 1679 1680
f 1681 1682 1683
f 1684 1685 1686
f 1687 1688 1689
f 1690 1691 1692
f 1693 1694 1695
f 1696 1697 1698
f 1699 1700 1701
f 1702 1703 1704
f 1705 1706 1707
f 1708 1709 1710
f 1711 1712 1713
f 1714 1715 1716
f 1717 1718 1719
f 1720 1721 1722
f 1723 1724 1725
f 1726 1727 1728
f 1729 1730 1731
f 1732 1733 1734
f 1735 1736 1737
f 1738 1739 1740
f 1741 1742 1743
f 1744 1745 1746
f 1747 1748 1749
f 1750 1751 1752
f 1753 1754 1755
f 1756 1757 1758
f 1759 1760 1761
f 1762 1763 1764
f 1765 1766 1767
f 1768 1769 1770
f 1771 1772 1773
f 1774 1775 1776
f 1777 1778 1779
f 1780 1781 1782
f 1783 1784 1785
f 1786 1787 1788
f 1789 1790 1791
f 1792 1793 1794
f 1795 1796 1797
f 1798 1799 1800
f 1801 1802 1803
f 1804 1805 1806
f 1807 1808 1809
f 1810 1811 1812
f 1813 1814 1815
f 1816 1817 1818
f 1819 1820 1821
f 1822 1823 1824
f 1825 1826 1827
f 1828 1829 1830
f 1831 1832 1833
f 1834 1835 1836
f 1837 1838 1839
f 1840 1841 1842
f 1843 1844 1845
f 1846 1847 1848
f 1849 1850 1851
f 1852 1853 1854
f 1855 1856 1857
f 1858 1859 1860
f 1861 1862 1863
f 1864 1865 1866
f 1867 1868 1869
f 1870 1871 1872
f 1873 1874 1875
f 1876 1877 1878
f 1879 1880 1881
f 1882 1883 1884
f 1885 1886 1887
f 1888 1889 1890
f 1891 1892 1893
f 1894 1895 1896
f 1897 1898 1899
f 1900 1901 1902
f 1903 1904 1905
f 1906 1907 1908
f 1909 1910 1911
f 1912 1913 1914
f 1915 1916 1917
f 1918 1919 1920
f 1921 1922 1923
f 1924 1925 1926
f 1927 1928 1929
f 1930 1931 1932
f 1933 1934 1935
f 1936 1937 1938
f 1939 1940 1941
f 1942 1943 1944
f 1945 1946 1947
f 1948 1949 1950
f 1951 1952 1953
f 1954 1955 1956
f 1957 1958 1959
f 1960 1961 1962
f 1963 1964 1965
f 1966 1967 1968
f 1969 1970 1971
f 1972 1973 1974
f 1975 1976 1977
f 1978 1979 1980
f 1981 1982 1983
f 1984 1985 1986
f 1987 1988 1989
f 1990 1991 1992
f 1993 1994 1995
f 1996 1997 1998
f 1999 2000 2001
f 2002 2003 2004
f 2005 2006 2007
f 2008 2009 2010
f 2011 2012 2013
f 2014 2015 2016
f 2017 2018 2019
f 2020 2021 2022
f 2023 2024 2025
f 2026 2027 2028
f 2029 2030 2031
f 2032 2033 2034
f 2035 2036 2037
f 2038 2039 2040
f 2041 2042 2043
f 2044 2045 2046
f 2047 2048 2049
f 2050 2051 2052
f 2053 2054 2055
f 2056 2057 2058
f 2059 2060 2061
f 2062 2063 2064
f 2065 2066 2067
f 2068 2069 2070
f 2071 2072 2073
f 2074 2075 2076
f 2077 2078 2079
f 2080 2081 2082
f 2083 2084 2085
f 2086 2087 2088
f 2089 2090 2091
f 2092 2093 2094
f 2095 2096 2097
f 2098 2099 2100
f 2101 2102 2103
f 2104 2105 2106
f 2107 2108 2109
f 2110 2111 2112
f 2113 2114 2115
f 2116 2117 2118
f 2119 2120 2121
f 2122 2123 2124
f 2125 2126 2127
f 2128 2129 2130
f 2131 2132 2133
f 2134 2135 2136
f 2137 2138 2139
f 2140 2141 2142
f 2143 2144 2145
f 2146 2147 2148
f 2149 2150 2151
f 2152 2153 2154
f 2155 2156 2157
f 2158 2159 2160
f 2161 2162 2163
f 2164 2165 2166
f 2167 2168 2169
f 2170 2171 2172
f 2173 2174 2175
f 2176 2177 2178
f 2179 2180 2181
f 2182 2183 2184
f 2185 2186 2187
f 2188 2189 2190
f 2191 2192 2193
f 2194 2195 2196
f 2197 2198 2199
f 2200 2201 2202
f 2203 2204 2205
f 2206 2207 2208
f 2209 2210 2211
f 2212 2213 2214
f 2215 2216 2217
f 2218 2219 2220
f 2221 2222 2223
f 2224 2225 2226
f 2227 2228 2229
f 2230 2231 2232
f 2233 2234 2235
f 2236 2237 2238
f 2239 2240 2241
f 2242 2243 2244
f 2245 2246 2247
f 2248 2249 2250
f 2251 2252 2253
f 2254 2255 2256
f 2257 2258 2259
f 2260 2261 2262
f 2263 2264 2265
f 2266 2267 2268
f 2269 2270 2271
f 2272 2273 2274
f 2275 2276 2277
f 2278 2279 2280
f 2281 2282 2283
f 2284 2285 2286
f 2287 2288 2289
f 2290 2291 2292
f 2293 2294 2295
f 2296 2297 2298
f 2299 2300 2301
f 2302 2303 2304
f 2305 2306 2307
f 2308 2309 2310
f 2311 2312 2313
f 2314 2315 2316
f 2317 2318 2319
f 2320 2321 2322
f 2323 2324 2325
f 2326 2327 2328
f 2329 2330 2331
f 2332 2333 2334
f 2335 2336 2337
f 2338 2339 2340
f 2341 2342 2343
f 2344 2345 2346
f 2347 2348 2349
f 2350 2351 2352
f 2353 2354 2355
f 2356 2357 2358
f 2359 2360 2361
f 2362 2363 2364
f 2365 2366 2367
f 2368 2369 2370
f 2371 2372 2373
f 2374 2375 2376
f 2377 2378 2379
f 2380 2381 2382
f 2383 2384 2385
f 2386 2387 2388
f 2389 2390 2391
f 2392 2393 2394
f 2395 2396 2397
f 2398 2399 2400
f 2401 2402 2403
f 2404 2405 2406
f 2407 2408 2409
f 2410 2411 2412
f 2413 2414 2415
f 2416 2417 2418
f 2419 2420 2421
f 2422 2423 2424
f 2425 2426 2427
f 2428 2429 2430
f 2431 2432 2433
f 2434 2435 2436
f 2437 2438 2439
f 2440 2441 2442
f 2443 2444 2445
f 2446 2447 2448
f 2449 2450 2451
f 2452 2453 2454
f 2455 2456 2457
f 2458 2459 2460
f 2461 2462 2463
f 2464 2465 2466
f 2467 2468 2469
f 2470 2471 2472
f 2473 2474 2475
f 2476 2477 2478
f 2479 2480 2481
f 2482 2483 2484
f 2485 2486 2487
f 2488 2489 2490
f 2491 2492 2493
f 2494 2495 2496
f 2497 2498 2499
f 2500 2501 2502
f 2503 2504 2505
f 2506 2507 2508
f 2509 2510 2511
f 2512 2513 2514
f 2515 2516 2517
f 2518 2519 2520
f 2521 2522 2523
f 2524 2525 2526
f 2527 2528 2529
f 2530 2531 2532
f 2533 2534 2535
f 2536 2537 2538
f 2539 2540 2541
f 2542 2543 2544
f 2545 2546 2547
f 2548 2549 2550
f 2551 2552 2553
f 2554 2555 2556
f 2557 2558 2559
f 2560 2561 2562
f 2563 2564 2565
f 2566 2567 2568
f 2569 2570 2571
f 2572 2573 2574
f 2575 2576 2577
f 2578 2579 2580
f 2581 2582 2583
f 2584 2585 2586
f 2587 2588 2589
f 2590 2591 2592
f 2593 2594 2595
f 2596 2597 2598
f 2599 2600 2601
f 2602 2603 2604
f 2605 2606 2607
f 2608 2609 2610
f 2611 2612 2613
f 2614 2615 2616
f 2617 2618 2619
f 2620 2621 2622
f 2623 2624 2625
f 2626 2627 2628
f 2629 2630 2631
f 2632 2633 2634
f 2635 2636 2637
f 2638 2639 2640
f 2641 2642 2643
f 2644 2645 2646
f 2647 2648 2649
f 2650 2651 2652
f 2653 2654 2655
f 2656 2657 2658
f 2659 2660 2661
f 2662 2663 2664
f 2665 2666 2667
f 2668 2669 2670
f 2671 2672 2673
f 2674 2675 2676
f 2677 2678 2679
f 2680 2681 2682
f 2683 2684 2685
f 2686 2687 2688
f 2689 2690 2691
f 2692 2693 2694
f 2695 2696 2697
f 2698 2699 2700
f 2701 2702 2703
f 2704 2705 2706
f 2707 2708 2709
f 2710 2711 2712
f 2713 2714 2715
f 2716 2717 2718
f 2719 2720 2721
f 2722 2723 2724
f 2725 2726 2727
f 2728 2729 2730
f 2731 2732 2733
f 2734 2735 2736
f 2737 2738 2739
f 2740 2741 2742
f 2743 2744 2745
f 2746 2747 2748
f 2749 2750 2751
f 2752 2753 2754
f 2755 2756 2757
f 2758 2759 2760
f 2761 2762 2763
f 2764 2765 2766
f 2767 2768 2769
f 2770 2771 2772
f 2773 2774 2775
f 2776 2777 2778
f 2779 2780 2781
f 2782 2783 2784
f 2785 2786 2787
f 2788 2789 2790
f 2791 2792 2793
f 2794 2795 2796
f 2797 2798 2799
f 2800 2801 2802
f 2803 2804 2805
f 2806 2807 2808
f 2809 2810 2811
f 2812 2813 2814
f 2815 2816 2817
f 2818 2819 2820
f 2821 2822 2823
f 2824 2825 2826
f 2827 2828 2829
f 2830 2831 2832
f 2833 2834 2835
f 2836 2837 2838
f 2839 2840 2841
f 2842 2843 2844
f 2845 2846 2847
f 2848 2849 2850
f 2851 2852 2853
f 2854 2855 2856
f 2857 2858 2859
f 2860 2861 2862
f 2863 2864 2865
f 2866 2867 2868
f 2869 2870 2871
f 2872 2873 2874
f 2875 2876 2877
f 2878 2879 2880
f 2881 2882 2883
f 2884 2885 2886
f 2887 2888 2889
f 2890 2891 2892
f 2893 2894 2895
f 2896 2897 2898
f 2899 2900 2901
f 2902 2903 2904
f 2905 2906 2907
f 2908 2909 2910
f 2911 2912 2913
f 2914 2915 2916
f 2917 2918 2919
f 2920 2921 2922
f 2923 2924 2925
f 2926 2927 2928
f 2929 2930 2931
f 2932 2933 2934
f 2935 2936 2937
f 2938 2939 2940
f 2941 2942 2943
f 2944 2945 2946
f 2947 2948 2949
f 2950 2951 2952
f 2953 2954 2955
f 2956 2957 2958
f 2959 2960 2961
f 2962 2963 2964
f 2965 2966 2967
f 2968 2969 2970
f 2971 2972 2973
f 2974 2975 2976
f 2977 2978 2979
f 2980 2981 2982
f 2983 2984 2985
f 2986 2987 2988
f 2989 2990 2991
f 2992 2993 2994
f 2995 2996 2997
f 2998 2999 3000
f 3001 3002 3003
f 3004 3005 3006
f 3007 3008 3009
f 3010 3011 3012
f 3013 3014 3015
f 3016 3017 3018
f 3019 3020 3021
f 3022 3023 3024
f 3025 3026 3027
f 3028 3029 3030
f 3031 3032 3033
f 3034 3035 3036
f 3037 3038 3039
f 3040 3041 3042
f 3043 3044 3045
f 3046 3047 3048
f 3049 3050 3051
f 3052 3053 3054
f 3055 3056 3057
f 3058 3059 3060
f 3061 3062 3063
f 3064 3065 3066
f 3067 3068 3069
f 3070 3071 3072
f 3073 3074 3075
f 3076 3077 3078
f 3079 3080 3081
f 3082 3083 3084
f 3085 3086 3087
f 3088 3089 3090
f 3091 3092 3093
f 3094 3095 3096
f 3097 3098 3099
f 3100 3101 3102
f 3103 3104 3105
f 3106 3107 3108
f 3109 3110 3111
f 3112 3113 3114
f 3115 3116 3117
f 3118 3119 3120
f 3121 3122 3123
f 3124 3125 3126
f 3127 3128 3129
f 3130 3131 3132
f 3133 3134 3135
f 3136 3137 3138
f 3139 3140 3141
f 3142 3143 3144
f 3145 3146 3147
f 3148 3149 3150
f 3151 3152 3153
f 3154 3155 3156
f 3157 3158 3159
f 3160 3161 3162
f 3163 3164 3165
f 3166 3167 3168
f 3169 3170 3171
f 3172 3173 3174
f 3175 3176 3177
f 3178 3179 3180
f 3181 3182 3183
f 3184 3185 3186
f 3187 3188 3189
f 3190 3191 3192
f 3193 3194 3195
f 3196 3197 3198
f 3199 3200 3201
f 3202 3203 3204
f 3205 3206 3207
f 3208 3209 3210
f 3211 3212 3213
f 3214 3215 3216
f 3217 3218 3219
f 3220 3221 3222
f 3223 3224 3225
f 3226 3227 3228
f 3229 3230 3231
f 3232 3233 3234
f 3235 3236 3237
f 3238 3239 3240
f 3241 3242 3243
f 3244 3245 3246
f 3247 3248 3249
f 3250 3251 3252
f 3253 3254 3255
f 3256 3257 3258
f 3259 3260 3261
f 3262 3263 3264
f 3265 3266 3267
f 3268 3269 3270
f 3271 3272 3273
f 3274 3275 3276
f 3277 3278 3279
f 3280 3281 3282
f 3283 3284 3285
f 3286 3287 3288
f 3289 3290 3291
f 3292 3293 3294
f 3295 3296 3297
f 3298 3299 3300
f 3301 3302 3303
f 3304 3305 3306
f 3307 3308 3309
f 3310 3311 3312
f 3313 3314 3315
f 3316 3317 3318
f 3319 3320 3321
f 3322 3323 3324
f 3325 3326 3327
f 3328 3329 3330
f 3331 3332 3333
f 3334 3335 3336
f 3337 3338 3339
f 3340 3341 3342
f 3343 3344 3345
f 3346 3347 3348
f 3349 3350 3351
f 3352 3353 3354
f 3355 3356 3357
f 3358 3359 3360
f 3361 3362 3363
f 3364 3365 3366
f 3367 3368 3369
f 3370 3371 3372
f 3373 3374 3375
f 3376 3377 3378
f 3379 3380 3381
f 3382 3383 3384
f 3385 3386 3387
f 3388 3389 3390
f 3391 3392 3393
f 3394 3395 3396
f 3397 3398 3399
f 3400 3401 3402
f 3403 3404 3405
f 3406 3407 3408
f 3409 3410 3411
f 3412 3413 3414
f 3415 3416 3417
f 3418 3419 3420
f 3421 3422 3423
f 3424 3425 3426
f 3427 3428 3429
f 3430 3431 3432
f 3433 3434 3435
f 3436 3437 3438
f 3439 3440 3441
f 3442 3443 3444
f 3445 3446 3447
f 3448 3449 3450
f 3451 3452 3453
f 3454 3455 3456
f 3457 3458 3459
f 3460 3461 3462
f 3463 3464 3465
f 3466 3467 3468
f 3469 3470 3471
f 3472 3473 3474
f 3475 3476 3477
f 3478 3479 3480
f 3481 3482 3483
f 3484 3485 3486
f 3487 3488 3489
f 3490 3491 3492
f 3493 3494 3495
f 3496 3497 3498
f 3499 3500 3501
f 3502 3503 3504
f 3505 3506 3507
f 3508 3509 3510
f 3511 3512 3513
f 3514 3515 3516
f 3517 3518 3519
f 3520 3521 3522
f 3523 3524 3525
f 3526 3527 3528
f 3529 3530 3531
f 3532 3533 3534
f 3535 3536 3537
f 3538 3539 3540
f 3541 3542 3543
f 3544 3545 3546
f 3547 3548 3549
f 3550 3551 3552
f 3553 3554 3555
f 3556 3557 3558
f 3559 3560 3561
f 3562 3563 3564
f 3565 3566 3567
f 3568 3569 3570
f 3571 3572 3573
f 3574 3575 3576
f 3577 3578 3579
f 3580 3581 3582
f 3583 3584 3585
f 3586 3587 3588
f 3589 3590 3591
f 3592 3593 3594
f 3595 3596 3597
f 3598 3599 3600
f 3601 3602 3603
f 3604 3605 3606
f 3607 3608 3609
f 3610 3611 3612
f 3613 3614 3615
f 3616 3617 3618
f 3619 3620 3621
f 3622 3623 3624
f 3625 3626 3627
f 3628 3629 3630
f 3631 3632 3633
f 3634 3635 3636
f 3637 3638 3639
f 3640 3641 3642
f 3643 3644 3645
f 3646 3647 3648
f 3649 3650 3651
f 3652 3653 3654
f 3655 3656 3657
f 3658 3659 3660
f 3661 3662 3663
f 3664 3665 3666
f 3667 3668 3669
f 3670 3671 3672
f 3673 3674 3675
f 3676 3677 3678
f 3679 3680 3681
f 3682 3683 3684
f 3685 3686 3687
f 3688 3689 3690
f 3691 3692 3693
f 3694 3695 3696
f 3697 3698 3699
f 3700 3701 3702
f 3703 3704 3705
f 3706 3707 3708
f 3709 3710 3711
f 3712 3713 3714
f 3715 3716 3717
f 3718 3719 3720
f 3721 3722 3723
f 3724 3725 3726
f 3727 3728 3729
f 3730 3731 3732
f 3733 3734 3735
f 3736 3737 3738
f 3739 3740 3741
f 3742 3743 3744
f 3745 3746 3747
f 3748 3749 3750
f 3751 3752 3753
f 3754 3755 3756
f 3757 3758 3759
f 3760 3761 3762
f 3763 3764 3765
f 3766 3767 3768
f 3769 3770 3771
f 3772 3773 3774
f 3775 3776 3777
f 3778 3779 3780
f 3781 3782 3783
f 3784 3785 3786
f 3787 3788 3789
f 3790 3791 3792
f 3793 3794 3795
f 3796 3797 3798
f 3799 3800 3801
f 3802 3803 3804
f 3805 3806 3807
f 3808 3809 3810
f 3811 3812 3813
f 3814 3815 3816
f 3817 3818 3819
f 3820 3821 3822
f 3823 3824 3825
f 3826 3827 3828
f 3829 3830 3831
f 3832 3833 3834
f 3835 3836 3837
f 3838 3839 3840
f 3841 3842 3843
f 3844 3845 3846
f 3847 3848 3849
f 3850 3851 3852
f 3853 3854 3855
f 3856 3857 3858
f 3859 3860 3861
f 3862 3863 3864
f 3865 3866 3867
f 3868 3869 3870
f 3871 3872 3873
f 3874 3875 3876
f 3877 3878 3879
f 3880 3881 3882
f 3883 3884 3885
f 3886 3887 3888
f 3889 3890 3891
f 3892 3893 3894
f 3895 3896 3897
f 3898 3899 3900
f 3901 3902 3903
f 3904 3905 3906
f 3907 3908 3909
f 3910 3911 3912
f 3913 3914 3915
f 3916 3917 3918
f 3919 3920 3921
f 3922 3923 3924
f 3925 3926 3927
f 3928 3929 3930
f 3931 3932 3933
f 3934 3935 3936
f 3937 3938 3939
f 3940 3941 3942
f 3943 3944 3945
f 3946 3947 3948
f 3949 3950 3951
f 3952 3953 3954
f 3955 3956 3957
f 3958 3959 3960
f 3961 3962 3963
f 3964 3965 3966
f 3967 3968 3969
f 3970 3971 3972
f 3973 3974 3975
f 3976 3977 3978
f 3979 3980 3981
f 3982 3983 3984
f 3985 3986 3987
f 3988 3989 3990
f 3991 3992 3993
f 3994 3995 3996
f 3997 3998 3999
f 4000 4001 4002
f 4003 4004 4005
f 4006 4007 4008
f 4009 4010 4011
f 4012 4013 4014
f 4015 4016 4017
f 4018 4019 4020
f 4021 4022 4023
f 4024 4025 4026
f 4027 4028 4029
f 4030 4031 4032
f 4033 4034 4035
f 4036 4037 4038
f 4039 4040 4041
f 4042 4043 4044
f 4045 4046 4047
f 4048 4049 4050
f 4051 4052 4053
f 4054 4055 4056
f 4057 4058 4059
f 4060 4061 4062
f 4063 4064 4065
f 4066 4067 4068
f 4069 4070 4071
f 4072 4073 4074
f 4075 4076 4077
f 4078 4079 4080
f 4081 4082 4083
f 4084 4085 4086
f 4087 4088 4089
f 4090 4091 4092
f 4093 4094 4095
f 4096 4097 4098
f 4099 4100 4101
f 4102 4103 4104
f 4105 4106 4107
f 4108 4109 4110
f 4111 4112 4113
f 4114 4115 4116
f 4117 4118 4119
f 4120 4121 4122
f 4123 4124 4125
f 4126 4127 4128
f 4129 4130 4131
f 4132 4133 4134
f 4135 4136 4137
f 4138 4139 4140
f 4141 4142 4143
f 4144 4145 4146
f 4147 4148 4149
f 4150 4151 4152
f 4153 4154 4155
f 4156 4157 4158
f 4159 4160 4161
f 4162 4163 4164
f 4165 4166 4167
f 4168 4169 4170
f 4171 4172 4173
f 4174 4175 4176
f 4177 4178 4179
f 4180 4181 4182
f 4183 4184 4185
f 4186 4187 4188
f 4189 4190 4191
f 4192 4193 4194
f 4195 4196 4197
f 4198 4199 4200
f 4201 4202 4203
f 4204 4205 4206
f 4207 4208 4209
f 4210 4211 4212
f 4213 4214 4215
f 4216 4217 4218
f 4219 4220 4221
f 4222 4223 4224
f 4225 4226 4227
f 4228 4229 4230
f 4231 4232 4233
f 4234 4235 4236
f 4237 4238 4239
f 4240 4241 4242
f 4243 4244 4245
f 4246 4247 4248
f 4249 4250 4251
f 4252 4253 4254
f 4255 4256 4257
f 4258 4259 4260
f 4261 4262 4263
f 4264 4265 4266
f 4267 4268 4269
f 4270 4271 4272
f 4273 4274 4275
f 4276 4277 4278
f 4279 4280 4281
f 4282 4283 4284
f 4285 4286 4287
f 4288 4289 4290
f 4291 4292 4293
f 4294 4295 4296
f 4297 4298 4299
f 4300 4301 4302
f 4303 4304 4305
f 4306 4307 4308
f 4309 4310 4311
f 4312 4313 4314
f 4315 4316 4317
f 4318 4319 4320
f 4321 4322 4323
f 4324 4325 4326
f 4327 4328 4329
f 4330 4331 4332
f 4333 4334 4335
f 4336 4337 4338
f 4339 4340 4341
f 4342 4343 4344
f 4345 4346 4347
f 4348 4349 4350
f 4351 4352 4353
f 4354 4355 4356
f 4357 4358 4359
f 4360 4361 4362
f 4363 4364 4365
f 4366 4367 4368
f 4369 4370 4371
f 4372 4373 4374
f 4375 4376 4377
f 4378 4379 4380
f 4381 4382 4383
f 4384 4385 4386
f 4387 4388 4389
f 4390 4391 4392
f 4393 4394 4395
f 4396 4397 4398
f 4399 4400 4401
f 4402 4403 4404
f 4405 4406 4407
f 4408 4409 4410
f 4411 4412 4413
f 4414 4415 4416
f 4417 4418 4419
f 4420 4421 4422
f 4423 4424 4425
f 4426 4427 4428
f 4429 4430 4431
f 4432 4433 4434
f 4435 4436 4437
f 4438 4439 4440
f 4441 4442 4443
f 4444 4445 4446
f 4447 4448 4449
f 4450 4451 4452
f 4453 4454 4455
f 4456 4457 4458
f 4459 4460 4461
f 4462 4463 4464
