v -0.010522790253162384 -0.0012865799944847822 0.004406040534377098
v -0.010822110809385777 0.001894510118290782 2.984000093420036e-05
v -0.010822110809385777 -0.0019846102222800255 2.984000093420036e-05
v -0.010522790253162384 0.0011964801233261824 0.004406040534377098
v -0.010822110809385777 0.001894510118290782 2.984000093420036e-05
v -0.010522790253162384 -0.0012865799944847822 0.004406040534377098
v -0.010437720455229282 0.0034246002323925495 2.9830000130459666e-05
v -0.010822110809385777 0.001894510118290782 2.984000093420036e-05
v -0.010522790253162384 0.0011964801233261824 0.004406040534377098
v -0.01001191046088934 0.0034850002266466618 0.00444190064445138
v -0.010437720455229282 0.0034246002323925495 2.9830000130459666e-05
v -0.010522790253162384 0.0011964801233261824 0.004406040534377098
v -0.01001191046088934 0.0034850002266466618 0.00444190064445138
v -0.009247380308806896 0.005485400557518005 0.003309540217742324
v -0.009532060474157333 0.005507700145244598 2.984000093420036e-05
v -0.010437720455229282 0.0034246002323925495 2.9830000130459666e-05
v -0.01001191046088934 0.0034850002266466618 0.00444190064445138
v -0.009532060474157333 0.005507700145244598 2.984000093420036e-05
v -0.008769161067903042 0.0055412002839148045 0.006529210601001978
v -0.009247380308806896 0.005485400557518005 0.003309540217742324
v -0.01001191046088934 0.0034850002266466618 0.00444190064445138
v -0.010522790253162384 -0.0012865799944847822 0.004406040534377098
v -0.009899340569972992 -0.0014176900731399655 0.008782400749623775
v -0.010522790253162384 0.0011964801233261824 0.004406040534377098
v -0.010522790253162384 0.0011964801233261824 0.004406040534377098
v -0.009899340569972992 0.0013275900855660439 0.008782400749623775
v -0.01001191046088934 0.0034850002266466618 0.00444190064445138
v -0.009899340569972992 0.0013275900855660439 0.008782400749623775
v -0.010522790253162384 0.0011964801233261824 0.004406040534377098
v -0.009899340569972992 -0.0014176900731399655 0.008782400749623775
v -0.009345239959657192 0.003612600266933441 0.008853960782289505
v -0.01001191046088934 0.0034850002266466618 0.00444190064445138
v -0.009899340569972992 0.0013275900855660439 0.008782400749623775
v -0.01001191046088934 0.0034850002266466618 0.00444190064445138
v -0.009345239959657192 0.003612600266933441 0.008853960782289505
v -0.008769161067903042 0.0055412002839148045 0.006529210601001978
v -0.008046290837228298 0.005528900306671858 0.011159130372107029
v -0.008769161067903042 0.0055412002839148045 0.006529210601001978
v -0.009345239959657192 0.003612600266933441 0.008853960782289505
v -0.009899340569972992 -0.0014176900731399655 0.008782400749623775
v -0.009264711290597916 -0.001457340084016323 0.01315861102193594
v -0.009899340569972992 0.0013275900855660439 0.008782400749623775
v -0.009899340569972992 0.0013275900855660439 0.008782400749623775
v -0.009264711290597916 0.0013672399800270796 0.01315861102193594
v -0.009345239959657192 0.003612600266933441 0.008853960782289505
v -0.009264711290597916 0.0013672399800270796 0.01315861102193594
v -0.009899340569972992 0.0013275900855660439 0.008782400749623775
v -0.009264711290597916 -0.001457340084016323 0.01315861102193594
v -0.008712460286915302 0.0035727000795304775 0.01326610054820776
v -0.009345239959657192 0.003612600266933441 0.008853960782289505
v -0.009264711290597916 0.0013672399800270796 0.01315861102193594
v -0.009345239959657192 0.003612600266933441 0.008853960782289505
v -0.008712460286915302 0.0035727000795304775 0.01326610054820776
v -0.008046290837228298 0.005528900306671858 0.011159130372107029
v -0.007622880395501852 0.005231100134551525 0.015496380627155304
v -0.008046290837228298 0.005528900306671858 0.011159130372107029
v -0.008712460286915302 0.0035727000795304775 0.01326610054820776
v -0.009264711290597916 -0.001457340084016323 0.01315861102193594
v -0.008796180598437786 -0.0012910800287500024 0.01753488928079605
v -0.009264711290597916 0.0013672399800270796 0.01315861102193594
v -0.008796180598437786 0.0012009800411760807 0.01753488928079605
v -0.009264711290597916 0.0013672399800270796 0.01315861102193594
v -0.008796180598437786 -0.0012910800287500024 0.01753488928079605
v -0.009264711290597916 0.0013672399800270796 0.01315861102193594
v -0.008796180598437786 0.0012009800411760807 0.01753488928079605
v -0.008712460286915302 0.0035727000795304775 0.01326610054820776
v -0.008712460286915302 0.0035727000795304775 0.01326610054820776
v -0.008362090215086937 0.0031253001652657986 0.017678089439868927
v -0.007622880395501852 0.005231100134551525 0.015496380627155304
v -0.008362090215086937 0.0031253001652657986 0.017678089439868927
v -0.008712460286915302 0.0035727000795304775 0.01326610054820776
v -0.008796180598437786 0.0012009800411760807 0.01753488928079605
v -0.007649890147149563 0.004795000422745943 0.018136709928512573
v -0.007622880395501852 0.005231100134551525 0.015496380627155304
v -0.008362090215086937 0.0031253001652657986 0.017678089439868927
v -0.008796180598437786 -0.0012910800287500024 0.01753488928079605
v -0.008533130399882793 -0.0009657000191509724 0.02191118150949478
v -0.008796180598437786 0.0012009800411760807 0.01753488928079605
v -0.008796180598437786 0.0012009800411760807 0.01753488928079605
v -0.008533130399882793 0.0008756000315770507 0.02191118150949478
v -0.008362090215086937 0.0031253001652657986 0.017678089439868927
v -0.008533130399882793 0.0008756000315770507 0.02191118150949478
v -0.008796180598437786 0.0012009800411760807 0.01753488928079605
v -0.008533130399882793 -0.0009657000191509724 0.02191118150949478
v -0.008315770886838436 0.0024117999710142612 0.02209022082388401
v -0.008362090215086937 0.0031253001652657986 0.017678089439868927
v -0.008533130399882793 0.0008756000315770507 0.02191118150949478
v -0.008315770886838436 0.0024117999710142612 0.02209022082388401
v -0.007821070961654186 0.0043186005204916 0.02058139070868492
v -0.007649890147149563 0.004795000422745943 0.018136709928512573
v -0.008362090215086937 0.0031253001652657986 0.017678089439868927
v -0.008315770886838436 0.0024117999710142612 0.02209022082388401
v -0.007649890147149563 0.004795000422745943 0.018136709928512573
v -0.00802359078079462 0.0039446004666388035 0.022843291983008385
v -0.007821070961654186 0.0043186005204916 0.02058139070868492
v -0.008315770886838436 0.0024117999710142612 0.02209022082388401
v -0.008533130399882793 -0.0009657000191509724 0.02191118150949478
v -0.008305380120873451 -0.0007906200480647385 0.026287391781806946
v -0.008533130399882793 0.0008756000315770507 0.02191118150949478
v -0.008305380120873451 0.0007005200022831559 0.026287401095032692
v -0.008533130399882793 0.0008756000315770507 0.02191118150949478
v -0.008305380120873451 -0.0007906200480647385 0.026287391781806946
v -0.008533130399882793 0.0008756000315770507 0.02191118150949478
v -0.008305380120873451 0.0007005200022831559 0.026287401095032692
v -0.008315770886838436 0.0024117999710142612 0.02209022082388401
v -0.008288539946079254 0.0016986799892038107 0.026404062286019325
v -0.008184040896594524 0.0037582002114504576 0.024933991953730583
v -0.00802359078079462 0.0039446004666388035 0.022843291983008385
v -0.008315770886838436 0.0024117999710142612 0.02209022082388401
v -0.008288539946079254 0.0016986799892038107 0.026404062286019325
v -0.00802359078079462 0.0039446004666388035 0.022843291983008385
v -0.008315770886838436 0.0024117999710142612 0.02209022082388401
v -0.008305380120873451 0.0007005200022831559 0.026287401095032692
v -0.008288539946079254 0.0016986799892038107 0.026404062286019325
v -0.008258630521595478 0.003802400315180421 0.026862910017371178
v -0.008184040896594524 0.0037582002114504576 0.024933991953730583
v -0.008288539946079254 0.0016986799892038107 0.026404062286019325
v -0.007062280550599098 0.008400199934840202 2.984000093420036e-05
v -0.009532060474157333 0.005507700145244598 2.984000093420036e-05
v -0.008386200293898582 0.006912800017744303 0.002416820265352726
v -0.007246830500662327 0.008137700147926807 0.0024622802156955004
v -0.007062280550599098 0.008400199934840202 2.984000093420036e-05
v -0.008386200293898582 0.006912800017744303 0.002416820265352726
v -0.005940100643783808 0.009156600572168827 0.0025098000187426805
v -0.004471940454095602 0.009969900362193584 0.002481450093910098
v -0.003756060265004635 0.010294000618159771 2.975999996124301e-05
v -0.007062280550599098 0.008400199934840202 2.984000093420036e-05
v -0.005940100643783808 0.009156600572168827 0.0025098000187426805
v -0.003756060265004635 0.010294000618159771 2.975999996124301e-05
v -0.005940100643783808 0.009156600572168827 0.0025098000187426805
v -0.007062280550599098 0.008400199934840202 2.984000093420036e-05
v -0.007246830500662327 0.008137700147926807 0.0024622802156955004
v -0.009532060474157333 0.005507700145244598 2.984000093420036e-05
v -0.009247380308806896 0.005485400557518005 0.003309540217742324
v -0.008386200293898582 0.006912800017744303 0.002416820265352726
v -0.002758400049060583 0.010495800524950027 0.0036232101265341043
v -0.003756060265004635 0.010294000618159771 2.975999996124301e-05
v -0.004471940454095602 0.009969900362193584 0.002481450093910098
v -0.00807380024343729 0.006894600111991167 0.004803580231964588
v -0.008386200293898582 0.006912800017744303 0.002416820265352726
v -0.009247380308806896 0.005485400557518005 0.003309540217742324
v -0.008386200293898582 0.006912800017744303 0.002416820265352726
v -0.00807380024343729 0.006894600111991167 0.004803580231964588
v -0.007246830500662327 0.008137700147926807 0.0024622802156955004
v -0.00695048039779067 0.008052900433540344 0.004894520156085491
v -0.007246830500662327 0.008137700147926807 0.0024622802156955004
v -0.00807380024343729 0.006894600111991167 0.004803580231964588
v -0.007246830500662327 0.008137700147926807 0.0024622802156955004
v -0.00695048039779067 0.008052900433540344 0.004894520156085491
v -0.005940100643783808 0.009156600572168827 0.0025098000187426805
v -0.009247380308806896 0.005485400557518005 0.003309540217742324
v -0.008769161067903042 0.0055412002839148045 0.006529210601001978
v -0.00807380024343729 0.006894600111991167 0.004803580231964588
v -0.0042856899090111256 0.00979750044643879 0.004932990297675133
v -0.004471940454095602 0.009969900362193584 0.002481450093910098
v -0.005940100643783808 0.009156600572168827 0.0025098000187426805
v -0.004471940454095602 0.009969900362193584 0.002481450093910098
v -0.0042856899090111256 0.00979750044643879 0.004932990297675133
v -0.002758400049060583 0.010495800524950027 0.0036232101265341043
v -0.005940100643783808 0.009156600572168827 0.0025098000187426805
v -0.005690280348062515 0.009010100737214088 0.004989830311387777
v -0.0042856899090111256 0.00979750044643879 0.004932990297675133
v -0.005690280348062515 0.009010100737214088 0.004989830311387777
v -0.005940100643783808 0.009156600572168827 0.0025098000187426805
v -0.00695048039779067 0.008052900433540344 0.004894520156085491
v -0.0076840403489768505 0.006864000111818314 0.0071902102790772915
v -0.00807380024343729 0.006894600111991167 0.004803580231964588
v -0.008769161067903042 0.0055412002839148045 0.006529210601001978
v -0.00807380024343729 0.006894600111991167 0.004803580231964588
v -0.0076840403489768505 0.006864000111818314 0.0071902102790772915
v -0.00695048039779067 0.008052900433540344 0.004894520156085491
v -0.006593110505491495 0.007908900268375874 0.007326820399612188
v -0.00695048039779067 0.008052900433540344 0.004894520156085491
v -0.0076840403489768505 0.006864000111818314 0.0071902102790772915
v -0.00695048039779067 0.008052900433540344 0.004894520156085491
v -0.006593110505491495 0.007908900268375874 0.007326820399612188
v -0.005690280348062515 0.009010100737214088 0.004989830311387777
v -0.0042856899090111256 0.00979750044643879 0.004932990297675133
v -0.004120860248804092 0.009519200772047043 0.0073845903389155865
v -0.002758400049060583 0.010495800524950027 0.0036232101265341043
v -0.004120860248804092 0.009519200772047043 0.0073845903389155865
v -0.0042856899090111256 0.00979750044643879 0.004932990297675133
v -0.005690280348062515 0.009010100737214088 0.004989830311387777
v -0.002575760008767247 0.010095300152897835 0.0074150701984763145
v -0.002758400049060583 0.010495800524950027 0.0036232101265341043
v -0.004120860248804092 0.009519200772047043 0.0073845903389155865
v -0.005690280348062515 0.009010100737214088 0.004989830311387777
v -0.00541925011202693 0.008768100291490555 0.007469870615750551
v -0.004120860248804092 0.009519200772047043 0.0073845903389155865
v -0.00541925011202693 0.008768100291490555 0.007469870615750551
v -0.005690280348062515 0.009010100737214088 0.004989830311387777
v -0.006593110505491495 0.007908900268375874 0.007326820399612188
v -0.0076840403489768505 0.006864000111818314 0.0071902102790772915
v -0.007287990301847458 0.00680580036714673 0.009576910175383091
v -0.006593110505491495 0.007908900268375874 0.007326820399612188
v -0.007287990301847458 0.00680580036714673 0.009576910175383091
v -0.0076840403489768505 0.006864000111818314 0.0071902102790772915
v -0.008769161067903042 0.0055412002839148045 0.006529210601001978
v -0.008769161067903042 0.0055412002839148045 0.006529210601001978
v -0.008046290837228298 0.005528900306671858 0.011159130372107029
v -0.007287990301847458 0.00680580036714673 0.009576910175383091
v -0.0062370202504098415 0.007739400491118431 0.009759130887687206
v -0.006593110505491495 0.007908900268375874 0.007326820399612188
v -0.007287990301847458 0.00680580036714673 0.009576910175383091
v -0.006593110505491495 0.007908900268375874 0.007326820399612188
v -0.0062370202504098415 0.007739400491118431 0.009759130887687206
v -0.00541925011202693 0.008768100291490555 0.007469870615750551
v -0.004120860248804092 0.009519200772047043 0.0073845903389155865
v -0.003957870416343212 0.009220700711011887 0.009836200624704361
v -0.002575760008767247 0.010095300152897835 0.0074150701984763145
v -0.003957870416343212 0.009220700711011887 0.009836200624704361
v -0.004120860248804092 0.009519200772047043 0.0073845903389155865
v -0.00541925011202693 0.008768100291490555 0.007469870615750551
v -0.00515147065743804 0.008507301099598408 0.009949910454452038
v -0.00541925011202693 0.008768100291490555 0.007469870615750551
v -0.0062370202504098415 0.007739400491118431 0.009759130887687206
v -0.00541925011202693 0.008768100291490555 0.007469870615750551
v -0.00515147065743804 0.008507301099598408 0.009949910454452038
v -0.003957870416343212 0.009220700711011887 0.009836200624704361
v -0.0024055601097643375 0.009642100892961025 0.011242000386118889
v -0.002575760008767247 0.010095300152897835 0.0074150701984763145
v -0.003957870416343212 0.009220700711011887 0.009836200624704361
v -0.007287990301847458 0.00680580036714673 0.009576910175383091
v -0.006956850178539753 0.006705000065267086 0.011963600292801857
v -0.0062370202504098415 0.007739400491118431 0.009759130887687206
v -0.006956850178539753 0.006705000065267086 0.011963600292801857
v -0.007287990301847458 0.00680580036714673 0.009576910175383091
v -0.008046290837228298 0.005528900306671858 0.011159130372107029
v -0.005944280419498682 0.007577600423246622 0.012191430665552616
v -0.0062370202504098415 0.007739400491118431 0.009759130887687206
v -0.006956850178539753 0.006705000065267086 0.011963600292801857
v -0.0062370202504098415 0.007739400491118431 0.009759130887687206
v -0.005944280419498682 0.007577600423246622 0.012191430665552616
v -0.00515147065743804 0.008507301099598408 0.009949910454452038
v -0.003957870416343212 0.009220700711011887 0.009836200624704361
v -0.0037774902302771807 0.008987699635326862 0.012287810444831848
v -0.0024055601097643375 0.009642100892961025 0.011242000386118889
v -0.0037774902302771807 0.008987699635326862 0.012287810444831848
v -0.003957870416343212 0.009220700711011887 0.009836200624704361
v -0.00515147065743804 0.008507301099598408 0.009949910454452038
v -0.00515147065743804 0.008507301099598408 0.009949910454452038
v -0.00491141015663743 0.00830410048365593 0.012429940514266491
v -0.0037774902302771807 0.008987699635326862 0.012287810444831848
v -0.00491141015663743 0.00830410048365593 0.012429940514266491
v -0.00515147065743804 0.008507301099598408 0.009949910454452038
v -0.005944280419498682 0.007577600423246622 0.012191430665552616
v -0.006956850178539753 0.006705000065267086 0.011963600292801857
v -0.008046290837228298 0.005528900306671858 0.011159130372107029
v -0.007622880395501852 0.005231100134551525 0.015496380627155304
v -0.006761900149285793 0.006546600256115198 0.014350300654768944
v -0.006956850178539753 0.006705000065267086 0.011963600292801857
v -0.007622880395501852 0.005231100134551525 0.015496380627155304
v -0.006956850178539753 0.006705000065267086 0.011963600292801857
v -0.006761900149285793 0.006546600256115198 0.014350300654768944
v -0.005944280419498682 0.007577600423246622 0.012191430665552616
v -0.005944280419498682 0.007577600423246622 0.012191430665552616
v -0.005777120590209961 0.007457000203430653 0.014623740687966347
v -0.00491141015663743 0.00830410048365593 0.012429940514266491
v -0.005777120590209961 0.007457000203430653 0.014623740687966347
v -0.005944280419498682 0.007577600423246622 0.012191430665552616
v -0.006761900149285793 0.006546600256115198 0.014350300654768944
v -0.003560270182788372 0.008905800059437752 0.014739351347088814
v -0.0037774902302771807 0.008987699635326862 0.012287810444831848
v -0.00491141015663743 0.00830410048365593 0.012429940514266491
v -0.0037774902302771807 0.008987699635326862 0.012287810444831848
v -0.003560270182788372 0.008905800059437752 0.014739351347088814
v -0.0024055601097643375 0.009642100892961025 0.011242000386118889
v -0.004723380319774151 0.008235200308263302 0.014909980818629265
v -0.00491141015663743 0.00830410048365593 0.012429940514266491
v -0.005777120590209961 0.007457000203430653 0.014623740687966347
v -0.00491141015663743 0.00830410048365593 0.012429940514266491
v -0.004723380319774151 0.008235200308263302 0.014909980818629265
v -0.003560270182788372 0.008905800059437752 0.014739351347088814
v -0.0021385501604527235 0.009432900696992874 0.014942430891096592
v -0.0024055601097643375 0.009642100892961025 0.011242000386118889
v -0.003560270182788372 0.008905800059437752 0.014739351347088814
v -0.006761900149285793 0.006546600256115198 0.014350300654768944
v -0.0067735705524683 0.006315900012850761 0.01673700101673603
v -0.005777120590209961 0.007457000203430653 0.014623740687966347
v -0.0067735705524683 0.006315900012850761 0.01673700101673603
v -0.006761900149285793 0.006546600256115198 0.014350300654768944
v -0.007622880395501852 0.005231100134551525 0.015496380627155304
v -0.005777120590209961 0.007457000203430653 0.014623740687966347
v -0.005795640405267477 0.007410500198602676 0.017056049779057503
v -0.004723380319774151 0.008235200308263302 0.014909980818629265
v -0.005795640405267477 0.007410500198602676 0.017056049779057503
v -0.005777120590209961 0.007457000203430653 0.014623740687966347
v -0.0067735705524683 0.006315900012850761 0.01673700101673603
v -0.003560270182788372 0.008905800059437752 0.014739351347088814
v -0.0032886702101677656 0.009057100862264633 0.0171909611672163
v -0.0021385501604527235 0.009432900696992874 0.014942430891096592
v -0.0032886702101677656 0.009057100862264633 0.0171909611672163
v -0.003560270182788372 0.008905800059437752 0.014739351347088814
v -0.004723380319774151 0.008235200308263302 0.014909980818629265
v -0.004611100535839796 0.008372200652956963 0.017389941960573196
v -0.004723380319774151 0.008235200308263302 0.014909980818629265
v -0.005795640405267477 0.007410500198602676 0.017056049779057503
v -0.004723380319774151 0.008235200308263302 0.014909980818629265
v -0.004611100535839796 0.008372200652956963 0.017389941960573196
v -0.0032886702101677656 0.009057100862264633 0.0171909611672163
v -0.0017276600701734424 0.009643000550568104 0.01833506114780903
v -0.0021385501604527235 0.009432900696992874 0.014942430891096592
v -0.0032886702101677656 0.009057100862264633 0.0171909611672163
v -0.0067735705524683 0.006315900012850761 0.01673700101673603
v -0.007622880395501852 0.005231100134551525 0.015496380627155304
v -0.007649890147149563 0.004795000422745943 0.018136709928512573
v -0.0070000602863729 0.006032499950379133 0.019123690202832222
v -0.0067735705524683 0.006315900012850761 0.01673700101673603
v -0.007649890147149563 0.004795000422745943 0.018136709928512573
v -0.0067735705524683 0.006315900012850761 0.01673700101673603
v -0.0070000602863729 0.006032499950379133 0.019123690202832222
v -0.005795640405267477 0.007410500198602676 0.017056049779057503
v -0.005795640405267477 0.007410500198602676 0.017056049779057503
v -0.005997310392558575 0.007449700031429529 0.019488351419568062
v -0.004611100535839796 0.008372200652956963 0.017389941960573196
v -0.005997310392558575 0.007449700031429529 0.019488351419568062
v -0.005795640405267477 0.007410500198602676 0.017056049779057503
v -0.0070000602863729 0.006032499950379133 0.019123690202832222
v -0.0029955701902508736 0.009426300413906574 0.019642570987343788
v -0.0032886702101677656 0.009057100862264633 0.0171909611672163
v -0.004611100535839796 0.008372200652956963 0.017389941960573196
v -0.0032886702101677656 0.009057100862264633 0.0171909611672163
v -0.0029955701902508736 0.009426300413906574 0.019642570987343788
v -0.0017276600701734424 0.009643000550568104 0.01833506114780903
v -0.004611100535839796 0.008372200652956963 0.017389941960573196
v -0.004586130380630493 0.008694400079548359 0.019869981333613396
v -0.0029955701902508736 0.009426300413906574 0.019642570987343788
v -0.004586130380630493 0.008694400079548359 0.019869981333613396
v -0.004611100535839796 0.008372200652956963 0.017389941960573196
v -0.005997310392558575 0.007449700031429529 0.019488351419568062
v -0.007649890147149563 0.004795000422745943 0.018136709928512573
v -0.007821070961654186 0.0043186005204916 0.02058139070868492
v -0.0070000602863729 0.006032499950379133 0.019123690202832222
v -0.0073437802493572235 0.0057748002000153065 0.021510401740670204
v -0.0070000602863729 0.006032499950379133 0.019123690202832222
v -0.007821070961654186 0.0043186005204916 0.02058139070868492
v -0.0070000602863729 0.006032499950379133 0.019123690202832222
v -0.0073437802493572235 0.0057748002000153065 0.021510401740670204
v -0.005997310392558575 0.007449700031429529 0.019488351419568062
v -0.005997310392558575 0.007449700031429529 0.019488351419568062
v -0.006301720626652241 0.007560700178146362 0.021920589730143547
v -0.004586130380630493 0.008694400079548359 0.019869981333613396
v -0.006301720626652241 0.007560700178146362 0.021920589730143547
v -0.005997310392558575 0.007449700031429529 0.019488351419568062
v -0.0073437802493572235 0.0057748002000153065 0.021510401740670204
v -0.0027682301588356495 0.009894301183521748 0.022094180807471275
v -0.0029955701902508736 0.009426300413906574 0.019642570987343788
v -0.004586130380630493 0.008694400079548359 0.019869981333613396
v -0.0027682301588356495 0.009894301183521748 0.022094180807471275
v -0.0013342901365831494 0.010087700560688972 0.02140864171087742
v -0.0017276600701734424 0.009643000550568104 0.01833506114780903
v -0.0029955701902508736 0.009426300413906574 0.019642570987343788
v -0.0027682301588356495 0.009894301183521748 0.022094180807471275
v -0.0017276600701734424 0.009643000550568104 0.01833506114780903
v -0.004648920148611069 0.009100199677050114 0.02235008217394352
v -0.004586130380630493 0.008694400079548359 0.019869981333613396
v -0.006301720626652241 0.007560700178146362 0.021920589730143547
v -0.004586130380630493 0.008694400079548359 0.019869981333613396
v -0.004648920148611069 0.009100199677050114 0.02235008217394352
v -0.0027682301588356495 0.009894301183521748 0.022094180807471275
v -0.007821070961654186 0.0043186005204916 0.02058139070868492
v -0.00802359078079462 0.0039446004666388035 0.022843291983008385
v -0.0073437802493572235 0.0057748002000153065 0.021510401740670204
v -0.0073437802493572235 0.0057748002000153065 0.021510401740670204
v -0.007696410641074181 0.005627000238746405 0.023897092789411545
v -0.006301720626652241 0.007560700178146362 0.021920589730143547
v -0.007696410641074181 0.005627000238746405 0.023897092789411545
v -0.0073437802493572235 0.0057748002000153065 0.021510401740670204
v -0.00802359078079462 0.0039446004666388035 0.022843291983008385
v -0.006301720626652241 0.007560700178146362 0.021920589730143547
v -0.006623950321227312 0.007727700751274824 0.024352962151169777
v -0.004648920148611069 0.009100199677050114 0.02235008217394352
v -0.006623950321227312 0.007727700751274824 0.024352962151169777
v -0.006301720626652241 0.007560700178146362 0.021920589730143547
v -0.007696410641074181 0.005627000238746405 0.023897092789411545
v -0.0026961800176650286 0.010336601175367832 0.024545790627598763
v -0.0011383501114323735 0.010518300347030163 0.02418891154229641
v -0.0013342901365831494 0.010087700560688972 0.02140864171087742
v -0.0027682301588356495 0.009894301183521748 0.022094180807471275
v -0.0026961800176650286 0.010336601175367832 0.024545790627598763
v -0.0013342901365831494 0.010087700560688972 0.02140864171087742
v -0.0026961800176650286 0.010336601175367832 0.024545790627598763
v -0.0027682301588356495 0.009894301183521748 0.022094180807471275
v -0.004648920148611069 0.009100199677050114 0.02235008217394352
v -0.004799820017069578 0.009485100395977497 0.024830050766468048
v -0.004648920148611069 0.009100199677050114 0.02235008217394352
v -0.006623950321227312 0.007727700751274824 0.024352962151169777
v -0.004648920148611069 0.009100199677050114 0.02235008217394352
v -0.004799820017069578 0.009485100395977497 0.024830050766468048
v -0.0026961800176650286 0.010336601175367832 0.024545790627598763
v -0.00802359078079462 0.0039446004666388035 0.022843291983008385
v -0.008184040896594524 0.0037582002114504576 0.024933991953730583
v -0.007696410641074181 0.005627000238746405 0.023897092789411545
v -0.007873340509831905 0.005892200395464897 0.026223471388220787
v -0.007696410641074181 0.005627000238746405 0.023897092789411545
v -0.008184040896594524 0.0037582002114504576 0.024933991953730583
v -0.007873340509831905 0.005892200395464897 0.026223471388220787
v -0.006928279995918274 0.00784400012344122 0.026710592210292816
v -0.006623950321227312 0.007727700751274824 0.024352962151169777
v -0.007696410641074181 0.005627000238746405 0.023897092789411545
v -0.007873340509831905 0.005892200395464897 0.026223471388220787
v -0.006623950321227312 0.007727700751274824 0.024352962151169777
v -0.001224620034918189 0.010796400718390942 0.026704661548137665
v -0.0011383501114323735 0.010518300347030163 0.02418891154229641
v -0.0026961800176650286 0.010336601175367832 0.024545790627598763
v -0.006623950321227312 0.007727700751274824 0.024352962151169777
v -0.006928279995918274 0.00784400012344122 0.026710592210292816
v -0.004799820017069578 0.009485100395977497 0.024830050766468048
v -0.008184040896594524 0.0037582002114504576 0.024933991953730583
v -0.008258630521595478 0.003802400315180421 0.026862910017371178
v -0.007873340509831905 0.005892200395464897 0.026223471388220787
v -0.0026961800176650286 0.010336601175367832 0.024545790627598763
v -0.004799820017069578 0.009485100395977497 0.024830050766468048
v -0.0031240202952176332 0.010549860075116158 0.02698725089430809
v -0.0026961800176650286 0.010336601175367832 0.024545790627598763
v -0.0031240202952176332 0.010549860075116158 0.02698725089430809
v -0.001224620034918189 0.010796400718390942 0.026704661548137665
v -0.005119370296597481 0.009697900153696537 0.02734445221722126
v -0.0031240202952176332 0.010549860075116158 0.02698725089430809
v -0.004799820017069578 0.009485100395977497 0.024830050766468048
v -0.005119370296597481 0.009697900153696537 0.02734445221722126
v -0.004799820017069578 0.009485100395977497 0.024830050766468048
v -0.006928279995918274 0.00784400012344122 0.026710592210292816
v -0.005427380558103323 0.009835801087319851 0.02897489070892334
v -0.005119370296597481 0.009697900153696537 0.02734445221722126
v -0.006928279995918274 0.00784400012344122 0.026710592210292816
v -0.0014011900639161468 0.010759200900793076 0.003813990391790867
v -0.003756060265004635 0.010294000618159771 2.975999996124301e-05
v -0.002758400049060583 0.010495800524950027 0.0036232101265341043
v -0.0014011900639161468 0.010759200900793076 0.003813990391790867
v 6.932000542292371e-05 0.01086760126054287 0.003806210123002529
v -1.0239999937766697e-05 0.01100000087171793 2.9770000764983706e-05
v -0.003756060265004635 0.010294000618159771 2.975999996124301e-05
v -0.0014011900639161468 0.010759200900793076 0.003813990391790867
v -1.0239999937766697e-05 0.01100000087171793 2.9770000764983706e-05
v 0.0015410101041197777 0.010763199999928474 0.003816750133410096
v -1.0239999937766697e-05 0.01100000087171793 2.9770000764983706e-05
v 6.932000542292371e-05 0.01086760126054287 0.003806210123002529
v 0.0015410101041197777 0.010763199999928474 0.003816750133410096
v 0.0028700900729745626 0.010516799986362457 0.0035216002725064754
v 0.0037459901068359613 0.010319100692868233 2.4610000764369033e-05
v 0.0015410101041197777 0.010763199999928474 0.003816750133410096
v 0.0037459901068359613 0.010319100692868233 2.4610000764369033e-05
v -1.0239999937766697e-05 0.01100000087171793 2.9770000764983706e-05
v 0.0030608002562075853 0.010108200833201408 0.0069788601249456406
v 0.0028700900729745626 0.010516799986362457 0.0035216002725064754
v 0.0015410101041197777 0.010763199999928474 0.003816750133410096
v -0.002758400049060583 0.010495800524950027 0.0036232101265341043
v -0.002575760008767247 0.010095300152897835 0.0074150701984763145
v -0.0014011900639161468 0.010759200900793076 0.003813990391790867
v 6.932000542292371e-05 0.01086760126054287 0.003806210123002529
v 0.0002664600033313036 0.010444100946187973 0.007582580670714378
v 0.0015410101041197777 0.010763199999928474 0.003816750133410096
v 0.0002664600033313036 0.010444100946187973 0.007582580670714378
v 6.932000542292371e-05 0.01086760126054287 0.003806210123002529
v -0.0014011900639161468 0.010759200900793076 0.003813990391790867
v -0.0012234901078045368 0.01034610066562891 0.007598070427775383
v -0.0014011900639161468 0.010759200900793076 0.003813990391790867
v -0.002575760008767247 0.010095300152897835 0.0074150701984763145
v -0.0014011900639161468 0.010759200900793076 0.003813990391790867
v -0.0012234901078045368 0.01034610066562891 0.007598070427775383
v 0.0002664600033313036 0.010444100946187973 0.007582580670714378
v 0.0015410101041197777 0.010763199999928474 0.003816750133410096
v 0.001756330137141049 0.010318700224161148 0.007603650446981192
v 0.0030608002562075853 0.010108200833201408 0.0069788601249456406
v 0.001756330137141049 0.010318700224161148 0.007603650446981192
v 0.0015410101041197777 0.010763199999928474 0.003816750133410096
v 0.0002664600033313036 0.010444100946187973 0.007582580670714378
v 0.0031908401288092136 0.009651901200413704 0.010357760824263096
v 0.0030608002562075853 0.010108200833201408 0.0069788601249456406
v 0.001756330137141049 0.010318700224161148 0.007603650446981192
v 0.0002664600033313036 0.010444100946187973 0.007582580670714378
v 0.00040632003219798207 0.009984400123357773 0.011358960531651974
v 0.001756330137141049 0.010318700224161148 0.007603650446981192
v 0.00040632003219798207 0.009984400123357773 0.011358960531651974
v 0.0002664600033313036 0.010444100946187973 0.007582580670714378
v -0.0012234901078045368 0.01034610066562891 0.007598070427775383
v -0.0012234901078045368 0.01034610066562891 0.007598070427775383
v -0.002575760008767247 0.010095300152897835 0.0074150701984763145
v -0.0024055601097643375 0.009642100892961025 0.011242000386118889
v -0.0010756299598142505 0.009895799681544304 0.011382290162146091
v -0.0012234901078045368 0.01034610066562891 0.007598070427775383
v -0.0024055601097643375 0.009642100892961025 0.011242000386118889
v -0.0012234901078045368 0.01034610066562891 0.007598070427775383
v -0.0010756299598142505 0.009895799681544304 0.011382290162146091
v 0.00040632003219798207 0.009984400123357773 0.011358960531651974
v 0.001756330137141049 0.010318700224161148 0.007603650446981192
v 0.0018861501011997461 0.009845500811934471 0.011390630155801773
v 0.0031908401288092136 0.009651901200413704 0.010357760824263096
v 0.0018861501011997461 0.009845500811934471 0.011390630155801773
v 0.001756330137141049 0.010318700224161148 0.007603650446981192
v 0.00040632003219798207 0.009984400123357773 0.011358960531651974
v 0.003125570248812437 0.009357900358736515 0.013612930662930012
v 0.0031908401288092136 0.009651901200413704 0.010357760824263096
v 0.0018861501011997461 0.009845500811934471 0.011390630155801773
v -0.0024055601097643375 0.009642100892961025 0.011242000386118889
v -0.0021385501604527235 0.009432900696992874 0.014942430891096592
v -0.0010756299598142505 0.009895799681544304 0.011382290162146091
v 0.00040632003219798207 0.009984400123357773 0.011358960531651974
v 0.0004452100256457925 0.009744500741362572 0.015135331079363823
v 0.0018861501011997461 0.009845500811934471 0.011390630155801773
v 0.0004452100256457925 0.009744500741362572 0.015135331079363823
v 0.00040632003219798207 0.009984400123357773 0.011358960531651974
v -0.0010756299598142505 0.009895799681544304 0.011382290162146091
v -0.0010756299598142505 0.009895799681544304 0.011382290162146091
v -0.0008999200072139502 0.009671799838542938 0.015166371129453182
v 0.0004452100256457925 0.009744500741362572 0.015135331079363823
v -0.0008999200072139502 0.009671799838542938 0.015166371129453182
v -0.0010756299598142505 0.009895799681544304 0.011382290162146091
v -0.0021385501604527235 0.009432900696992874 0.014942430891096592
v 0.00178511010017246 0.009613900445401669 0.015177540481090546
v 0.0018861501011997461 0.009845500811934471 0.011390630155801773
v 0.0004452100256457925 0.009744500741362572 0.015135331079363823
v 0.0018861501011997461 0.009845500811934471 0.011390630155801773
v 0.00178511010017246 0.009613900445401669 0.015177540481090546
v 0.003125570248812437 0.009357900358736515 0.013612930662930012
v 0.002777680056169629 0.009381200186908245 0.016661550849676132
v 0.003125570248812437 0.009357900358736515 0.013612930662930012
v 0.00178511010017246 0.009613900445401669 0.015177540481090546
v -0.0021385501604527235 0.009432900696992874 0.014942430891096592
v -0.0017276600701734424 0.009643000550568104 0.01833506114780903
v -0.0008999200072139502 0.009671799838542938 0.015166371129453182
v 0.0004452100256457925 0.009744500741362572 0.015135331079363823
v 0.0003496100252959877 0.00993570126593113 0.018911711871623993
v 0.00178511010017246 0.009613900445401669 0.015177540481090546
v 0.0003496100252959877 0.00993570126593113 0.018911711871623993
v 0.0004452100256457925 0.009744500741362572 0.015135331079363823
v -0.0008999200072139502 0.009671799838542938 0.015166371129453182
v -0.0008999200072139502 0.009671799838542938 0.015166371129453182
v -0.000658230041153729 0.00988990068435669 0.018950529396533966
v 0.0003496100252959877 0.00993570126593113 0.018911711871623993
v -0.000658230041153729 0.00988990068435669 0.018950529396533966
v -0.0008999200072139502 0.009671799838542938 0.015166371129453182
v -0.0017276600701734424 0.009643000550568104 0.01833506114780903
v 0.00178511010017246 0.009613900445401669 0.015177540481090546
v 0.0013491000281646848 0.009844600223004818 0.018964532762765884
v 0.002777680056169629 0.009381200186908245 0.016661550849676132
v 0.0013491000281646848 0.009844600223004818 0.018964532762765884
v 0.00178511010017246 0.009613900445401669 0.015177540481090546
v 0.0003496100252959877 0.00993570126593113 0.018911711871623993
v 0.00221227016299963 0.009707599878311157 0.019473709166049957
v 0.002777680056169629 0.009381200186908245 0.016661550849676132
v 0.0013491000281646848 0.009844600223004818 0.018964532762765884
v -0.0017276600701734424 0.009643000550568104 0.01833506114780903
v -0.0013342901365831494 0.010087700560688972 0.02140864171087742
v -0.000658230041153729 0.00988990068435669 0.018950529396533966
v 0.0003496100252959877 0.00993570126593113 0.018911711871623993
v 0.00017213000683113933 0.01039810013025999 0.02268821932375431
v 0.0013491000281646848 0.009844600223004818 0.018964532762765884
v 0.00017213000683113933 0.01039810013025999 0.02268821932375431
v 0.0003496100252959877 0.00993570126593113 0.018911711871623993
v -0.000658230041153729 0.00988990068435669 0.018950529396533966
v -0.000658230041153729 0.00988990068435669 0.018950529396533966
v -0.0004678100231103599 0.010380800813436508 0.022734610363841057
v 0.00017213000683113933 0.01039810013025999 0.02268821932375431
v -0.0004678100231103599 0.010380800813436508 0.022734610363841057
v -0.000658230041153729 0.00988990068435669 0.018950529396533966
v -0.0013342901365831494 0.010087700560688972 0.02140864171087742
v 0.0008039300446398556 0.010359399951994419 0.02275151200592518
v 0.0016639800742268562 0.010141400620341301 0.022076010704040527
v 0.00221227016299963 0.009707599878311157 0.019473709166049957
v 0.0013491000281646848 0.009844600223004818 0.018964532762765884
v 0.0008039300446398556 0.010359399951994419 0.02275151200592518
v 0.00221227016299963 0.009707599878311157 0.019473709166049957
v 0.0008039300446398556 0.010359399951994419 0.02275151200592518
v 0.0013491000281646848 0.009844600223004818 0.018964532762765884
v 0.00017213000683113933 0.01039810013025999 0.02268821932375431
v -0.0013342901365831494 0.010087700560688972 0.02140864171087742
v -0.0011383501114323735 0.010518300347030163 0.02418891154229641
v -0.0004678100231103599 0.010380800813436508 0.022734610363841057
v 0.0013004600768908858 0.01053670048713684 0.024500040337443352
v 0.0016639800742268562 0.010141400620341301 0.022076010704040527
v 0.0008039300446398556 0.010359399951994419 0.02275151200592518
v 0.00017213000683113933 0.01039810013025999 0.02268821932375431
v 0.0006386000313796103 0.010788500308990479 0.026557302102446556
v 0.0008039300446398556 0.010359399951994419 0.02275151200592518
v 0.0006386000313796103 0.010788500308990479 0.026557302102446556
v 0.00017213000683113933 0.01039810013025999 0.02268821932375431
v -0.0004678100231103599 0.010380800813436508 0.022734610363841057
v -0.0002699500182643533 0.010787500999867916 0.02646785043179989
v 0.0006386000313796103 0.010788500308990479 0.026557302102446556
v -0.0004678100231103599 0.010380800813436508 0.022734610363841057
v -0.0002699500182643533 0.010787500999867916 0.02646785043179989
v -0.0004678100231103599 0.010380800813436508 0.022734610363841057
v -0.0011383501114323735 0.010518300347030163 0.02418891154229641
v 0.0008039300446398556 0.010359399951994419 0.02275151200592518
v 0.0006386000313796103 0.010788500308990479 0.026557302102446556
v 0.0013004600768908858 0.01053670048713684 0.024500040337443352
v -0.0011383501114323735 0.010518300347030163 0.02418891154229641
v -0.001224620034918189 0.010796400718390942 0.026704661548137665
v -0.0002699500182643533 0.010787500999867916 0.02646785043179989
v 0.0012252901215106249 0.010797600261867046 0.026750260964035988
v 0.0013004600768908858 0.01053670048713684 0.024500040337443352
v 0.0006386000313796103 0.010788500308990479 0.026557302102446556
v 0.008413450792431831 0.007013900205492973 0.002188070211559534
v 0.009506430476903915 0.005486100446432829 2.975999996124301e-05
v 0.00706210033968091 0.008422600105404854 2.4810000468278304e-05
v 0.0072640604339540005 0.008225700818002224 0.0022321201395243406
v 0.008413450792431831 0.007013900205492973 0.002188070211559534
v 0.00706210033968091 0.008422600105404854 2.4810000468278304e-05
v 0.0037459901068359613 0.010319100692868233 2.4610000764369033e-05
v 0.0028700900729745626 0.010516799986362457 0.0035216002725064754
v 0.004468150436878204 0.010028700344264507 0.002270299941301346
v 0.009326400235295296 0.005514699965715408 0.003953080158680677
v 0.009506430476903915 0.005486100446432829 2.975999996124301e-05
v 0.008413450792431831 0.007013900205492973 0.002188070211559534
v 0.008340410888195038 0.006894700229167938 0.00435005035251379
v 0.008413450792431831 0.007013900205492973 0.002188070211559534
v 0.0072640604339540005 0.008225700818002224 0.0022321201395243406
v 0.008413450792431831 0.007013900205492973 0.002188070211559534
v 0.008340410888195038 0.006894700229167938 0.00435005035251379
v 0.009326400235295296 0.005514699965715408 0.003953080158680677
v 0.0072640604339540005 0.008225700818002224 0.0022321201395243406
v 0.0072205704636871815 0.008067300543189049 0.004439780488610268
v 0.008340410888195038 0.006894700229167938 0.00435005035251379
v 0.0072205704636871815 0.008067300543189049 0.004439780488610268
v 0.0072640604339540005 0.008225700818002224 0.0022321201395243406
v 0.005949750076979399 0.009229901246726513 0.0022889000829309225
v 0.004533420316874981 0.009830201044678688 0.004516990389674902
v 0.004468150436878204 0.010028700344264507 0.002270299941301346
v 0.0028700900729745626 0.010516799986362457 0.0035216002725064754
v 0.004468150436878204 0.010028700344264507 0.002270299941301346
v 0.004533420316874981 0.009830201044678688 0.004516990389674902
v 0.005949750076979399 0.009229901246726513 0.0022889000829309225
v 0.005949750076979399 0.009229901246726513 0.0022889000829309225
v 0.005956960376352072 0.009035700000822544 0.0045509301126003265
v 0.0072205704636871815 0.008067300543189049 0.004439780488610268
v 0.005956960376352072 0.009035700000822544 0.0045509301126003265
v 0.005949750076979399 0.009229901246726513 0.0022889000829309225
v 0.004533420316874981 0.009830201044678688 0.004516990389674902
v 0.00818243995308876 0.006772100459784269 0.006512100342661142
v 0.008340410888195038 0.006894700229167938 0.00435005035251379
v 0.0072205704636871815 0.008067300543189049 0.004439780488610268
v 0.008340410888195038 0.006894700229167938 0.00435005035251379
v 0.00818243995308876 0.006772100459784269 0.006512100342661142
v 0.009326400235295296 0.005514699965715408 0.003953080158680677
v 0.0072205704636871815 0.008067300543189049 0.004439780488610268
v 0.007104960270226002 0.007859400473535061 0.006647440139204264
v 0.00818243995308876 0.006772100459784269 0.006512100342661142
v 0.007104960270226002 0.007859400473535061 0.006647440139204264
v 0.0072205704636871815 0.008067300543189049 0.004439780488610268
v 0.005956960376352072 0.009035700000822544 0.0045509301126003265
v 0.004533420316874981 0.009830201044678688 0.004516990389674902
v 0.004604560323059559 0.00953339971601963 0.006763750221580267
v 0.005956960376352072 0.009035700000822544 0.0045509301126003265
v 0.004604560323059559 0.00953339971601963 0.006763750221580267
v 0.004533420316874981 0.009830201044678688 0.004516990389674902
v 0.0028700900729745626 0.010516799986362457 0.0035216002725064754
v 0.005956960376352072 0.009035700000822544 0.0045509301126003265
v 0.00592833012342453 0.008754800073802471 0.006813040003180504
v 0.007104960270226002 0.007859400473535061 0.006647440139204264
v 0.00592833012342453 0.008754800073802471 0.006813040003180504
v 0.005956960376352072 0.009035700000822544 0.0045509301126003265
v 0.004604560323059559 0.00953339971601963 0.006763750221580267
v 0.0028700900729745626 0.010516799986362457 0.0035216002725064754
v 0.0030608002562075853 0.010108200833201408 0.0069788601249456406
v 0.004604560323059559 0.00953339971601963 0.006763750221580267
v 0.00900644063949585 0.005387899931520224 0.007876180112361908
v 0.009326400235295296 0.005514699965715408 0.003953080158680677
v 0.00818243995308876 0.006772100459784269 0.006512100342661142
v 0.007978860288858414 0.006641600281000137 0.008674071170389652
v 0.00818243995308876 0.006772100459784269 0.006512100342661142
v 0.007104960270226002 0.007859400473535061 0.006647440139204264
v 0.00818243995308876 0.006772100459784269 0.006512100342661142
v 0.007978860288858414 0.006641600281000137 0.008674071170389652
v 0.00900644063949585 0.005387899931520224 0.007876180112361908
v 0.007104960270226002 0.007859400473535061 0.006647440139204264
v 0.00694847060367465 0.007633100263774395 0.008855090476572514
v 0.007978860288858414 0.006641600281000137 0.008674071170389652
v 0.00694847060367465 0.007633100263774395 0.008855090476572514
v 0.007104960270226002 0.007859400473535061 0.006647440139204264
v 0.00592833012342453 0.008754800073802471 0.006813040003180504
v 0.004649170208722353 0.009208399802446365 0.009010440669953823
v 0.004604560323059559 0.00953339971601963 0.006763750221580267
v 0.0030608002562075853 0.010108200833201408 0.0069788601249456406
v 0.004604560323059559 0.00953339971601963 0.006763750221580267
v 0.004649170208722353 0.009208399802446365 0.009010440669953823
v 0.00592833012342453 0.008754800073802471 0.006813040003180504
v 0.005865250248461962 0.008450699970126152 0.009075210429728031
v 0.00592833012342453 0.008754800073802471 0.006813040003180504
v 0.004649170208722353 0.009208399802446365 0.009010440669953823
v 0.00592833012342453 0.008754800073802471 0.006813040003180504
v 0.005865250248461962 0.008450699970126152 0.009075210429728031
v 0.00694847060367465 0.007633100263774395 0.008855090476572514
v 0.0030608002562075853 0.010108200833201408 0.0069788601249456406
v 0.0031908401288092136 0.009651901200413704 0.010357760824263096
v 0.004649170208722353 0.009208399802446365 0.009010440669953823
v 0.007978860288858414 0.006641600281000137 0.008674071170389652
v 0.007768990471959114 0.0064985002391040325 0.010836119763553143
v 0.00900644063949585 0.005387899931520224 0.007876180112361908
v 0.007768990471959114 0.0064985002391040325 0.010836119763553143
v 0.007978860288858414 0.006641600281000137 0.008674071170389652
v 0.00694847060367465 0.007633100263774395 0.008855090476572514
v 0.006782229989767075 0.007419400382786989 0.011062750592827797
v 0.00694847060367465 0.007633100263774395 0.008855090476572514
v 0.005865250248461962 0.008450699970126152 0.009075210429728031
v 0.00694847060367465 0.007633100263774395 0.008855090476572514
v 0.006782229989767075 0.007419400382786989 0.011062750592827797
v 0.007768990471959114 0.0064985002391040325 0.010836119763553143
v 0.004649170208722353 0.009208399802446365 0.009010440669953823
v 0.004634750075638294 0.008925100788474083 0.011257210746407509
v 0.005865250248461962 0.008450699970126152 0.009075210429728031
v 0.004634750075638294 0.008925100788474083 0.011257210746407509
v 0.004649170208722353 0.009208399802446365 0.009010440669953823
v 0.0031908401288092136 0.009651901200413704 0.010357760824263096
v 0.005768950097262859 0.00818680040538311 0.011337250471115112
v 0.005865250248461962 0.008450699970126152 0.009075210429728031
v 0.004634750075638294 0.008925100788474083 0.011257210746407509
v 0.005865250248461962 0.008450699970126152 0.009075210429728031
v 0.005768950097262859 0.00818680040538311 0.011337250471115112
v 0.006782229989767075 0.007419400382786989 0.011062750592827797
v 0.00861378014087677 0.005220100283622742 0.01168501004576683
v 0.00900644063949585 0.005387899931520224 0.007876180112361908
v 0.007768990471959114 0.0064985002391040325 0.010836119763553143
v 0.007592220325022936 0.006338000297546387 0.012998170219361782
v 0.007768990471959114 0.0064985002391040325 0.010836119763553143
v 0.006782229989767075 0.007419400382786989 0.011062750592827797
v 0.007768990471959114 0.0064985002391040325 0.010836119763553143
v 0.007592220325022936 0.006338000297546387 0.012998170219361782
v 0.00861378014087677 0.005220100283622742 0.01168501004576683
v 0.006782229989767075 0.007419400382786989 0.011062750592827797
v 0.006637410260736942 0.007249200250953436 0.013270480558276176
v 0.007592220325022936 0.006338000297546387 0.012998170219361782
v 0.006637410260736942 0.007249200250953436 0.013270480558276176
v 0.006782229989767075 0.007419400382786989 0.011062750592827797
v 0.005768950097262859 0.00818680040538311 0.011337250471115112
v 0.004634750075638294 0.008925100788474083 0.011257210746407509
v 0.004528890363872051 0.008753499947488308 0.013503890484571457
v 0.005768950097262859 0.00818680040538311 0.011337250471115112
v 0.004528890363872051 0.008753499947488308 0.013503890484571457
v 0.004634750075638294 0.008925100788474083 0.011257210746407509
v 0.0031908401288092136 0.009651901200413704 0.010357760824263096
v 0.005640820134431124 0.008026599884033203 0.013599281199276447
v 0.005768950097262859 0.00818680040538311 0.011337250471115112
v 0.004528890363872051 0.008753499947488308 0.013503890484571457
v 0.005768950097262859 0.00818680040538311 0.011337250471115112
v 0.005640820134431124 0.008026599884033203 0.013599281199276447
v 0.006637410260736942 0.007249200250953436 0.013270480558276176
v 0.0031908401288092136 0.009651901200413704 0.010357760824263096
v 0.003125570248812437 0.009357900358736515 0.013612930662930012
v 0.004528890363872051 0.008753499947488308 0.013503890484571457
v 0.007592220325022936 0.006338000297546387 0.012998170219361782
v 0.007487710565328598 0.006155600305646658 0.015160220675170422
v 0.00861378014087677 0.005220100283622742 0.01168501004576683
v 0.007487710565328598 0.006155600305646658 0.015160220675170422
v 0.007592220325022936 0.006338000297546387 0.012998170219361782
v 0.006637410260736942 0.007249200250953436 0.013270480558276176
v 0.008325209841132164 0.004904800094664097 0.015263460576534271
v 0.00861378014087677 0.005220100283622742 0.01168501004576683
v 0.007487710565328598 0.006155600305646658 0.015160220675170422
v 0.006637410260736942 0.007249200250953436 0.013270480558276176
v 0.0065452102571725845 0.007153500337153673 0.015478060580790043
v 0.007487710565328598 0.006155600305646658 0.015160220675170422
v 0.0065452102571725845 0.007153500337153673 0.015478060580790043
v 0.006637410260736942 0.007249200250953436 0.013270480558276176
v 0.005640820134431124 0.008026599884033203 0.013599281199276447
v 0.004299220163375139 0.008763500489294529 0.015750650316476822
v 0.004528890363872051 0.008753499947488308 0.013503890484571457
v 0.003125570248812437 0.009357900358736515 0.013612930662930012
v 0.004528890363872051 0.008753499947488308 0.013503890484571457
v 0.004299220163375139 0.008763500489294529 0.015750650316476822
v 0.005640820134431124 0.008026599884033203 0.013599281199276447
v 0.005482220556586981 0.008033600635826588 0.01586139015853405
v 0.005640820134431124 0.008026599884033203 0.013599281199276447
v 0.004299220163375139 0.008763500489294529 0.015750650316476822
v 0.005640820134431124 0.008026599884033203 0.013599281199276447
v 0.005482220556586981 0.008033600635826588 0.01586139015853405
v 0.0065452102571725845 0.007153500337153673 0.015478060580790043
v 0.003125570248812437 0.009357900358736515 0.013612930662930012
v 0.002777680056169629 0.009381200186908245 0.016661550849676132
v 0.004299220163375139 0.008763500489294529 0.015750650316476822
v 0.007491530384868383 0.005948400124907494 0.017322281375527382
v 0.007487710565328598 0.006155600305646658 0.015160220675170422
v 0.0065452102571725845 0.007153500337153673 0.015478060580790043
v 0.007487710565328598 0.006155600305646658 0.015160220675170422
v 0.007491530384868383 0.005948400124907494 0.017322281375527382
v 0.008325209841132164 0.004904800094664097 0.015263460576534271
v 0.0065452102571725845 0.007153500337153673 0.015478060580790043
v 0.006532550323754549 0.007159400265663862 0.017685720697045326
v 0.007491530384868383 0.005948400124907494 0.017322281375527382
v 0.006532550323754549 0.007159400265663862 0.017685720697045326
v 0.0065452102571725845 0.007153500337153673 0.015478060580790043
v 0.005482220556586981 0.008033600635826588 0.01586139015853405
v 0.004299220163375139 0.008763500489294529 0.015750650316476822
v 0.003928770311176777 0.009005600586533546 0.01799735240638256
v 0.005482220556586981 0.008033600635826588 0.01586139015853405
v 0.003928770311176777 0.009005600586533546 0.01799735240638256
v 0.004299220163375139 0.008763500489294529 0.015750650316476822
v 0.002777680056169629 0.009381200186908245 0.016661550849676132
v 0.0052991402335464954 0.008250800892710686 0.01812349073588848
v 0.005482220556586981 0.008033600635826588 0.01586139015853405
v 0.003928770311176777 0.009005600586533546 0.01799735240638256
v 0.005482220556586981 0.008033600635826588 0.01586139015853405
v 0.0052991402335464954 0.008250800892710686 0.01812349073588848
v 0.006532550323754549 0.007159400265663862 0.017685720697045326
v 0.008235270157456398 0.004417200107127428 0.018534110859036446
v 0.008325209841132164 0.004904800094664097 0.015263460576534271
v 0.007491530384868383 0.005948400124907494 0.017322281375527382
v 0.007491530384868383 0.005948400124907494 0.017322281375527382
v 0.007591370493173599 0.005742700304836035 0.019484320655465126
v 0.008235270157456398 0.004417200107127428 0.018534110859036446
v 0.007591370493173599 0.005742700304836035 0.019484320655465126
v 0.007491530384868383 0.005948400124907494 0.017322281375527382
v 0.006532550323754549 0.007159400265663862 0.017685720697045326
v 0.006532550323754549 0.007159400265663862 0.017685720697045326
v 0.006588620599359274 0.007260400336235762 0.019893379881978035
v 0.007591370493173599 0.005742700304836035 0.019484320655465126
v 0.006588620599359274 0.007260400336235762 0.019893379881978035
v 0.006532550323754549 0.007159400265663862 0.017685720697045326
v 0.0052991402335464954 0.008250800892710686 0.01812349073588848
v 0.003928770311176777 0.009005600586533546 0.01799735240638256
v 0.0034920002799481153 0.00941690057516098 0.020244039595127106
v 0.0052991402335464954 0.008250800892710686 0.01812349073588848
v 0.003928770311176777 0.009005600586533546 0.01799735240638256
v 0.002777680056169629 0.009381200186908245 0.016661550849676132
v 0.00221227016299963 0.009707599878311157 0.019473709166049957
v 0.0034920002799481153 0.00941690057516098 0.020244039595127106
v 0.003928770311176777 0.009005600586533546 0.01799735240638256
v 0.00221227016299963 0.009707599878311157 0.019473709166049957
v 0.005121940281242132 0.0086197005584836 0.02038567140698433
v 0.0052991402335464954 0.008250800892710686 0.01812349073588848
v 0.0034920002799481153 0.00941690057516098 0.020244039595127106
v 0.0052991402335464954 0.008250800892710686 0.01812349073588848
v 0.005121940281242132 0.0086197005584836 0.02038567140698433
v 0.006588620599359274 0.007260400336235762 0.019893379881978035
v 0.0077376700937747955 0.005586700048297644 0.021646300330758095
v 0.007591370493173599 0.005742700304836035 0.019484320655465126
v 0.006588620599359274 0.007260400336235762 0.019893379881978035
v 0.0077376700937747955 0.005586700048297644 0.021646300330758095
v 0.008257400244474411 0.003957800101488829 0.021484091877937317
v 0.008235270157456398 0.004417200107127428 0.018534110859036446
v 0.007591370493173599 0.005742700304836035 0.019484320655465126
v 0.0077376700937747955 0.005586700048297644 0.021646300330758095
v 0.008235270157456398 0.004417200107127428 0.018534110859036446
v 0.006588620599359274 0.007260400336235762 0.019893379881978035
v 0.0066836001351475716 0.007432600483298302 0.022101040929555893
v 0.0077376700937747955 0.005586700048297644 0.021646300330758095
v 0.0066836001351475716 0.007432600483298302 0.022101040929555893
v 0.006588620599359274 0.007260400336235762 0.019893379881978035
v 0.005121940281242132 0.0086197005584836 0.02038567140698433
v 0.0034920002799481153 0.00941690057516098 0.020244039595127106
v 0.00221227016299963 0.009707599878311157 0.019473709166049957
v 0.0016639800742268562 0.010141400620341301 0.022076010704040527
v 0.0030960901640355587 0.009893400594592094 0.02249073050916195
v 0.0034920002799481153 0.00941690057516098 0.020244039595127106
v 0.0016639800742268562 0.010141400620341301 0.022076010704040527
v 0.0034920002799481153 0.00941690057516098 0.020244039595127106
v 0.0030960901640355587 0.009893400594592094 0.02249073050916195
v 0.005121940281242132 0.0086197005584836 0.02038567140698433
v 0.005121940281242132 0.0086197005584836 0.02038567140698433
v 0.004988160450011492 0.009050000458955765 0.022647712379693985
v 0.0066836001351475716 0.007432600483298302 0.022101040929555893
v 0.004988160450011492 0.009050000458955765 0.022647712379693985
v 0.005121940281242132 0.0086197005584836 0.02038567140698433
v 0.0030960901640355587 0.009893400594592094 0.02249073050916195
v 0.008283840492367744 0.0037130003329366446 0.024134190753102303
v 0.008257400244474411 0.003957800101488829 0.021484091877937317
v 0.0077376700937747955 0.005586700048297644 0.021646300330758095
v 0.0077376700937747955 0.005586700048297644 0.021646300330758095
v 0.007879520766437054 0.005529699847102165 0.023808350786566734
v 0.008283840492367744 0.0037130003329366446 0.024134190753102303
v 0.007879520766437054 0.005529699847102165 0.023808350786566734
v 0.0077376700937747955 0.005586700048297644 0.021646300330758095
v 0.0066836001351475716 0.007432600483298302 0.022101040929555893
v 0.0066836001351475716 0.007432600483298302 0.022101040929555893
v 0.0067870402708649635 0.00765190040692687 0.024308690801262856
v 0.007879520766437054 0.005529699847102165 0.023808350786566734
v 0.0067870402708649635 0.00765190040692687 0.024308690801262856
v 0.0066836001351475716 0.007432600483298302 0.022101040929555893
v 0.004988160450011492 0.009050000458955765 0.022647712379693985
v 0.0030960901640355587 0.009893400594592094 0.02249073050916195
v 0.002848030300810933 0.010331200435757637 0.024737490341067314
v 0.004988160450011492 0.009050000458955765 0.022647712379693985
v 0.0030960901640355587 0.009893400594592094 0.02249073050916195
v 0.0016639800742268562 0.010141400620341301 0.022076010704040527
v 0.0013004600768908858 0.01053670048713684 0.024500040337443352
v 0.002848030300810933 0.010331200435757637 0.024737490341067314
v 0.0030960901640355587 0.009893400594592094 0.02249073050916195
v 0.0013004600768908858 0.01053670048713684 0.024500040337443352
v 0.004935550037771463 0.009451299905776978 0.024909742176532745
v 0.004988160450011492 0.009050000458955765 0.022647712379693985
v 0.002848030300810933 0.010331200435757637 0.024737490341067314
v 0.004988160450011492 0.009050000458955765 0.022647712379693985
v 0.004935550037771463 0.009451299905776978 0.024909742176532745
v 0.0067870402708649635 0.00765190040692687 0.024308690801262856
v 0.007879520766437054 0.005529699847102165 0.023808350786566734
v 0.0067870402708649635 0.00765190040692687 0.024308690801262856
v 0.007963240146636963 0.00562190031632781 0.025970401242375374
v 0.007963240146636963 0.00562190031632781 0.025970401242375374
v 0.008256830275058746 0.0037626000121235847 0.026515290141105652
v 0.008283840492367744 0.0037130003329366446 0.024134190753102303
v 0.007879520766437054 0.005529699847102165 0.023808350786566734
v 0.007963240146636963 0.00562190031632781 0.025970401242375374
v 0.008283840492367744 0.0037130003329366446 0.024134190753102303
v 0.006867790594696999 0.007893499918282032 0.02651643194258213
v 0.0067870402708649635 0.00765190040692687 0.024308690801262856
v 0.004935550037771463 0.009451299905776978 0.024909742176532745
v 0.006867790594696999 0.007893499918282032 0.02651643194258213
v 0.007963240146636963 0.00562190031632781 0.025970401242375374
v 0.0067870402708649635 0.00765190040692687 0.024308690801262856
v 0.0013004600768908858 0.01053670048713684 0.024500040337443352
v 0.0012252901215106249 0.010797600261867046 0.026750260964035988
v 0.002848030300810933 0.010331200435757637 0.024737490341067314
v 0.002856450155377388 0.010624799877405167 0.026984181255102158
v 0.002848030300810933 0.010331200435757637 0.024737490341067314
v 0.0012252901215106249 0.010797600261867046 0.026750260964035988
v 0.002848030300810933 0.010331200435757637 0.024737490341067314
v 0.002856450155377388 0.010624799877405167 0.026984181255102158
v 0.004935550037771463 0.009451299905776978 0.024909742176532745
v 0.004935550037771463 0.009451299905776978 0.024909742176532745
v 0.005020050331950188 0.00972250010818243 0.027177931740880013
v 0.006867790594696999 0.007893499918282032 0.02651643194258213
v 0.004935550037771463 0.009451299905776978 0.024909742176532745
v 0.002856450155377388 0.010624799877405167 0.026984181255102158
v 0.005020050331950188 0.00972250010818243 0.027177931740880013
v 0.0050120605155825615 0.009910150431096554 0.028286881744861603
v 0.006867790594696999 0.007893499918282032 0.02651643194258213
v 0.005020050331950188 0.00972250010818243 0.027177931740880013
v 0.010726050473749638 0.0011873000767081976 0.0043541500344872475
v 0.010808920487761497 -0.0019857001025229692 2.975999996124301e-05
v 0.010808920487761497 0.0018956001149490476 2.975999996124301e-05
v 0.010726050473749638 -0.0012774000642821193 0.0043541500344872475
v 0.010808920487761497 -0.0019857001025229692 2.975999996124301e-05
v 0.010726050473749638 0.0011873000767081976 0.0043541500344872475
v 0.010220110416412354 0.0034746001474559307 0.004385049920529127
v 0.010726050473749638 0.0011873000767081976 0.0043541500344872475
v 0.010808920487761497 0.0018956001149490476 2.975999996124301e-05
v 0.009506430476903915 0.005486100446432829 2.975999996124301e-05
v 0.010220110416412354 0.0034746001474559307 0.004385049920529127
v 0.010808920487761497 0.0018956001149490476 2.975999996124301e-05
v 0.010220110416412354 0.0034746001474559307 0.004385049920529127
v 0.009506430476903915 0.005486100446432829 2.975999996124301e-05
v 0.009326400235295296 0.005514699965715408 0.003953080158680677
v 0.009326400235295296 0.005514699965715408 0.003953080158680677
v 0.00900644063949585 0.005387899931520224 0.007876180112361908
v 0.010220110416412354 0.0034746001474559307 0.004385049920529127
v 0.010333680547773838 0.0010758801363408566 0.008678460493683815
v 0.010726050473749638 0.0011873000767081976 0.0043541500344872475
v 0.010220110416412354 0.0034746001474559307 0.004385049920529127
v 0.010726050473749638 0.0011873000767081976 0.0043541500344872475
v 0.010333680547773838 0.0010758801363408566 0.008678460493683815
v 0.010726050473749638 -0.0012774000642821193 0.0043541500344872475
v 0.010306030511856079 -0.001325129996985197 0.008685450069606304
v 0.010726050473749638 -0.0012774000642821193 0.0043541500344872475
v 0.010333680547773838 0.0010758801363408566 0.008678460493683815
v 0.010220110416412354 0.0034746001474559307 0.004385049920529127
v 0.009836509823799133 0.003370600054040551 0.00874033011496067
v 0.010333680547773838 0.0010758801363408566 0.008678460493683815
v 0.009836509823799133 0.003370600054040551 0.00874033011496067
v 0.010220110416412354 0.0034746001474559307 0.004385049920529127
v 0.00900644063949585 0.005387899931520224 0.007876180112361908
v 0.00900644063949585 0.005387899931520224 0.007876180112361908
v 0.00861378014087677 0.005220100283622742 0.01168501004576683
v 0.009836509823799133 0.003370600054040551 0.00874033011496067
v 0.00982534047216177 0.0009696300257928669 0.013002760708332062
v 0.010333680547773838 0.0010758801363408566 0.008678460493683815
v 0.009836509823799133 0.003370600054040551 0.00874033011496067
v 0.010333680547773838 0.0010758801363408566 0.008678460493683815
v 0.00982534047216177 0.0009696300257928669 0.013002760708332062
v 0.010306030511856079 -0.001325129996985197 0.008685450069606304
v 0.009781500324606895 -0.0013685200829058886 0.013013230636715889
v 0.010306030511856079 -0.001325129996985197 0.008685450069606304
v 0.00982534047216177 0.0009696300257928669 0.013002760708332062
v 0.009836509823799133 0.003370600054040551 0.00874033011496067
v 0.009355750866234303 0.003199100261554122 0.013095609843730927
v 0.00982534047216177 0.0009696300257928669 0.013002760708332062
v 0.009355750866234303 0.003199100261554122 0.013095609843730927
v 0.009836509823799133 0.003370600054040551 0.00874033011496067
v 0.00861378014087677 0.005220100283622742 0.01168501004576683
v 0.00861378014087677 0.005220100283622742 0.01168501004576683
v 0.008325209841132164 0.004904800094664097 0.015263460576534271
v 0.009355750866234303 0.003199100261554122 0.013095609843730927
v 0.009296630509197712 0.0008252900443039834 0.01732708141207695
v 0.00982534047216177 0.0009696300257928669 0.013002760708332062
v 0.009355750866234303 0.003199100261554122 0.013095609843730927
v 0.00982534047216177 0.0009696300257928669 0.013002760708332062
v 0.009296630509197712 0.0008252900443039834 0.01732708141207695
v 0.009781500324606895 -0.0013685200829058886 0.013013230636715889
v 0.009253930300474167 -0.0012134200660511851 0.01734108105301857
v 0.009781500324606895 -0.0013685200829058886 0.013013230636715889
v 0.009296630509197712 0.0008252900443039834 0.01732708141207695
v 0.009355750866234303 0.003199100261554122 0.013095609843730927
v 0.008928020484745502 0.0027923001907765865 0.017450889572501183
v 0.009296630509197712 0.0008252900443039834 0.01732708141207695
v 0.008928020484745502 0.0027923001907765865 0.017450889572501183
v 0.009355750866234303 0.003199100261554122 0.013095609843730927
v 0.008325209841132164 0.004904800094664097 0.015263460576534271
v 0.008325209841132164 0.004904800094664097 0.015263460576534271
v 0.008235270157456398 0.004417200107127428 0.018534110859036446
v 0.008928020484745502 0.0027923001907765865 0.017450889572501183
v 0.009296630509197712 0.0008252900443039834 0.01732708141207695
v 0.008805830031633377 0.0006693400209769607 0.021651390939950943
v 0.009253930300474167 -0.0012134200660511851 0.01734108105301857
v 0.008805830031633377 0.0006693400209769607 0.021651390939950943
v 0.009296630509197712 0.0008252900443039834 0.01732708141207695
v 0.008928020484745502 0.0027923001907765865 0.017450889572501183
v 0.008780520409345627 -0.000892960058990866 0.021668922156095505
v 0.009253930300474167 -0.0012134200660511851 0.01734108105301857
v 0.008805830031633377 0.0006693400209769607 0.021651390939950943
v 0.008928020484745502 0.0027923001907765865 0.017450889572501183
v 0.008609470911324024 0.002245300216600299 0.021806180477142334
v 0.008805830031633377 0.0006693400209769607 0.021651390939950943
v 0.008928020484745502 0.0027923001907765865 0.017450889572501183
v 0.008235270157456398 0.004417200107127428 0.018534110859036446
v 0.008257400244474411 0.003957800101488829 0.021484091877937317
v 0.008609470911324024 0.002245300216600299 0.021806180477142334
v 0.008928020484745502 0.0027923001907765865 0.017450889572501183
v 0.008257400244474411 0.003957800101488829 0.021484091877937317
v 0.008257400244474411 0.003957800101488829 0.021484091877937317
v 0.008283840492367744 0.0037130003329366446 0.024134190753102303
v 0.008609470911324024 0.002245300216600299 0.021806180477142334
v 0.008805830031633377 0.0006693400209769607 0.021651390939950943
v 0.008356320671737194 -5.477000377140939e-05 0.025913331657648087
v 0.008780520409345627 -0.000892960058990866 0.021668922156095505
v 0.008356320671737194 -5.477000377140939e-05 0.025913331657648087
v 0.008805830031633377 0.0006693400209769607 0.021651390939950943
v 0.008609470911324024 0.002245300216600299 0.021806180477142334
v 0.008324360474944115 0.0016409601084887981 0.02606027200818062
v 0.008609470911324024 0.002245300216600299 0.021806180477142334
v 0.008283840492367744 0.0037130003329366446 0.024134190753102303
v 0.008324360474944115 0.0016409601084887981 0.02606027200818062
v 0.008356320671737194 -5.477000377140939e-05 0.025913331657648087
v 0.008609470911324024 0.002245300216600299 0.021806180477142334
v 0.008283840492367744 0.0037130003329366446 0.024134190753102303
v 0.008256830275058746 0.0037626000121235847 0.026515290141105652
v 0.008324360474944115 0.0016409601084887981 0.02606027200818062
v 0.010171180590987206 -0.001988880103453994 -0.003675970248878002
v 0.010808920487761497 0.0018956001149490476 2.975999996124301e-05
v 0.010808920487761497 -0.0019857001025229692 2.975999996124301e-05
v 0.010171180590987206 0.0018987801158800721 -0.003675970248878002
v 0.009506430476903915 0.005486100446432829 2.975999996124301e-05
v 0.010808920487761497 0.0018956001149490476 2.975999996124301e-05
v 0.010171180590987206 0.0018987801158800721 -0.003675970248878002
v 0.010808920487761497 0.0018956001149490476 2.975999996124301e-05
v 0.010171180590987206 -0.001988880103453994 -0.003675970248878002
v 0.008945130743086338 0.005493300035595894 -0.0032297102734446526
v 0.00706210033968091 0.008422600105404854 2.4810000468278304e-05
v 0.009506430476903915 0.005486100446432829 2.975999996124301e-05
v 0.008945130743086338 0.005493300035595894 -0.0032297102734446526
v 0.009506430476903915 0.005486100446432829 2.975999996124301e-05
v 0.010171180590987206 0.0018987801158800721 -0.003675970248878002
v 0.00706210033968091 0.008422600105404854 2.4810000468278304e-05
v 0.006635220255702734 0.008423999883234501 -0.0023937001824378967
v 0.0037459901068359613 0.010319100692868233 2.4610000764369033e-05
v 0.006635220255702734 0.008423999883234501 -0.0023937001824378967
v 0.00706210033968091 0.008422600105404854 2.4810000468278304e-05
v 0.008945130743086338 0.005493300035595894 -0.0032297102734446526
v 0.0037459901068359613 0.010319100692868233 2.4610000764369033e-05
v 0.0035236701369285583 0.010336601175367832 -0.0012609200784936547
v -1.0239999937766697e-05 0.01100000087171793 2.9770000764983706e-05
v 0.0035236701369285583 0.010336601175367832 -0.0012609200784936547
v 0.0037459901068359613 0.010319100692868233 2.4610000764369033e-05
v 0.006635220255702734 0.008423999883234501 -0.0023937001824378967
v 0.010171180590987206 -0.001988880103453994 -0.003675970248878002
v 0.008289710618555546 -0.001988880103453994 -0.0069347405806183815
v 0.010171180590987206 0.0018987801158800721 -0.003675970248878002
v 0.008289710618555546 0.0018987801158800721 -0.0069347405806183815
v 0.010171180590987206 0.0018987801158800721 -0.003675970248878002
v 0.008289710618555546 -0.001988880103453994 -0.0069347405806183815
v 0.010171180590987206 0.0018987801158800721 -0.003675970248878002
v 0.008289710618555546 0.0018987801158800721 -0.0069347405806183815
v 0.008945130743086338 0.005493300035595894 -0.0032297102734446526
v 0.008945130743086338 0.005493300035595894 -0.0032297102734446526
v 0.007290220353752375 0.005493310280144215 -0.0060960398986935616
v 0.006635220255702734 0.008423999883234501 -0.0023937001824378967
v 0.007290220353752375 0.005493310280144215 -0.0060960398986935616
v 0.008945130743086338 0.005493300035595894 -0.0032297102734446526
v 0.008289710618555546 0.0018987801158800721 -0.0069347405806183815
v 0.005405990406870842 0.008423999883234501 -0.004519970156252384
v 0.006635220255702734 0.008423999883234501 -0.0023937001824378967
v 0.007290220353752375 0.005493310280144215 -0.0060960398986935616
v 0.006635220255702734 0.008423999883234501 -0.0023937001824378967
v 0.005405990406870842 0.008423999883234501 -0.004519970156252384
v 0.0035236701369285583 0.010336601175367832 -0.0012609200784936547
v 0.0035236701369285583 0.010336601175367832 -0.0012609200784936547
v 0.002869390184059739 0.010336601175367832 -0.0023913702461868525
v -1.0239999937766697e-05 0.01100000087171793 2.9770000764983706e-05
v 0.002869390184059739 0.010336601175367832 -0.0023913702461868525
v 0.0035236701369285583 0.010336601175367832 -0.0012609200784936547
v 0.005405990406870842 0.008423999883234501 -0.004519970156252384
v 0.008289710618555546 -0.001988880103453994 -0.0069347405806183815
v 0.005407189950346947 -0.001988880103453994 -0.00935354083776474
v 0.008289710618555546 0.0018987801158800721 -0.0069347405806183815
v 0.005407189950346947 0.0018987801158800721 -0.00935354083776474
v 0.008289710618555546 0.0018987801158800721 -0.0069347405806183815
v 0.005407189950346947 -0.001988880103453994 -0.00935354083776474
v 0.008289710618555546 0.0018987801158800721 -0.0069347405806183815
v 0.005407189950346947 0.0018987801158800721 -0.00935354083776474
v 0.007290220353752375 0.005493310280144215 -0.0060960398986935616
v 0.00475481990724802 0.005493300035595894 -0.0082235811278224
v 0.007290220353752375 0.005493310280144215 -0.0060960398986935616
v 0.005407189950346947 0.0018987801158800721 -0.00935354083776474
v 0.007290220353752375 0.005493310280144215 -0.0060960398986935616
v 0.00475481990724802 0.005493300035595894 -0.0082235811278224
v 0.005405990406870842 0.008423999883234501 -0.004519970156252384
v 0.0035236701369285583 0.008423999883234501 -0.006097809877246618
v 0.005405990406870842 0.008423999883234501 -0.004519970156252384
v 0.00475481990724802 0.005493300035595894 -0.0082235811278224
v 0.005405990406870842 0.008423999883234501 -0.004519970156252384
v 0.0035236701369285583 0.008423999883234501 -0.006097809877246618
v 0.002869390184059739 0.010336601175367832 -0.0023913702461868525
v 0.001868120045401156 0.010336601175367832 -0.0032300001475960016
v 0.002869390184059739 0.010336601175367832 -0.0023913702461868525
v 0.0035236701369285583 0.008423999883234501 -0.006097809877246618
v 0.002869390184059739 0.010336601175367832 -0.0023913702461868525
v 0.001868120045401156 0.010336601175367832 -0.0032300001475960016
v -1.0239999937766697e-05 0.01100000087171793 2.9770000764983706e-05
v 0.005407189950346947 -0.001988880103453994 -0.00935354083776474
v 0.0018712300807237625 -0.001988880103453994 -0.010640471242368221
v 0.005407189950346947 0.0018987801158800721 -0.00935354083776474
v 0.0018712400924414396 0.0018987801158800721 -0.010640480555593967
v 0.005407189950346947 0.0018987801158800721 -0.00935354083776474
v 0.0018712300807237625 -0.001988880103453994 -0.010640471242368221
v 0.005407189950346947 0.0018987801158800721 -0.00935354083776474
v 0.0018712400924414396 0.0018987801158800721 -0.010640480555593967
v 0.00475481990724802 0.005493300035595894 -0.0082235811278224
v 0.001644680043682456 0.005493310280144215 -0.009355520829558372
v 0.00475481990724802 0.005493300035595894 -0.0082235811278224
v 0.0018712400924414396 0.0018987801158800721 -0.010640480555593967
v 0.00475481990724802 0.005493300035595894 -0.0082235811278224
v 0.001644680043682456 0.005493310280144215 -0.009355520829558372
v 0.0035236701369285583 0.008423999883234501 -0.006097809877246618
v 0.0035236701369285583 0.008423999883234501 -0.006097809877246618
v 0.0012153200805187225 0.008423999883234501 -0.00693679042160511
v 0.001868120045401156 0.010336601175367832 -0.0032300001475960016
v 0.0012153200805187225 0.008423999883234501 -0.00693679042160511
v 0.0035236701369285583 0.008423999883234501 -0.006097809877246618
v 0.001644680043682456 0.005493310280144215 -0.009355520829558372
v 0.001868120045401156 0.010336601175367832 -0.0032300001475960016
v 0.0006404400337487459 0.010336601175367832 -0.0036757602356374264
v -1.0239999937766697e-05 0.01100000087171793 2.9770000764983706e-05
v 0.0006404400337487459 0.010336601175367832 -0.0036757602356374264
v 0.001868120045401156 0.010336601175367832 -0.0032300001475960016
v 0.0012153200805187225 0.008423999883234501 -0.00693679042160511
v 0.0018712300807237625 -0.001988880103453994 -0.010640471242368221
v -0.0018917000852525234 -0.001988880103453994 -0.010640480555593967
v 0.0018712400924414396 0.0018987801158800721 -0.010640480555593967
v -0.0018917000852525234 0.0018987801158800721 -0.010640480555593967
v 0.0018712400924414396 0.0018987801158800721 -0.010640480555593967
v -0.0018917000852525234 -0.001988880103453994 -0.010640480555593967
v 0.0018712400924414396 0.0018987801158800721 -0.010640480555593967
v -0.0018917000852525234 0.0018987801158800721 -0.010640480555593967
v 0.001644680043682456 0.005493310280144215 -0.009355520829558372
v -0.0016651400364935398 0.005493300035595894 -0.009355520829558372
v 0.001644680043682456 0.005493310280144215 -0.009355520829558372
v -0.0018917000852525234 0.0018987801158800721 -0.010640480555593967
v 0.001644680043682456 0.005493310280144215 -0.009355520829558372
v -0.0016651400364935398 0.005493300035595894 -0.009355520829558372
v 0.0012153200805187225 0.008423999883234501 -0.00693679042160511
v -0.0012407400645315647 0.008423999883234501 -0.006935940124094486
v 0.0012153200805187225 0.008423999883234501 -0.00693679042160511
v -0.0016651400364935398 0.005493300035595894 -0.009355520829558372
v 0.0012153200805187225 0.008423999883234501 -0.00693679042160511
v -0.0012407400645315647 0.008423999883234501 -0.006935940124094486
v 0.0006404400337487459 0.010336601175367832 -0.0036757602356374264
v -0.0006655799807049334 0.010336601175367832 -0.003674910170957446
v 0.0006404400337487459 0.010336601175367832 -0.0036757602356374264
v -0.0012407400645315647 0.008423999883234501 -0.006935940124094486
v 0.0006404400337487459 0.010336601175367832 -0.0036757602356374264
v -0.0006655799807049334 0.010336601175367832 -0.003674910170957446
v -1.0239999937766697e-05 0.01100000087171793 2.9770000764983706e-05
v -0.0018917000852525234 -0.001988880103453994 -0.010640480555593967
v -0.005427660420536995 -0.001988880103453994 -0.00935354083776474
v -0.0018917000852525234 0.0018987801158800721 -0.010640480555593967
v -0.005427660420536995 0.0018987801158800721 -0.00935354083776474
v -0.0018917000852525234 0.0018987801158800721 -0.010640480555593967
v -0.005427660420536995 -0.001988880103453994 -0.00935354083776474
v -0.0018917000852525234 0.0018987801158800721 -0.010640480555593967
v -0.005427660420536995 0.0018987801158800721 -0.00935354083776474
v -0.0016651400364935398 0.005493300035595894 -0.009355520829558372
v -0.0016651400364935398 0.005493300035595894 -0.009355520829558372
v -0.004775290377438068 0.005493300035595894 -0.0082235811278224
v -0.0012407400645315647 0.008423999883234501 -0.006935940124094486
v -0.004775290377438068 0.005493300035595894 -0.0082235811278224
v -0.0016651400364935398 0.005493300035595894 -0.009355520829558372
v -0.005427660420536995 0.0018987801158800721 -0.00935354083776474
v -0.003548530163243413 0.008423999883234501 -0.006095270626246929
v -0.0012407400645315647 0.008423999883234501 -0.006935940124094486
v -0.004775290377438068 0.005493300035595894 -0.0082235811278224
v -0.0012407400645315647 0.008423999883234501 -0.006935940124094486
v -0.003548530163243413 0.008423999883234501 -0.006095270626246929
v -0.0006655799807049334 0.010336601175367832 -0.003674910170957446
v -0.0006655799807049334 0.010336601175367832 -0.003674910170957446
v -0.0018927000928670168 0.010336601175367832 -0.003227590350434184
v -1.0239999937766697e-05 0.01100000087171793 2.9770000764983706e-05
v -0.0018927000928670168 0.010336601175367832 -0.003227590350434184
v -0.0006655799807049334 0.010336601175367832 -0.003674910170957446
v -0.003548530163243413 0.008423999883234501 -0.006095270626246929
v -0.005427660420536995 -0.001988880103453994 -0.00935354083776474
v -0.00831018015742302 -0.001988880103453994 -0.0069347405806183815
v -0.005427660420536995 0.0018987801158800721 -0.00935354083776474
v -0.00831018015742302 0.0018987801158800721 -0.0069347405806183815
v -0.005427660420536995 0.0018987801158800721 -0.00935354083776474
v -0.00831018015742302 -0.001988880103453994 -0.0069347405806183815
v -0.005427660420536995 0.0018987801158800721 -0.00935354083776474
v -0.00831018015742302 0.0018987801158800721 -0.0069347405806183815
v -0.004775290377438068 0.005493300035595894 -0.0082235811278224
v -0.004775290377438068 0.005493300035595894 -0.0082235811278224
v -0.0073106903582811356 0.005493300035595894 -0.006096050143241882
v -0.003548530163243413 0.008423999883234501 -0.006095270626246929
v -0.0073106903582811356 0.005493300035595894 -0.006096050143241882
v -0.004775290377438068 0.005493300035595894 -0.0082235811278224
v -0.00831018015742302 0.0018987801158800721 -0.0069347405806183815
v -0.005429710261523724 0.008423999883234501 -0.004516150336712599
v -0.003548530163243413 0.008423999883234501 -0.006095270626246929
v -0.0073106903582811356 0.005493300035595894 -0.006096050143241882
v -0.003548530163243413 0.008423999883234501 -0.006095270626246929
v -0.005429710261523724 0.008423999883234501 -0.004516150336712599
v -0.0018927000928670168 0.010336601175367832 -0.003227590350434184
v -0.0028929701074957848 0.010336601175367832 -0.0023876901250332594
v -0.0018927000928670168 0.010336601175367832 -0.003227590350434184
v -0.005429710261523724 0.008423999883234501 -0.004516150336712599
v -0.0018927000928670168 0.010336601175367832 -0.003227590350434184
v -0.0028929701074957848 0.010336601175367832 -0.0023876901250332594
v -1.0239999937766697e-05 0.01100000087171793 2.9770000764983706e-05
v -0.00831018015742302 -0.001988880103453994 -0.0069347405806183815
v -0.010191651061177254 -0.001988880103453994 -0.003675970248878002
v -0.00831018015742302 0.0018987801158800721 -0.0069347405806183815
v -0.00831018015742302 0.0018987801158800721 -0.0069347405806183815
v -0.010191651061177254 0.0018987801158800721 -0.003675970248878002
v -0.0073106903582811356 0.005493300035595894 -0.006096050143241882
v -0.010191651061177254 0.0018987801158800721 -0.003675970248878002
v -0.00831018015742302 0.0018987801158800721 -0.0069347405806183815
v -0.010191651061177254 -0.001988880103453994 -0.003675970248878002
v -0.0073106903582811356 0.005493300035595894 -0.006096050143241882
v -0.008965600281953812 0.005493300035595894 -0.0032297102734446526
v -0.005429710261523724 0.008423999883234501 -0.004516150336712599
v -0.008965600281953812 0.005493300035595894 -0.0032297102734446526
v -0.0073106903582811356 0.005493300035595894 -0.006096050143241882
v -0.010191651061177254 0.0018987801158800721 -0.003675970248878002
v -0.006657460704445839 0.008423999883234501 -0.0023889599833637476
v -0.005429710261523724 0.008423999883234501 -0.004516150336712599
v -0.008965600281953812 0.005493300035595894 -0.0032297102734446526
v -0.005429710261523724 0.008423999883234501 -0.004516150336712599
v -0.006657460704445839 0.008423999883234501 -0.0023889599833637476
v -0.0028929701074957848 0.010336601175367832 -0.0023876901250332594
v -0.00354577018879354 0.010336601175367832 -0.0012564599746838212
v -0.0028929701074957848 0.010336601175367832 -0.0023876901250332594
v -0.006657460704445839 0.008423999883234501 -0.0023889599833637476
v -0.0028929701074957848 0.010336601175367832 -0.0023876901250332594
v -0.00354577018879354 0.010336601175367832 -0.0012564599746838212
v -1.0239999937766697e-05 0.01100000087171793 2.9770000764983706e-05
v -0.010191651061177254 -0.001988880103453994 -0.003675970248878002
v -0.010822110809385777 -0.0019846102222800255 2.984000093420036e-05
v -0.010191651061177254 0.0018987801158800721 -0.003675970248878002
v -0.010822110809385777 -0.0019846102222800255 2.984000093420036e-05
v -0.010822110809385777 0.001894510118290782 2.984000093420036e-05
v -0.010191651061177254 0.0018987801158800721 -0.003675970248878002
v -0.008965600281953812 0.005493300035595894 -0.0032297102734446526
v -0.009532060474157333 0.005507700145244598 2.984000093420036e-05
v -0.006657460704445839 0.008423999883234501 -0.0023889599833637476
v -0.00354577018879354 0.010336601175367832 -0.0012564599746838212
v -0.007062280550599098 0.008400199934840202 2.984000093420036e-05
v -0.003756060265004635 0.010294000618159771 2.975999996124301e-05
v -1.0239999937766697e-05 0.01100000087171793 2.9770000764983706e-05
v -0.00354577018879354 0.010336601175367832 -0.0012564599746838212
v -0.003756060265004635 0.010294000618159771 2.975999996124301e-05
v -0.007062280550599098 0.008400199934840202 2.984000093420036e-05
v -0.006657460704445839 0.008423999883234501 -0.0023889599833637476
v -0.009532060474157333 0.005507700145244598 2.984000093420036e-05
v -0.006657460704445839 0.008423999883234501 -0.0023889599833637476
v -0.007062280550599098 0.008400199934840202 2.984000093420036e-05
v -0.00354577018879354 0.010336601175367832 -0.0012564599746838212
v -0.008653771132230759 0.0038524901028722525 0.029521910473704338
v -0.008671590127050877 3.160000233037863e-06 0.02958427183330059
v -0.008977340534329414 0.005757390521466732 0.031260401010513306
v -0.008625339716672897 0.005137990228831768 0.029425740242004395
v -0.008653771132230759 0.0038524901028722525 0.029521910473704338
v -0.008977340534329414 0.005757390521466732 0.031260401010513306
v -0.008977340534329414 -0.005847500171512365 0.031260401010513306
v -0.008977340534329414 0.005757390521466732 0.031260401010513306
v -0.008671590127050877 3.160000233037863e-06 0.02958427183330059
v -0.008927990682423115 0.005757390521466732 0.03324101120233536
v -0.008977340534329414 0.005757390521466732 0.031260401010513306
v -0.008977340534329414 -0.005847500171512365 0.031260401010513306
v -0.008977340534329414 -0.005847500171512365 0.031260401010513306
v -0.008927990682423115 -0.005847500171512365 0.03324101120233536
v -0.008927990682423115 0.005757390521466732 0.03324101120233536
v -0.008446870371699333 0.005757390521466732 0.035163212567567825
v -0.008927990682423115 0.005757390521466732 0.03324101120233536
v -0.008927990682423115 -0.005847500171512365 0.03324101120233536
v -0.008927990682423115 -0.005847500171512365 0.03324101120233536
v -0.008446870371699333 -0.005847500171512365 0.03516320139169693
v -0.008446870371699333 0.005757390521466732 0.035163212567567825
v -0.007557400036603212 0.005757390521466732 0.03693373128771782
v -0.008446870371699333 0.005757390521466732 0.035163212567567825
v -0.008446870371699333 -0.005847500171512365 0.03516320139169693
v -0.008446870371699333 -0.005847500171512365 0.03516320139169693
v -0.007557400036603212 -0.005847500171512365 0.03693373128771782
v -0.007557400036603212 0.005757390521466732 0.03693373128771782
v -0.006301150191575289 0.005757390521466732 0.03846575319766998
v -0.007557400036603212 0.005757390521466732 0.03693373128771782
v -0.007557400036603212 -0.005847500171512365 0.03693373128771782
v -0.007557400036603212 -0.005847500171512365 0.03693373128771782
v -0.006301150191575289 -0.005847500171512365 0.03846575319766998
v -0.006301150191575289 0.005757390521466732 0.03846575319766998
v -0.004740850068628788 0.005757390521466732 0.039686642587184906
v -0.006301150191575289 0.005757390521466732 0.03846575319766998
v -0.006301150191575289 -0.005847500171512365 0.03846575319766998
v -0.006301150191575289 -0.005847500171512365 0.03846575319766998
v -0.004740850068628788 -0.005847500171512365 0.039686642587184906
v -0.004740850068628788 0.005757390521466732 0.039686642587184906
v -0.002950960071757436 0.005757390521466732 0.04053609445691109
v -0.004740850068628788 0.005757390521466732 0.039686642587184906
v -0.004740850068628788 -0.005847500171512365 0.039686642587184906
v -0.004740850068628788 -0.005847500171512365 0.039686642587184906
v -0.0029509502928704023 -0.005847500171512365 0.04053607955574989
v -0.002950960071757436 0.005757390521466732 0.04053609445691109
v -0.0010180100798606873 0.005757390521466732 0.04097280278801918
v -0.002950960071757436 0.005757390521466732 0.04053609445691109
v -0.0029509502928704023 -0.005847500171512365 0.04053607955574989
v -0.0029509502928704023 -0.005847500171512365 0.04053607955574989
v -0.0010180000681430101 -0.005847500171512365 0.04097280278801918
v -0.0010180100798606873 0.005757390521466732 0.04097280278801918
v 0.0009629500564187765 0.005757390521466732 0.04097697138786316
v -0.0010180100798606873 0.005757390521466732 0.04097280278801918
v -0.0010180000681430101 -0.005847500171512365 0.04097280278801918
v -0.0010180000681430101 -0.005847500171512365 0.04097280278801918
v 0.0009629500564187765 -0.005847500171512365 0.040976960211992264
v 0.0009629500564187765 0.005757390521466732 0.04097697138786316
v 0.0028970399871468544 0.005757390521466732 0.04054732993245125
v 0.0009629500564187765 0.005757390521466732 0.04097697138786316
v 0.0009629500564187765 -0.005847500171512365 0.040976960211992264
v 0.0009629500564187765 -0.005847500171512365 0.040976960211992264
v 0.0028970399871468544 -0.005847500171512365 0.04054732993245125
v 0.0028970399871468544 0.005757390521466732 0.04054732993245125
v 0.004690249916166067 0.005757390521466732 0.039704740047454834
v 0.0028970399871468544 0.005757390521466732 0.04054732993245125
v 0.0028970399871468544 -0.005847500171512365 0.04054732993245125
v 0.0028970399871468544 -0.005847500171512365 0.04054732993245125
v 0.004690260160714388 -0.005847500171512365 0.03970473259687424
v 0.004690249916166067 0.005757390521466732 0.039704740047454834
v 0.00625565042719245 0.005757390521466732 0.03849036246538162
v 0.004690249916166067 0.005757390521466732 0.039704740047454834
v 0.004690260160714388 -0.005847500171512365 0.03970473259687424
v 0.004690260160714388 -0.005847500171512365 0.03970473259687424
v 0.00625565042719245 -0.005847500171512365 0.03849036246538162
v 0.00625565042719245 0.005757390521466732 0.03849036246538162
v 0.0075173405930399895 0.0057574003003537655 0.03696279972791672
v 0.00625565042719245 0.005757390521466732 0.03849036246538162
v 0.00625565042719245 -0.005847500171512365 0.03849036246538162
v 0.00625565042719245 -0.005847500171512365 0.03849036246538162
v 0.0075173405930399895 -0.005847500171512365 0.03696279227733612
v 0.0075173405930399895 0.0057574003003537655 0.03696279972791672
v 0.008414310403168201 0.0057574003003537655 0.03519623354077339
v 0.0075173405930399895 0.0057574003003537655 0.03696279972791672
v 0.0075173405930399895 -0.005847500171512365 0.03696279227733612
v 0.0075173405930399895 -0.005847500171512365 0.03696279227733612
v 0.008414310403168201 -0.005847500171512365 0.03519623354077339
v 0.008414310403168201 0.0057574003003537655 0.03519623354077339
v 0.008903060108423233 0.0057574003003537655 0.03327615186572075
v 0.008414310403168201 0.0057574003003537655 0.03519623354077339
v 0.008414310403168201 -0.005847500171512365 0.03519623354077339
v 0.008414310403168201 -0.005847500171512365 0.03519623354077339
v 0.008903060108423233 -0.005847500171512365 0.03327615186572075
v 0.008903060108423233 0.0057574003003537655 0.03327615186572075
v 0.008959770202636719 0.0057574003003537655 0.031295690685510635
v 0.008903060108423233 0.0057574003003537655 0.03327615186572075
v 0.008903060108423233 -0.005847500171512365 0.03327615186572075
v 0.008903060108423233 -0.005847500171512365 0.03327615186572075
v 0.008959770202636719 -0.005847500171512365 0.031295690685510635
v 0.008959770202636719 0.0057574003003537655 0.031295690685510635
v 0.008959770202636719 0.0057574003003537655 0.031295690685510635
v 0.008959770202636719 -0.005847500171512365 0.031295690685510635
v 0.008663630113005638 -9.010000212583691e-05 0.029628902673721313
v 0.008959770202636719 0.0057574003003537655 0.031295690685510635
v 0.008663630113005638 -9.010000212583691e-05 0.029628902673721313
v 0.008656560443341732 0.0018470800714567304 0.029603581875562668
v 0.008959770202636719 0.0057574003003537655 0.031295690685510635
v 0.008656560443341732 0.0018470800714567304 0.029603581875562668
v 0.0086402902379632 0.0039125001057982445 0.029546160250902176
v 0.008959770202636719 0.0057574003003537655 0.031295690685510635
v 0.0086402902379632 0.0039125001057982445 0.029546160250902176
v 0.008612650446593761 0.005133600439876318 0.029451772570610046
v 0.008354980498552322 0.006416700314730406 0.028913941234350204
v 0.008959770202636719 0.0057574003003537655 0.031295690685510635
v 0.008612650446593761 0.005133600439876318 0.029451772570610046
v -0.008315280079841614 0.006493100430816412 0.02880709245800972
v -0.008625339716672897 0.005137990228831768 0.029425740242004395
v -0.008977340534329414 0.005757390521466732 0.031260401010513306
v -0.00878182053565979 0.006905389949679375 0.03200492262840271
v -0.008315280079841614 0.006493100430816412 0.02880709245800972
v -0.008977340534329414 0.005757390521466732 0.031260401010513306
v -0.008109220303595066 0.007878690026700497 0.032631970942020416
v -0.008032640442252159 0.007878690026700497 0.030766280367970467
v -0.00878182053565979 0.006905389949679375 0.03200492262840271
v -0.008977340534329414 0.005757390521466732 0.031260401010513306
v -0.008927990682423115 0.005757390521466732 0.03324101120233536
v -0.00878182053565979 0.006905389949679375 0.03200492262840271
v -0.00878182053565979 0.006905389949679375 0.03200492262840271
v -0.008927990682423115 0.005757390521466732 0.03324101120233536
v -0.008446870371699333 0.005757390521466732 0.035163212567567825
v -0.008124850690364838 0.006905389949679375 0.03536077216267586
v -0.00878182053565979 0.006905389949679375 0.03200492262840271
v -0.008446870371699333 0.005757390521466732 0.035163212567567825
v -0.008124850690364838 0.006905389949679375 0.03536077216267586
v -0.007757930085062981 0.007878690026700497 0.0344662107527256
v -0.008109220303595066 0.007878690026700497 0.032631970942020416
v -0.00878182053565979 0.006905389949679375 0.03200492262840271
v -0.008124850690364838 0.006905389949679375 0.03536077216267586
v -0.008109220303595066 0.007878690026700497 0.032631970942020416
v -0.006996520329266787 0.007878690026700497 0.036170899868011475
v -0.007757930085062981 0.007878690026700497 0.0344662107527256
v -0.008124850690364838 0.006905389949679375 0.03536077216267586
v -0.008446870371699333 0.005757390521466732 0.035163212567567825
v -0.007557400036603212 0.005757390521466732 0.03693373128771782
v -0.008124850690364838 0.006905389949679375 0.03536077216267586
v -0.006234330590814352 0.006905389949679375 0.038210123777389526
v -0.005865720100700855 0.007878690026700497 0.037656672298908234
v -0.006996520329266787 0.007878690026700497 0.036170899868011475
v -0.008124850690364838 0.006905389949679375 0.03536077216267586
v -0.006234330590814352 0.006905389949679375 0.038210123777389526
v -0.006996520329266787 0.007878690026700497 0.036170899868011475
v -0.006234330590814352 0.006905389949679375 0.038210123777389526
v -0.008124850690364838 0.006905389949679375 0.03536077216267586
v -0.007557400036603212 0.005757390521466732 0.03693373128771782
v -0.007557400036603212 0.005757390521466732 0.03693373128771782
v -0.006301150191575289 0.005757390521466732 0.03846575319766998
v -0.006234330590814352 0.006905389949679375 0.038210123777389526
v -0.004426260013133287 0.007878690026700497 0.03884582221508026
v -0.005865720100700855 0.007878690026700497 0.037656672298908234
v -0.006234330590814352 0.006905389949679375 0.038210123777389526
v -0.006234330590814352 0.006905389949679375 0.038210123777389526
v -0.006301150191575289 0.005757390521466732 0.03846575319766998
v -0.004740850068628788 0.005757390521466732 0.039686642587184906
v -0.0033986202906817198 0.006905389949679375 0.04012094438076019
v -0.006234330590814352 0.006905389949679375 0.038210123777389526
v -0.004740850068628788 0.005757390521466732 0.039686642587184906
v -0.006234330590814352 0.006905389949679375 0.038210123777389526
v -0.0033986202906817198 0.006905389949679375 0.04012094438076019
v -0.004426260013133287 0.007878690026700497 0.03884582221508026
v -0.0027525401674211025 0.007878690026700497 0.03967384248971939
v -0.004426260013133287 0.007878690026700497 0.03884582221508026
v -0.0033986202906817198 0.006905389949679375 0.04012094438076019
v -0.004740850068628788 0.005757390521466732 0.039686642587184906
v -0.002950960071757436 0.005757390521466732 0.04053609445691109
v -0.0033986202906817198 0.006905389949679375 0.04012094438076019
v -0.0033986202906817198 0.006905389949679375 0.04012094438076019
v -0.002950960071757436 0.005757390521466732 0.04053609445691109
v -0.0010180100798606873 0.005757390521466732 0.04097280278801918
v -4.7220000851666555e-05 0.006905389949679375 0.04080133140087128
v -0.0033986202906817198 0.006905389949679375 0.04012094438076019
v -0.0010180100798606873 0.005757390521466732 0.04097280278801918
v -4.7220000851666555e-05 0.006905389949679375 0.04080133140087128
v -0.0009347100858576596 0.007878690026700497 0.04009867459535599
v -0.0027525401674211025 0.007878690026700497 0.03967384248971939
v -0.0033986202906817198 0.006905389949679375 0.04012094438076019
v -4.7220000851666555e-05 0.006905389949679375 0.04080133140087128
v -0.0027525401674211025 0.007878690026700497 0.03967384248971939
v -0.0010180100798606873 0.005757390521466732 0.04097280278801918
v 0.0009629500564187765 0.005757390521466732 0.04097697138786316
v -4.7220000851666555e-05 0.006905389949679375 0.04080133140087128
v 0.0009326900471933186 0.007878690026700497 0.04009620100259781
v -0.0009347100858576596 0.007878690026700497 0.04009867459535599
v -4.7220000851666555e-05 0.006905389949679375 0.04080133140087128
v -4.7220000851666555e-05 0.006905389949679375 0.04080133140087128
v 0.0009629500564187765 0.005757390521466732 0.04097697138786316
v 0.0028970399871468544 0.005757390521466732 0.04054732993245125
v 0.0033094901591539383 0.0069054001942276955 0.0401490218937397
v -4.7220000851666555e-05 0.006905389949679375 0.04080133140087128
v 0.0028970399871468544 0.005757390521466732 0.04054732993245125
v 0.0033094901591539383 0.0069054001942276955 0.0401490218937397
v 0.002750030253082514 0.007878690026700497 0.03966762498021126
v 0.0009326900471933186 0.007878690026700497 0.04009620100259781
v -4.7220000851666555e-05 0.006905389949679375 0.04080133140087128
v 0.0033094901591539383 0.0069054001942276955 0.0401490218937397
v 0.0009326900471933186 0.007878690026700497 0.04009620100259781
v 0.0028970399871468544 0.005757390521466732 0.04054732993245125
v 0.004690249916166067 0.005757390521466732 0.039704740047454834
v 0.0033094901591539383 0.0069054001942276955 0.0401490218937397
v 0.004421490244567394 0.007878690026700497 0.038835350424051285
v 0.002750030253082514 0.007878690026700497 0.03966762498021126
v 0.0033094901591539383 0.0069054001942276955 0.0401490218937397
v 0.0033094901591539383 0.0069054001942276955 0.0401490218937397
v 0.004690249916166067 0.005757390521466732 0.039704740047454834
v 0.00625565042719245 0.005757390521466732 0.03849036246538162
v 0.006161750294268131 0.0069054001942276955 0.03826266899704933
v 0.0033094901591539383 0.0069054001942276955 0.0401490218937397
v 0.00625565042719245 0.005757390521466732 0.03849036246538162
v 0.0033094901591539383 0.0069054001942276955 0.0401490218937397
v 0.006161750294268131 0.0069054001942276955 0.03826266899704933
v 0.004421490244567394 0.007878690026700497 0.038835350424051285
v 0.005858610384166241 0.007878700271248817 0.03764331340789795
v 0.004421490244567394 0.007878690026700497 0.038835350424051285
v 0.006161750294268131 0.0069054001942276955 0.03826266899704933
v 0.00625565042719245 0.005757390521466732 0.03849036246538162
v 0.0075173405930399895 0.0057574003003537655 0.03696279972791672
v 0.006161750294268131 0.0069054001942276955 0.03826266899704933
v 0.008075949735939503 0.0069054001942276955 0.035429082810878754
v 0.006985590327531099 0.007878700271248817 0.036154571920633316
v 0.005858610384166241 0.007878700271248817 0.03764331340789795
v 0.006161750294268131 0.0069054001942276955 0.03826266899704933
v 0.008075949735939503 0.0069054001942276955 0.035429082810878754
v 0.005858610384166241 0.007878700271248817 0.03764331340789795
v 0.008075949735939503 0.0069054001942276955 0.035429082810878754
v 0.006161750294268131 0.0069054001942276955 0.03826266899704933
v 0.0075173405930399895 0.0057574003003537655 0.03696279972791672
v 0.0075173405930399895 0.0057574003003537655 0.03696279972791672
v 0.008414310403168201 0.0057574003003537655 0.03519623354077339
v 0.008075949735939503 0.0069054001942276955 0.035429082810878754
v 0.00774269038811326 0.007878700271248817 0.03444783017039299
v 0.006985590327531099 0.007878700271248817 0.036154571920633316
v 0.008075949735939503 0.0069054001942276955 0.035429082810878754
v 0.008761280216276646 0.0069054001942276955 0.032078951597213745
v 0.00809009000658989 0.007878700271248817 0.03261324018239975
v 0.00774269038811326 0.007878700271248817 0.03444783017039299
v 0.008075949735939503 0.0069054001942276955 0.035429082810878754
v 0.008761280216276646 0.0069054001942276955 0.032078951597213745
v 0.00774269038811326 0.007878700271248817 0.03444783017039299
v 0.008075949735939503 0.0069054001942276955 0.035429082810878754
v 0.008414310403168201 0.0057574003003537655 0.03519623354077339
v 0.008903060108423233 0.0057574003003537655 0.03327615186572075
v 0.008761280216276646 0.0069054001942276955 0.032078951597213745
v 0.008075949735939503 0.0069054001942276955 0.035429082810878754
v 0.008903060108423233 0.0057574003003537655 0.03327615186572075
v 0.008903060108423233 0.0057574003003537655 0.03327615186572075
v 0.008959770202636719 0.0057574003003537655 0.031295690685510635
v 0.008761280216276646 0.0069054001942276955 0.032078951597213745
v 0.008009269833564758 0.007878700271248817 0.030747821554541588
v 0.00809009000658989 0.007878700271248817 0.03261324018239975
v 0.008761280216276646 0.0069054001942276955 0.032078951597213745
v 0.008761280216276646 0.0069054001942276955 0.032078951597213745
v 0.008354980498552322 0.006416700314730406 0.028913941234350204
v 0.008009269833564758 0.007878700271248817 0.030747821554541588
v 0.008761280216276646 0.0069054001942276955 0.032078951597213745
v 0.008959770202636719 0.0057574003003537655 0.031295690685510635
v 0.008354980498552322 0.006416700314730406 0.028913941234350204
v 0.007137550041079521 0.008031399920582771 0.02836388163268566
v 0.008009269833564758 0.007878700271248817 0.030747821554541588
v 0.008354980498552322 0.006416700314730406 0.028913941234350204
v -0.005427380558103323 0.009835801087319851 0.02897489070892334
v -0.007389820646494627 0.007944890297949314 0.028762411326169968
v -0.005754420068114996 0.010121290571987629 0.0307796411216259
v -0.008032640442252159 0.007878690026700497 0.030766280367970467
v -0.005754420068114996 0.010121290571987629 0.0307796411216259
v -0.007389820646494627 0.007944890297949314 0.028762411326169968
v -0.005888910032808781 0.010121290571987629 0.03202981501817703
v -0.005754420068114996 0.010121290571987629 0.0307796411216259
v -0.008032640442252159 0.007878690026700497 0.030766280367970467
v -0.008032640442252159 0.007878690026700497 0.030766280367970467
v -0.008109220303595066 0.007878690026700497 0.032631970942020416
v -0.005888910032808781 0.010121290571987629 0.03202981501817703
v -0.005688580218702555 0.010121290571987629 0.03355129063129425
v -0.005888910032808781 0.010121290571987629 0.03202981501817703
v -0.008109220303595066 0.007878690026700497 0.032631970942020416
v -0.008109220303595066 0.007878690026700497 0.032631970942020416
v -0.007757930085062981 0.007878690026700497 0.0344662107527256
v -0.005688580218702555 0.010121290571987629 0.03355129063129425
v -0.005101330112665892 0.010121290571987629 0.034969110041856766
v -0.005688580218702555 0.010121290571987629 0.03355129063129425
v -0.007757930085062981 0.007878690026700497 0.0344662107527256
v -0.007757930085062981 0.007878690026700497 0.0344662107527256
v -0.006996520329266787 0.007878690026700497 0.036170899868011475
v -0.005101330112665892 0.010121290571987629 0.034969110041856766
v -0.005101330112665892 0.010121290571987629 0.034969110041856766
v -0.006996520329266787 0.007878690026700497 0.036170899868011475
v -0.005865720100700855 0.007878690026700497 0.037656672298908234
v -0.004167110193520784 0.010121290571987629 0.03618661314249039
v -0.005101330112665892 0.010121290571987629 0.034969110041856766
v -0.005865720100700855 0.007878690026700497 0.037656672298908234
v -0.005865720100700855 0.007878690026700497 0.037656672298908234
v -0.004426260013133287 0.007878690026700497 0.03884582221508026
v -0.004167110193520784 0.010121290571987629 0.03618661314249039
v -0.0029496101196855307 0.010121290571987629 0.03712083399295807
v -0.004167110193520784 0.010121290571987629 0.03618661314249039
v -0.004426260013133287 0.007878690026700497 0.03884582221508026
v -0.004426260013133287 0.007878690026700497 0.03884582221508026
v -0.0027525401674211025 0.007878690026700497 0.03967384248971939
v -0.0029496101196855307 0.010121290571987629 0.03712083399295807
v -0.0015317101497203112 0.010121290571987629 0.037708163261413574
v -0.0029496101196855307 0.010121290571987629 0.03712083399295807
v -0.0027525401674211025 0.007878690026700497 0.03967384248971939
v -0.0027525401674211025 0.007878690026700497 0.03967384248971939
v -0.0009347100858576596 0.007878690026700497 0.04009867459535599
v -0.0015317101497203112 0.010121290571987629 0.037708163261413574
v -1.0239999937766697e-05 0.010121290571987629 0.03790848329663277
v -0.0015317101497203112 0.010121290571987629 0.037708163261413574
v -0.0009347100858576596 0.007878690026700497 0.04009867459535599
v -0.0009347100858576596 0.007878690026700497 0.04009867459535599
v 0.0009326900471933186 0.007878690026700497 0.04009620100259781
v -1.0239999937766697e-05 0.010121290571987629 0.03790848329663277
v 0.0015112400287762284 0.010121290571987629 0.037708163261413574
v -1.0239999937766697e-05 0.010121290571987629 0.03790848329663277
v 0.0009326900471933186 0.007878690026700497 0.04009620100259781
v 0.0009326900471933186 0.007878690026700497 0.04009620100259781
v 0.002750030253082514 0.007878690026700497 0.03966762498021126
v 0.0015112400287762284 0.010121290571987629 0.037708163261413574
v 0.0029291301034390926 0.010121290571987629 0.03712083399295807
v 0.0015112400287762284 0.010121290571987629 0.037708163261413574
v 0.002750030253082514 0.007878690026700497 0.03966762498021126
v 0.002750030253082514 0.007878690026700497 0.03966762498021126
v 0.004421490244567394 0.007878690026700497 0.038835350424051285
v 0.0029291301034390926 0.010121290571987629 0.03712083399295807
v 0.004146629944443703 0.010121290571987629 0.03618661314249039
v 0.0029291301034390926 0.010121290571987629 0.03712083399295807
v 0.004421490244567394 0.007878690026700497 0.038835350424051285
v 0.004421490244567394 0.007878690026700497 0.038835350424051285
v 0.005858610384166241 0.007878700271248817 0.03764331340789795
v 0.004146629944443703 0.010121290571987629 0.03618661314249039
v 0.004146629944443703 0.010121290571987629 0.03618661314249039
v 0.005858610384166241 0.007878700271248817 0.03764331340789795
v 0.006985590327531099 0.007878700271248817 0.036154571920633316
v 0.005080860573798418 0.010121290571987629 0.034969110041856766
v 0.004146629944443703 0.010121290571987629 0.03618661314249039
v 0.006985590327531099 0.007878700271248817 0.036154571920633316
v 0.006985590327531099 0.007878700271248817 0.036154571920633316
v 0.00774269038811326 0.007878700271248817 0.03444783017039299
v 0.005080860573798418 0.010121290571987629 0.034969110041856766
v 0.005668110214173794 0.010121290571987629 0.03355129063129425
v 0.005080860573798418 0.010121290571987629 0.034969110041856766
v 0.00774269038811326 0.007878700271248817 0.03444783017039299
v 0.00774269038811326 0.007878700271248817 0.03444783017039299
v 0.00809009000658989 0.007878700271248817 0.03261324018239975
v 0.005668110214173794 0.010121290571987629 0.03355129063129425
v 0.005868430249392986 0.010121299885213375 0.03202981501817703
v 0.005668110214173794 0.010121290571987629 0.03355129063129425
v 0.00809009000658989 0.007878700271248817 0.03261324018239975
v 0.00809009000658989 0.007878700271248817 0.03261324018239975
v 0.008009269833564758 0.007878700271248817 0.030747821554541588
v 0.005868430249392986 0.010121299885213375 0.03202981501817703
v 0.0057308305986225605 0.010121299885213375 0.030765080824494362
v 0.005868430249392986 0.010121299885213375 0.03202981501817703
v 0.008009269833564758 0.007878700271248817 0.030747821554541588
v 0.008009269833564758 0.007878700271248817 0.030747821554541588
v 0.007137550041079521 0.008031399920582771 0.02836388163268566
v 0.0057308305986225605 0.010121299885213375 0.030765080824494362
v 0.0057308305986225605 0.010121299885213375 0.030765080824494362
v 0.007137550041079521 0.008031399920582771 0.02836388163268566
v 0.005324040073901415 0.010121500119566917 0.029559532180428505
v 0.005868430249392986 0.010121299885213375 0.03202981501817703
v 0.0057308305986225605 0.010121299885213375 0.030765080824494362
v 0.004885350354015827 0.01074795052409172 0.03202972188591957
v 0.004526770208030939 0.010771600529551506 0.03016474097967148
v 0.003594880225136876 0.01100000087171793 0.03097120299935341
v 0.0037471100222319365 0.01100000087171793 0.03202981501817703
v 0.004526770208030939 0.010771600529551506 0.03016474097967148
v 0.0037471100222319365 0.01100000087171793 0.03202981501817703
v 0.004885350354015827 0.01074795052409172 0.03202972188591957
v 0.004526770208030939 0.010771600529551506 0.03016474097967148
v 0.004885350354015827 0.01074795052409172 0.03202972188591957
v 0.0057308305986225605 0.010121299885213375 0.030765080824494362
v 0.0057308305986225605 0.010121299885213375 0.030765080824494362
v 0.005324040073901415 0.010121500119566917 0.029559532180428505
v 0.004526770208030939 0.010771600529551506 0.03016474097967148
v 0.003150670090690255 0.01100000087171793 0.029998360201716423
v 0.003594880225136876 0.01100000087171793 0.03097120299935341
v 0.004526770208030939 0.010771600529551506 0.03016474097967148
v 0.004526770208030939 0.010771600529551506 0.03016474097967148
v 0.0034854202531278133 0.010817300528287888 0.028477761894464493
v 0.003150670090690255 0.01100000087171793 0.029998360201716423
v 0.004526770208030939 0.010771600529551506 0.03016474097967148
v 0.005324040073901415 0.010121500119566917 0.029559532180428505
v 0.0034854202531278133 0.010817300528287888 0.028477761894464493
v 0.0024503502063453197 0.01100000087171793 0.029190141707658768
v 0.003150670090690255 0.01100000087171793 0.029998360201716423
v 0.0034854202531278133 0.010817300528287888 0.028477761894464493
v 0.0015506300842389464 0.01100000087171793 0.028612010180950165
v 0.0024503502063453197 0.01100000087171793 0.029190141707658768
v 0.0034854202531278133 0.010817300528287888 0.028477761894464493
v 0.0034854202531278133 0.010817300528287888 0.028477761894464493
v 0.002856450155377388 0.010624799877405167 0.026984181255102158
v 0.0015506300842389464 0.01100000087171793 0.028612010180950165
v 0.0015506300842389464 0.01100000087171793 0.028612010180950165
v 0.002856450155377388 0.010624799877405167 0.026984181255102158
v 0.0005244800122454762 0.01100000087171793 0.028310641646385193
v -0.0009031000663526356 0.010946700349450111 0.02780258096754551
v 0.0005244800122454762 0.01100000087171793 0.028310641646385193
v -0.0002246300136903301 0.010946201160550117 0.027712281793355942
v -0.002470819978043437 0.01100000087171793 0.029190141707658768
v -0.0015711000887677073 0.01100000087171793 0.028612010180950165
v -0.0034136101603507996 0.010676470585167408 0.027956951409578323
v -0.0034136101603507996 0.010676470585167408 0.027956951409578323
v -0.0037564202211797237 0.010717689990997314 0.02867628075182438
v -0.002470819978043437 0.01100000087171793 0.029190141707658768
v -0.003171150106936693 0.010999990627169609 0.029998360201716423
v -0.002470819978043437 0.01100000087171793 0.029190141707658768
v -0.0037564202211797237 0.010717689990997314 0.02867628075182438
v -0.0037564202211797237 0.010717689990997314 0.02867628075182438
v -0.004546890500932932 0.010771600529551506 0.030163681134581566
v -0.003171150106936693 0.010999990627169609 0.029998360201716423
v -0.003615350229665637 0.010999990627169609 0.03097120299935341
v -0.003171150106936693 0.010999990627169609 0.029998360201716423
v -0.004546890500932932 0.010771600529551506 0.030163681134581566
v -0.005427380558103323 0.009835801087319851 0.02897489070892334
v -0.005754420068114996 0.010121290571987629 0.0307796411216259
v -0.004546890500932932 0.010771600529551506 0.030163681134581566
v -0.004546890500932932 0.010771600529551506 0.030163681134581566
v -0.005754420068114996 0.010121290571987629 0.0307796411216259
v -0.005888910032808781 0.010121290571987629 0.03202981501817703
v -0.004546890500932932 0.010771600529551506 0.030163681134581566
v -0.005888910032808781 0.010121290571987629 0.03202981501817703
v -0.004905810113996267 0.01074795052409172 0.03202974051237106
v -0.004546890500932932 0.010771600529551506 0.030163681134581566
v -0.004905810113996267 0.01074795052409172 0.03202974051237106
v -0.003615350229665637 0.010999990627169609 0.03097120299935341
v -0.003767590271309018 0.010999990627169609 0.03202981501817703
v -0.003615350229665637 0.010999990627169609 0.03097120299935341
v -0.004905810113996267 0.01074795052409172 0.03202974051237106
v -0.0009031000663526356 0.010946700349450111 0.02780258096754551
v -0.0015711000887677073 0.01100000087171793 0.028612010180950165
v 0.0005244800122454762 0.01100000087171793 0.028310641646385193
v 0.0015506300842389464 0.01100000087171793 0.028612010180950165
v 0.0005244800122454762 0.01100000087171793 0.028310641646385193
v -0.0015711000887677073 0.01100000087171793 0.028612010180950165
v -0.0015711000887677073 0.01100000087171793 0.028612010180950165
v -0.002470819978043437 0.01100000087171793 0.029190141707658768
v 0.0015506300842389464 0.01100000087171793 0.028612010180950165
v 0.0024503502063453197 0.01100000087171793 0.029190141707658768
v 0.0015506300842389464 0.01100000087171793 0.028612010180950165
v -0.002470819978043437 0.01100000087171793 0.029190141707658768
v -0.002470819978043437 0.01100000087171793 0.029190141707658768
v -0.003171150106936693 0.010999990627169609 0.029998360201716423
v 0.0024503502063453197 0.01100000087171793 0.029190141707658768
v 0.003150670090690255 0.01100000087171793 0.029998360201716423
v 0.0024503502063453197 0.01100000087171793 0.029190141707658768
v -0.003171150106936693 0.010999990627169609 0.029998360201716423
v -0.003171150106936693 0.010999990627169609 0.029998360201716423
v -0.003615350229665637 0.010999990627169609 0.03097120299935341
v 0.003150670090690255 0.01100000087171793 0.029998360201716423
v 0.003594880225136876 0.01100000087171793 0.03097120299935341
v 0.003150670090690255 0.01100000087171793 0.029998360201716423
v -0.003615350229665637 0.010999990627169609 0.03097120299935341
v -0.003615350229665637 0.010999990627169609 0.03097120299935341
v -0.003767590271309018 0.010999990627169609 0.03202981501817703
v 0.003594880225136876 0.01100000087171793 0.03097120299935341
v 0.0037471100222319365 0.01100000087171793 0.03202981501817703
v 0.003594880225136876 0.01100000087171793 0.03097120299935341
v -0.003767590271309018 0.010999990627169609 0.03202981501817703
v -0.003767590271309018 0.010999990627169609 0.03202981501817703
v -0.003615420078858733 0.010999990627169609 0.03308834135532379
v 0.0037471100222319365 0.01100000087171793 0.03202981501817703
v 0.0035949500743299723 0.01100000087171793 0.03308834135532379
v 0.0037471100222319365 0.01100000087171793 0.03202981501817703
v -0.003615420078858733 0.010999990627169609 0.03308834135532379
v -0.003615420078858733 0.010999990627169609 0.03308834135532379
v -0.003171150106936693 0.010999990627169609 0.03406111150979996
v 0.0035949500743299723 0.01100000087171793 0.03308834135532379
v 0.0031505899969488382 0.01100000087171793 0.03406118229031563
v 0.0035949500743299723 0.01100000087171793 0.03308834135532379
v -0.003171150106936693 0.010999990627169609 0.03406111150979996
v -0.003171150106936693 0.010999990627169609 0.03406111150979996
v -0.002470750128850341 0.010999990627169609 0.03486940264701843
v 0.0031505899969488382 0.01100000087171793 0.03406118229031563
v 0.00245028012432158 0.01100000087171793 0.03486940264701843
v 0.0031505899969488382 0.01100000087171793 0.03406118229031563
v -0.002470750128850341 0.010999990627169609 0.03486940264701843
v -0.002470750128850341 0.010999990627169609 0.03486940264701843
v -0.0015711101004853845 0.010999990627169609 0.0354476124048233
v 0.00245028012432158 0.01100000087171793 0.03486940264701843
v 0.0015506300842389464 0.010999990627169609 0.0354476124048233
v 0.00245028012432158 0.01100000087171793 0.03486940264701843
v -0.0015711101004853845 0.010999990627169609 0.0354476124048233
v -0.0015711101004853845 0.010999990627169609 0.0354476124048233
v -0.0005450199823826551 0.010999990627169609 0.03574890270829201
v 0.0015506300842389464 0.010999990627169609 0.0354476124048233
v 0.0005245500360615551 0.010999990627169609 0.03574890270829201
v 0.0015506300842389464 0.010999990627169609 0.0354476124048233
v -0.0005450199823826551 0.010999990627169609 0.03574890270829201
v -0.005888910032808781 0.010121290571987629 0.03202981501817703
v -0.005688580218702555 0.010121290571987629 0.03355129063129425
v -0.004905810113996267 0.01074795052409172 0.03202974051237106
v -0.004429860506206751 0.010771590285003185 0.03415820002555847
v -0.004905810113996267 0.01074795052409172 0.03202974051237106
v -0.005688580218702555 0.010121290571987629 0.03355129063129425
v -0.004429860506206751 0.010771590285003185 0.03415820002555847
v -0.003615420078858733 0.010999990627169609 0.03308834135532379
v -0.003767590271309018 0.010999990627169609 0.03202981501817703
v -0.004429860506206751 0.010771590285003185 0.03415820002555847
v -0.003767590271309018 0.010999990627169609 0.03202981501817703
v -0.004905810113996267 0.01074795052409172 0.03202974051237106
v -0.005688580218702555 0.010121290571987629 0.03355129063129425
v -0.005101330112665892 0.010121290571987629 0.034969110041856766
v -0.004429860506206751 0.010771590285003185 0.03415820002555847
v -0.003171150106936693 0.010999990627169609 0.03406111150979996
v -0.003615420078858733 0.010999990627169609 0.03308834135532379
v -0.004429860506206751 0.010771590285003185 0.03415820002555847
v -0.003068690188229084 0.010771600529551506 0.03586501255631447
v -0.002470750128850341 0.010999990627169609 0.03486940264701843
v -0.003171150106936693 0.010999990627169609 0.03406111150979996
v -0.004429860506206751 0.010771590285003185 0.03415820002555847
v -0.003068690188229084 0.010771600529551506 0.03586501255631447
v -0.003171150106936693 0.010999990627169609 0.03406111150979996
v -0.004429860506206751 0.010771590285003185 0.03415820002555847
v -0.005101330112665892 0.010121290571987629 0.034969110041856766
v -0.004167110193520784 0.010121290571987629 0.03618661314249039
v -0.003068690188229084 0.010771600529551506 0.03586501255631447
v -0.004429860506206751 0.010771590285003185 0.03415820002555847
v -0.004167110193520784 0.010121290571987629 0.03618661314249039
v -0.004167110193520784 0.010121290571987629 0.03618661314249039
v -0.0029496101196855307 0.010121290571987629 0.03712083399295807
v -0.003068690188229084 0.010771600529551506 0.03586501255631447
v -0.0015711101004853845 0.010999990627169609 0.0354476124048233
v -0.002470750128850341 0.010999990627169609 0.03486940264701843
v -0.003068690188229084 0.010771600529551506 0.03586501255631447
v -0.003068690188229084 0.010771600529551506 0.03586501255631447
v -0.0029496101196855307 0.010121290571987629 0.03712083399295807
v -0.0015317101497203112 0.010121290571987629 0.037708163261413574
v -0.0011018000077456236 0.010771600529551506 0.036812249571084976
v -0.003068690188229084 0.010771600529551506 0.03586501255631447
v -0.0015317101497203112 0.010121290571987629 0.037708163261413574
v -0.003068690188229084 0.010771600529551506 0.03586501255631447
v -0.0011018000077456236 0.010771600529551506 0.036812249571084976
v -0.0015711101004853845 0.010999990627169609 0.0354476124048233
v -0.0005450199823826551 0.010999990627169609 0.03574890270829201
v -0.0015711101004853845 0.010999990627169609 0.0354476124048233
v -0.0011018000077456236 0.010771600529551506 0.036812249571084976
v -0.0015317101497203112 0.010121290571987629 0.037708163261413574
v -1.0239999937766697e-05 0.010121290571987629 0.03790848329663277
v -0.0011018000077456236 0.010771600529551506 0.036812249571084976
v 0.0010813201079145074 0.010771600529551506 0.036812249571084976
v -0.0011018000077456236 0.010771600529551506 0.036812249571084976
v -1.0239999937766697e-05 0.010121290571987629 0.03790848329663277
v 0.0010813201079145074 0.010771600529551506 0.036812249571084976
v 0.0005245500360615551 0.010999990627169609 0.03574890270829201
v -0.0005450199823826551 0.010999990627169609 0.03574890270829201
v -0.0011018000077456236 0.010771600529551506 0.036812249571084976
v 0.0010813201079145074 0.010771600529551506 0.036812249571084976
v -0.0005450199823826551 0.010999990627169609 0.03574890270829201
v -1.0239999937766697e-05 0.010121290571987629 0.03790848329663277
v 0.0015112400287762284 0.010121290571987629 0.037708163261413574
v 0.0010813201079145074 0.010771600529551506 0.036812249571084976
v 0.0015506300842389464 0.010999990627169609 0.0354476124048233
v 0.0005245500360615551 0.010999990627169609 0.03574890270829201
v 0.0010813201079145074 0.010771600529551506 0.036812249571084976
v 0.0010813201079145074 0.010771600529551506 0.036812249571084976
v 0.0015112400287762284 0.010121290571987629 0.037708163261413574
v 0.0029291301034390926 0.010121290571987629 0.03712083399295807
v 0.0030482099391520023 0.010771600529551506 0.03586501255631447
v 0.0010813201079145074 0.010771600529551506 0.036812249571084976
v 0.0029291301034390926 0.010121290571987629 0.03712083399295807
v 0.0010813201079145074 0.010771600529551506 0.036812249571084976
v 0.0030482099391520023 0.010771600529551506 0.03586501255631447
v 0.0015506300842389464 0.010999990627169609 0.0354476124048233
v 0.00245028012432158 0.01100000087171793 0.03486940264701843
v 0.0015506300842389464 0.010999990627169609 0.0354476124048233
v 0.0030482099391520023 0.010771600529551506 0.03586501255631447
v 0.0029291301034390926 0.010121290571987629 0.03712083399295807
v 0.004146629944443703 0.010121290571987629 0.03618661314249039
v 0.0030482099391520023 0.010771600529551506 0.03586501255631447
v 0.004409390036016703 0.010771600529551506 0.03415820002555847
v 0.0031505899969488382 0.01100000087171793 0.03406118229031563
v 0.00245028012432158 0.01100000087171793 0.03486940264701843
v 0.0030482099391520023 0.010771600529551506 0.03586501255631447
v 0.004409390036016703 0.010771600529551506 0.03415820002555847
v 0.00245028012432158 0.01100000087171793 0.03486940264701843
v 0.0030482099391520023 0.010771600529551506 0.03586501255631447
v 0.004146629944443703 0.010121290571987629 0.03618661314249039
v 0.005080860573798418 0.010121290571987629 0.034969110041856766
v 0.004409390036016703 0.010771600529551506 0.03415820002555847
v 0.0030482099391520023 0.010771600529551506 0.03586501255631447
v 0.005080860573798418 0.010121290571987629 0.034969110041856766
v 0.0035949500743299723 0.01100000087171793 0.03308834135532379
v 0.0031505899969488382 0.01100000087171793 0.03406118229031563
v 0.004409390036016703 0.010771600529551506 0.03415820002555847
v 0.005080860573798418 0.010121290571987629 0.034969110041856766
v 0.005668110214173794 0.010121290571987629 0.03355129063129425
v 0.004409390036016703 0.010771600529551506 0.03415820002555847
v 0.004409390036016703 0.010771600529551506 0.03415820002555847
v 0.005668110214173794 0.010121290571987629 0.03355129063129425
v 0.005868430249392986 0.010121299885213375 0.03202981501817703
v 0.004409390036016703 0.010771600529551506 0.03415820002555847
v 0.005868430249392986 0.010121299885213375 0.03202981501817703
v 0.004885350354015827 0.01074795052409172 0.03202972188591957
v 0.004409390036016703 0.010771600529551506 0.03415820002555847
v 0.004885350354015827 0.01074795052409172 0.03202972188591957
v 0.0035949500743299723 0.01100000087171793 0.03308834135532379
v 0.0037471100222319365 0.01100000087171793 0.03202981501817703
v 0.0035949500743299723 0.01100000087171793 0.03308834135532379
v 0.004885350354015827 0.01074795052409172 0.03202972188591957
v 0.006867790594696999 0.007893499918282032 0.02651643194258213
v 0.007137550041079521 0.008031399920582771 0.02836388163268566
v 0.008354980498552322 0.006416700314730406 0.028913941234350204
v 0.008354980498552322 0.006416700314730406 0.028913941234350204
v 0.007963240146636963 0.00562190031632781 0.025970401242375374
v 0.006867790594696999 0.007893499918282032 0.02651643194258213
v 0.0050120605155825615 0.009910150431096554 0.028286881744861603
v 0.005324040073901415 0.010121500119566917 0.029559532180428505
v 0.007137550041079521 0.008031399920582771 0.02836388163268566
v 0.0050120605155825615 0.009910150431096554 0.028286881744861603
v 0.007137550041079521 0.008031399920582771 0.02836388163268566
v 0.006867790594696999 0.007893499918282032 0.02651643194258213
v 0.0034854202531278133 0.010817300528287888 0.028477761894464493
v 0.005324040073901415 0.010121500119566917 0.029559532180428505
v 0.0050120605155825615 0.009910150431096554 0.028286881744861603
v 0.002856450155377388 0.010624799877405167 0.026984181255102158
v 0.0034854202531278133 0.010817300528287888 0.028477761894464493
v 0.0050120605155825615 0.009910150431096554 0.028286881744861603
v 0.002856450155377388 0.010624799877405167 0.026984181255102158
v 0.0012252901215106249 0.010797600261867046 0.026750260964035988
v 0.0005244800122454762 0.01100000087171793 0.028310641646385193
v 0.0050120605155825615 0.009910150431096554 0.028286881744861603
v 0.005020050331950188 0.00972250010818243 0.027177931740880013
v 0.002856450155377388 0.010624799877405167 0.026984181255102158
v -0.0037564202211797237 0.010717689990997314 0.02867628075182438
v -0.0034136101603507996 0.010676470585167408 0.027956951409578323
v -0.004546890500932932 0.010771600529551506 0.030163681134581566
v -0.005119370296597481 0.009697900153696537 0.02734445221722126
v -0.004546890500932932 0.010771600529551506 0.030163681134581566
v -0.0034136101603507996 0.010676470585167408 0.027956951409578323
v -0.004546890500932932 0.010771600529551506 0.030163681134581566
v -0.005119370296597481 0.009697900153696537 0.02734445221722126
v -0.005427380558103323 0.009835801087319851 0.02897489070892334
v -0.0009031000663526356 0.010946700349450111 0.02780258096754551
v -0.001224620034918189 0.010796400718390942 0.026704661548137665
v -0.0034136101603507996 0.010676470585167408 0.027956951409578323
v -0.0034136101603507996 0.010676470585167408 0.027956951409578323
v -0.0031240202952176332 0.010549860075116158 0.02698725089430809
v -0.005119370296597481 0.009697900153696537 0.02734445221722126
v -0.0034136101603507996 0.010676470585167408 0.027956951409578323
v -0.001224620034918189 0.010796400718390942 0.026704661548137665
v -0.0031240202952176332 0.010549860075116158 0.02698725089430809
v -0.006928279995918274 0.00784400012344122 0.026710592210292816
v -0.007389820646494627 0.007944890297949314 0.028762411326169968
v -0.005427380558103323 0.009835801087319851 0.02897489070892334
v -0.008258630521595478 0.003802400315180421 0.026862910017371178
v -0.008625339716672897 0.005137990228831768 0.029425740242004395
v -0.008315280079841614 0.006493100430816412 0.02880709245800972
v -0.008315280079841614 0.006493100430816412 0.02880709245800972
v -0.007873340509831905 0.005892200395464897 0.026223471388220787
v -0.008258630521595478 0.003802400315180421 0.026862910017371178
v -0.007873340509831905 0.005892200395464897 0.026223471388220787
v -0.008315280079841614 0.006493100430816412 0.02880709245800972
v -0.007389820646494627 0.007944890297949314 0.028762411326169968
v -0.007389820646494627 0.007944890297949314 0.028762411326169968
v -0.006928279995918274 0.00784400012344122 0.026710592210292816
v -0.007873340509831905 0.005892200395464897 0.026223471388220787
v -0.008625339716672897 0.005137990228831768 0.029425740242004395
v -0.008258630521595478 0.003802400315180421 0.026862910017371178
v -0.008653771132230759 0.0038524901028722525 0.029521910473704338
v 0.008356320671737194 -5.477000377140939e-05 0.025913331657648087
v 0.008656560443341732 0.0018470800714567304 0.029603581875562668
v 0.008663630113005638 -9.010000212583691e-05 0.029628902673721313
v 0.008356320671737194 -5.477000377140939e-05 0.025913331657648087
v 0.008324360474944115 0.0016409601084887981 0.02606027200818062
v 0.008656560443341732 0.0018470800714567304 0.029603581875562668
v 0.008324360474944115 0.0016409601084887981 0.02606027200818062
v 0.0086402902379632 0.0039125001057982445 0.029546160250902176
v 0.008656560443341732 0.0018470800714567304 0.029603581875562668
v 0.008256830275058746 0.0037626000121235847 0.026515290141105652
v 0.0086402902379632 0.0039125001057982445 0.029546160250902176
v 0.008324360474944115 0.0016409601084887981 0.02606027200818062
v 0.008612650446593761 0.005133600439876318 0.029451772570610046
v 0.0086402902379632 0.0039125001057982445 0.029546160250902176
v 0.008256830275058746 0.0037626000121235847 0.026515290141105652
v 0.008612650446593761 0.005133600439876318 0.029451772570610046
v 0.008256830275058746 0.0037626000121235847 0.026515290141105652
v 0.007963240146636963 0.00562190031632781 0.025970401242375374
v 0.008612650446593761 0.005133600439876318 0.029451772570610046
v 0.007963240146636963 0.00562190031632781 0.025970401242375374
v 0.008354980498552322 0.006416700314730406 0.028913941234350204
v 0.0006386000313796103 0.010788500308990479 0.026557302102446556
v 0.0005244800122454762 0.01100000087171793 0.028310641646385193
v 0.0012252901215106249 0.010797600261867046 0.026750260964035988
v 0.0006386000313796103 0.010788500308990479 0.026557302102446556
v -0.0002246300136903301 0.010946201160550117 0.027712281793355942
v 0.0005244800122454762 0.01100000087171793 0.028310641646385193
v 0.0006386000313796103 0.010788500308990479 0.026557302102446556
v -0.0002699500182643533 0.010787500999867916 0.02646785043179989
v -0.0002246300136903301 0.010946201160550117 0.027712281793355942
v -0.001224620034918189 0.010796400718390942 0.026704661548137665
v -0.0002246300136903301 0.010946201160550117 0.027712281793355942
v -0.0002699500182643533 0.010787500999867916 0.02646785043179989
v -0.001224620034918189 0.010796400718390942 0.026704661548137665
v -0.0009031000663526356 0.010946700349450111 0.02780258096754551
v -0.0002246300136903301 0.010946201160550117 0.027712281793355942
v -0.0009031000663526356 0.010946700349450111 0.02780258096754551
v -0.0034136101603507996 0.010676470585167408 0.027956951409578323
v -0.0015711000887677073 0.01100000087171793 0.028612010180950165
v -0.008315280079841614 0.006493100430816412 0.02880709245800972
v -0.00878182053565979 0.006905389949679375 0.03200492262840271
v -0.008032640442252159 0.007878690026700497 0.030766280367970467
v -0.007389820646494627 0.007944890297949314 0.028762411326169968
v -0.008315280079841614 0.006493100430816412 0.02880709245800972
v -0.008032640442252159 0.007878690026700497 0.030766280367970467
v -0.009532060474157333 0.005507700145244598 2.984000093420036e-05
v -0.008965600281953812 0.005493300035595894 -0.0032297102734446526
v -0.010191651061177254 0.0018987801158800721 -0.003675970248878002
v -0.010437720455229282 0.0034246002323925495 2.9830000130459666e-05
v -0.009532060474157333 0.005507700145244598 2.984000093420036e-05
v -0.010191651061177254 0.0018987801158800721 -0.003675970248878002
v -0.010822110809385777 0.001894510118290782 2.984000093420036e-05
v -0.010437720455229282 0.0034246002323925495 2.9830000130459666e-05
v -0.010191651061177254 0.0018987801158800721 -0.003675970248878002
v 0.0037459901068359613 0.010319100692868233 2.4610000764369033e-05
v 0.005949750076979399 0.009229901246726513 0.0022889000829309225
v 0.00706210033968091 0.008422600105404854 2.4810000468278304e-05
v 0.00706210033968091 0.008422600105404854 2.4810000468278304e-05
v 0.005949750076979399 0.009229901246726513 0.0022889000829309225
v 0.0072640604339540005 0.008225700818002224 0.0022321201395243406
v 0.0037459901068359613 0.010319100692868233 2.4610000764369033e-05
v 0.004468150436878204 0.010028700344264507 0.002270299941301346
v 0.005949750076979399 0.009229901246726513 0.0022889000829309225
v 0.0037459901068359613 -0.010409200564026833 2.4599999960628338e-05
v 0.005949750076979399 -0.009320000186562538 0.0022889000829309225
v 0.004468150436878204 -0.010118800215423107 0.002270299941301346
v 0.007062110118567944 -0.008512700907886028 2.4810000468278304e-05
v 0.0072640604339540005 -0.00831579975783825 0.0022321201395243406
v 0.005949750076979399 -0.009320000186562538 0.0022889000829309225
v 0.0037459901068359613 -0.010409200564026833 2.4599999960628338e-05
v 0.007062110118567944 -0.008512700907886028 2.4810000468278304e-05
v 0.005949750076979399 -0.009320000186562538 0.0022889000829309225
v -0.010822110809385777 -0.0019846102222800255 2.984000093420036e-05
v -0.010191651061177254 -0.001988880103453994 -0.003675970248878002
v -0.010437720455229282 -0.0035147001035511494 2.9830000130459666e-05
v -0.010437720455229282 -0.0035147001035511494 2.9830000130459666e-05
v -0.010191651061177254 -0.001988880103453994 -0.003675970248878002
v -0.009532060474157333 -0.0055978004820644855 2.9830000130459666e-05
v -0.009532060474157333 -0.0055978004820644855 2.9830000130459666e-05
v -0.010191651061177254 -0.001988880103453994 -0.003675970248878002
v -0.008965600281953812 -0.005583399906754494 -0.0032297202851623297
v -0.007389810401946306 -0.008035000413656235 0.028762411326169968
v -0.008032640442252159 -0.007968810386955738 0.030766280367970467
v -0.008315280079841614 -0.006583200301975012 0.02880709245800972
v -0.008315280079841614 -0.006583200301975012 0.02880709245800972
v -0.008032640442252159 -0.007968810386955738 0.030766280367970467
v -0.00878182053565979 -0.006995500531047583 0.032004911452531815
v -0.0009030900546349585 -0.011036801151931286 0.02780258096754551
v -0.0015711000887677073 -0.01109010074287653 0.02861200086772442
v -0.0034136001486331224 -0.010766579769551754 0.027956951409578323
v -0.001224620034918189 -0.010886500589549541 0.026704661548137665
v -0.0002246300136903301 -0.011036300100386143 0.027712281793355942
v -0.0009030900546349585 -0.011036801151931286 0.02780258096754551
v -0.001224620034918189 -0.010886500589549541 0.026704661548137665
v -0.0002699500182643533 -0.010877599939703941 0.026467841118574142
v -0.0002246300136903301 -0.011036300100386143 0.027712281793355942
v 0.0006386000313796103 -0.010878600180149078 0.02655729092657566
v -0.0002246300136903301 -0.011036300100386143 0.027712281793355942
v -0.0002699500182643533 -0.010877599939703941 0.026467841118574142
v 0.0006386000313796103 -0.010878600180149078 0.02655729092657566
v 0.0005244800122454762 -0.01109010074287653 0.028310632333159447
v -0.0002246300136903301 -0.011036300100386143 0.027712281793355942
v 0.0006386000313796103 -0.010878600180149078 0.02655729092657566
v 0.0012252901215106249 -0.010887700133025646 0.026750260964035988
v 0.0005244800122454762 -0.01109010074287653 0.028310632333159447
v 0.008612650446593761 -0.005223700311034918 0.029451772570610046
v 0.008354980498552322 -0.006506800651550293 0.028913941234350204
v 0.007963250391185284 -0.00571200018748641 0.025970401242375374
v 0.008612650446593761 -0.005223700311034918 0.029451772570610046
v 0.007963250391185284 -0.00571200018748641 0.025970401242375374
v 0.008256830275058746 -0.0038527001161128283 0.026515290141105652
v 0.008612650446593761 -0.005223700311034918 0.029451772570610046
v 0.008256830275058746 -0.0038527001161128283 0.026515290141105652
v 0.0086402902379632 -0.004002600442618132 0.029546160250902176
v 0.008256830275058746 -0.0038527001161128283 0.026515290141105652
v 0.008324360474944115 -0.0017310600960627198 0.02606027200818062
v 0.0086402902379632 -0.004002600442618132 0.029546160250902176
v 0.008324360474944115 -0.0017310600960627198 0.02606027200818062
v 0.008656560443341732 -0.0019371801754459739 0.029603581875562668
v 0.0086402902379632 -0.004002600442618132 0.029546160250902176
v 0.008356320671737194 -5.477000377140939e-05 0.025913331657648087
v 0.008656560443341732 -0.0019371801754459739 0.029603581875562668
v 0.008324360474944115 -0.0017310600960627198 0.02606027200818062
v 0.008356320671737194 -5.477000377140939e-05 0.025913331657648087
v 0.008663630113005638 -9.010000212583691e-05 0.029628902673721313
v 0.008656560443341732 -0.0019371801754459739 0.029603581875562668
v -0.008625339716672897 -0.005228099878877401 0.029425740242004395
v -0.008653771132230759 -0.0039425999857485294 0.029521910473704338
v -0.008258630521595478 -0.0038925001863390207 0.02686290070414543
v -0.007389810401946306 -0.008035000413656235 0.028762411326169968
v -0.007873330265283585 -0.005982300266623497 0.026223471388220787
v -0.006928279995918274 -0.007934100925922394 0.026710592210292816
v -0.007873330265283585 -0.005982300266623497 0.026223471388220787
v -0.007389810401946306 -0.008035000413656235 0.028762411326169968
v -0.008315280079841614 -0.006583200301975012 0.02880709245800972
v -0.008315280079841614 -0.006583200301975012 0.02880709245800972
v -0.008258630521595478 -0.0038925001863390207 0.02686290070414543
v -0.007873330265283585 -0.005982300266623497 0.026223471388220787
v -0.008258630521595478 -0.0038925001863390207 0.02686290070414543
v -0.008315280079841614 -0.006583200301975012 0.02880709245800972
v -0.008625339716672897 -0.005228099878877401 0.029425740242004395
v -0.006928279995918274 -0.007934100925922394 0.026710592210292816
v -0.005427380558103323 -0.009925900027155876 0.02897489070892334
v -0.007389810401946306 -0.008035000413656235 0.028762411326169968
v -0.0034136001486331224 -0.010766579769551754 0.027956951409578323
v -0.0031240202952176332 -0.010639960877597332 0.02698725089430809
v -0.001224620034918189 -0.010886500589549541 0.026704661548137665
v -0.0034136001486331224 -0.010766579769551754 0.027956951409578323
v -0.00511936005204916 -0.009788000956177711 0.027344441041350365
v -0.0031240202952176332 -0.010639960877597332 0.02698725089430809
v -0.0009030900546349585 -0.011036801151931286 0.02780258096754551
v -0.0034136001486331224 -0.010766579769551754 0.027956951409578323
v -0.001224620034918189 -0.010886500589549541 0.026704661548137665
v -0.004546890500932932 -0.010861709713935852 0.030163681134581566
v -0.005427380558103323 -0.009925900027155876 0.02897489070892334
v -0.00511936005204916 -0.009788000956177711 0.027344441041350365
v -0.00511936005204916 -0.009788000956177711 0.027344441041350365
v -0.0034136001486331224 -0.010766579769551754 0.027956951409578323
v -0.004546890500932932 -0.010861709713935852 0.030163681134581566
v -0.0037564102094620466 -0.01080780103802681 0.02867628075182438
v -0.004546890500932932 -0.010861709713935852 0.030163681134581566
v -0.0034136001486331224 -0.010766579769551754 0.027956951409578323
v 0.005012070294469595 -0.010000260546803474 0.028286881744861603
v 0.002856450155377388 -0.010714900679886341 0.02698417194187641
v 0.005020050331950188 -0.009812600910663605 0.027177920565009117
v 0.002856450155377388 -0.010714900679886341 0.02698417194187641
v 0.0005244800122454762 -0.01109010074287653 0.028310632333159447
v 0.0012252901215106249 -0.010887700133025646 0.026750260964035988
v 0.002856450155377388 -0.010714900679886341 0.02698417194187641
v 0.005012070294469595 -0.010000260546803474 0.028286881744861603
v 0.0034854202531278133 -0.010907410643994808 0.028477761894464493
v 0.0034854202531278133 -0.010907410643994808 0.028477761894464493
v 0.005012070294469595 -0.010000260546803474 0.028286881744861603
v 0.005324040073901415 -0.010211600922048092 0.029559532180428505
v 0.005012070294469595 -0.010000260546803474 0.028286881744861603
v 0.006867790594696999 -0.007983600720763206 0.026516420766711235
v 0.007137550041079521 -0.008121500723063946 0.02836388163268566
v 0.005012070294469595 -0.010000260546803474 0.028286881744861603
v 0.007137550041079521 -0.008121500723063946 0.02836388163268566
v 0.005324040073901415 -0.010211600922048092 0.029559532180428505
v 0.008354980498552322 -0.006506800651550293 0.028913941234350204
v 0.006867790594696999 -0.007983600720763206 0.026516420766711235
v 0.007963250391185284 -0.00571200018748641 0.025970401242375374
v 0.006867790594696999 -0.007983600720763206 0.026516420766711235
v 0.008354980498552322 -0.006506800651550293 0.028913941234350204
v 0.007137550041079521 -0.008121500723063946 0.02836388163268566
v 0.0037471200339496136 -0.01109010074287653 0.03202980011701584
v 0.004885350354015827 -0.01083805039525032 0.03202972188591957
v 0.0035949500743299723 -0.01109010074287653 0.03308834135532379
v 0.004409390036016703 -0.010861700400710106 0.034158192574977875
v 0.0035949500743299723 -0.01109010074287653 0.03308834135532379
v 0.004885350354015827 -0.01083805039525032 0.03202972188591957
v 0.004409390036016703 -0.010861700400710106 0.034158192574977875
v 0.004885350354015827 -0.01083805039525032 0.03202972188591957
v 0.005868440493941307 -0.01021140068769455 0.03202980011701584
v 0.004409390036016703 -0.010861700400710106 0.034158192574977875
v 0.005868440493941307 -0.01021140068769455 0.03202980011701584
v 0.005668110214173794 -0.01021140068769455 0.033551283180713654
v 0.005080860573798418 -0.01021140068769455 0.03496910259127617
v 0.004409390036016703 -0.010861700400710106 0.034158192574977875
v 0.005668110214173794 -0.01021140068769455 0.033551283180713654
v 0.0035949500743299723 -0.01109010074287653 0.03308834135532379
v 0.004409390036016703 -0.010861700400710106 0.034158192574977875
v 0.0031506000086665154 -0.01109010074287653 0.03406118229031563
v 0.004409390036016703 -0.010861700400710106 0.034158192574977875
v 0.005080860573798418 -0.01021140068769455 0.03496910259127617
v 0.0030482199508696795 -0.010861700400710106 0.03586501255631447
v 0.0030482199508696795 -0.010861700400710106 0.03586501255631447
v 0.005080860573798418 -0.01021140068769455 0.03496910259127617
v 0.004146629944443703 -0.01021140068769455 0.03618660196661949
v 0.0030482199508696795 -0.010861700400710106 0.03586501255631447
v 0.00245028012432158 -0.01109010074287653 0.03486940264701843
v 0.004409390036016703 -0.010861700400710106 0.034158192574977875
v 0.004409390036016703 -0.010861700400710106 0.034158192574977875
v 0.00245028012432158 -0.01109010074287653 0.03486940264701843
v 0.0031506000086665154 -0.01109010074287653 0.03406118229031563
v 0.0029291401151567698 -0.010211410000920296 0.03712083399295807
v 0.0030482199508696795 -0.010861700400710106 0.03586501255631447
v 0.004146629944443703 -0.01021140068769455 0.03618660196661949
v 0.00245028012432158 -0.01109010074287653 0.03486940264701843
v 0.0030482199508696795 -0.010861700400710106 0.03586501255631447
v 0.0015506400959566236 -0.011090110056102276 0.03544760122895241
v 0.0010813301196321845 -0.010861700400710106 0.03681224212050438
v 0.0015506400959566236 -0.011090110056102276 0.03544760122895241
v 0.0030482199508696795 -0.010861700400710106 0.03586501255631447
v 0.0030482199508696795 -0.010861700400710106 0.03586501255631447
v 0.0029291401151567698 -0.010211410000920296 0.03712083399295807
v 0.0010813301196321845 -0.010861700400710106 0.03681224212050438
v 0.0010813301196321845 -0.010861700400710106 0.03681224212050438
v 0.0029291401151567698 -0.010211410000920296 0.03712083399295807
v 0.0015112400287762284 -0.010211410000920296 0.03770815208554268
v 0.0015506400959566236 -0.011090110056102276 0.03544760122895241
v 0.0010813301196321845 -0.010861700400710106 0.03681224212050438
v 0.0005245500360615551 -0.011090110056102276 0.03574890270829201
v -1.0230000953015406e-05 -0.010211410000920296 0.03790848329663277
v 0.0010813301196321845 -0.010861700400710106 0.03681224212050438
v 0.0015112400287762284 -0.010211410000920296 0.03770815208554268
v -0.0011018000077456236 -0.010861700400710106 0.03681224212050438
v -0.0005450199823826551 -0.011090110056102276 0.03574890270829201
v 0.0010813301196321845 -0.010861700400710106 0.03681224212050438
v 0.0010813301196321845 -0.010861700400710106 0.03681224212050438
v -0.0005450199823826551 -0.011090110056102276 0.03574890270829201
v 0.0005245500360615551 -0.011090110056102276 0.03574890270829201
v 0.0010813301196321845 -0.010861700400710106 0.03681224212050438
v -1.0230000953015406e-05 -0.010211410000920296 0.03790848329663277
v -0.0011018000077456236 -0.010861700400710106 0.03681224212050438
v -0.0015317101497203112 -0.010211410000920296 0.03770815208554268
v -0.0011018000077456236 -0.010861700400710106 0.03681224212050438
v -1.0230000953015406e-05 -0.010211410000920296 0.03790848329663277
v -0.0005450199823826551 -0.011090110056102276 0.03574890270829201
v -0.0011018000077456236 -0.010861700400710106 0.03681224212050438
v -0.0015711000887677073 -0.011090110056102276 0.03544760122895241
v -0.003068680176511407 -0.010861700400710106 0.03586501255631447
v -0.0015711000887677073 -0.011090110056102276 0.03544760122895241
v -0.0011018000077456236 -0.010861700400710106 0.03681224212050438
v -0.0011018000077456236 -0.010861700400710106 0.03681224212050438
v -0.0015317101497203112 -0.010211410000920296 0.03770815208554268
v -0.003068680176511407 -0.010861700400710106 0.03586501255631447
v -0.003068680176511407 -0.010861700400710106 0.03586501255631447
v -0.0015317101497203112 -0.010211410000920296 0.03770815208554268
v -0.0029496001079678535 -0.010211410000920296 0.03712083399295807
v -0.0015711000887677073 -0.011090110056102276 0.03544760122895241
v -0.003068680176511407 -0.010861700400710106 0.03586501255631447
v -0.002470750128850341 -0.011090110056102276 0.03486940264701843
v -0.004167099948972464 -0.010211410000920296 0.03618660196661949
v -0.003068680176511407 -0.010861700400710106 0.03586501255631447
v -0.0029496001079678535 -0.010211410000920296 0.03712083399295807
v -0.003068680176511407 -0.010861700400710106 0.03586501255631447
v -0.004167099948972464 -0.010211410000920296 0.03618660196661949
v -0.004429860506206751 -0.010861700400710106 0.034158192574977875
v -0.004429860506206751 -0.010861700400710106 0.034158192574977875
v -0.004167099948972464 -0.010211410000920296 0.03618660196661949
v -0.005101330112665892 -0.01021140068769455 0.03496910259127617
v -0.004429860506206751 -0.010861700400710106 0.034158192574977875
v -0.003171140095219016 -0.011090110056102276 0.03406110033392906
v -0.003068680176511407 -0.010861700400710106 0.03586501255631447
v -0.003068680176511407 -0.010861700400710106 0.03586501255631447
v -0.003171140095219016 -0.011090110056102276 0.03406110033392906
v -0.002470750128850341 -0.011090110056102276 0.03486940264701843
v -0.003171140095219016 -0.011090110056102276 0.03406110033392906
v -0.004429860506206751 -0.010861700400710106 0.034158192574977875
v -0.003615420078858733 -0.011090110056102276 0.03308834135532379
v -0.005688580218702555 -0.01021140068769455 0.033551283180713654
v -0.004429860506206751 -0.010861700400710106 0.034158192574977875
v -0.005101330112665892 -0.01021140068769455 0.03496910259127617
v -0.004429860506206751 -0.010861700400710106 0.034158192574977875
v -0.004905810113996267 -0.010838060639798641 0.03202974051237106
v -0.003767590271309018 -0.011090110056102276 0.03202980011701584
v -0.004429860506206751 -0.010861700400710106 0.034158192574977875
v -0.003767590271309018 -0.011090110056102276 0.03202980011701584
v -0.003615420078858733 -0.011090110056102276 0.03308834135532379
v -0.004429860506206751 -0.010861700400710106 0.034158192574977875
v -0.005688580218702555 -0.01021140068769455 0.033551283180713654
v -0.004905810113996267 -0.010838060639798641 0.03202974051237106
v -0.005888910032808781 -0.01021140068769455 0.03202980011701584
v -0.004905810113996267 -0.010838060639798641 0.03202974051237106
v -0.005688580218702555 -0.01021140068769455 0.033551283180713654
v 0.0005245500360615551 -0.011090110056102276 0.03574890270829201
v -0.0005450199823826551 -0.011090110056102276 0.03574890270829201
v 0.0015506400959566236 -0.011090110056102276 0.03544760122895241
v -0.0015711000887677073 -0.011090110056102276 0.03544760122895241
v 0.0015506400959566236 -0.011090110056102276 0.03544760122895241
v -0.0005450199823826551 -0.011090110056102276 0.03574890270829201
v 0.0015506400959566236 -0.011090110056102276 0.03544760122895241
v -0.0015711000887677073 -0.011090110056102276 0.03544760122895241
v 0.00245028012432158 -0.01109010074287653 0.03486940264701843
v -0.002470750128850341 -0.011090110056102276 0.03486940264701843
v 0.00245028012432158 -0.01109010074287653 0.03486940264701843
v -0.0015711000887677073 -0.011090110056102276 0.03544760122895241
v 0.00245028012432158 -0.01109010074287653 0.03486940264701843
v -0.002470750128850341 -0.011090110056102276 0.03486940264701843
v 0.0031506000086665154 -0.01109010074287653 0.03406118229031563
v -0.003171140095219016 -0.011090110056102276 0.03406110033392906
v 0.0031506000086665154 -0.01109010074287653 0.03406118229031563
v -0.002470750128850341 -0.011090110056102276 0.03486940264701843
v 0.0031506000086665154 -0.01109010074287653 0.03406118229031563
v -0.003171140095219016 -0.011090110056102276 0.03406110033392906
v 0.0035949500743299723 -0.01109010074287653 0.03308834135532379
v -0.003615420078858733 -0.011090110056102276 0.03308834135532379
v 0.0035949500743299723 -0.01109010074287653 0.03308834135532379
v -0.003171140095219016 -0.011090110056102276 0.03406110033392906
v 0.0035949500743299723 -0.01109010074287653 0.03308834135532379
v -0.003615420078858733 -0.011090110056102276 0.03308834135532379
v 0.0037471200339496136 -0.01109010074287653 0.03202980011701584
v -0.003767590271309018 -0.011090110056102276 0.03202980011701584
v 0.0037471200339496136 -0.01109010074287653 0.03202980011701584
v -0.003615420078858733 -0.011090110056102276 0.03308834135532379
v 0.0037471200339496136 -0.01109010074287653 0.03202980011701584
v -0.003767590271309018 -0.011090110056102276 0.03202980011701584
v 0.003594880225136876 -0.01109010074287653 0.030971191823482513
v -0.003615350229665637 -0.011090110056102276 0.030971191823482513
v 0.003594880225136876 -0.01109010074287653 0.030971191823482513
v -0.003767590271309018 -0.011090110056102276 0.03202980011701584
v 0.003594880225136876 -0.01109010074287653 0.030971191823482513
v -0.003615350229665637 -0.011090110056102276 0.030971191823482513
v 0.003150670090690255 -0.01109010074287653 0.029998360201716423
v -0.003171140095219016 -0.011090110056102276 0.029998360201716423
v 0.003150670090690255 -0.01109010074287653 0.029998360201716423
v -0.003615350229665637 -0.011090110056102276 0.030971191823482513
v 0.003150670090690255 -0.01109010074287653 0.029998360201716423
v -0.003171140095219016 -0.011090110056102276 0.029998360201716423
v 0.0024503502063453197 -0.01109010074287653 0.02919013239443302
v -0.002470819978043437 -0.01109010074287653 0.02919013239443302
v 0.0024503502063453197 -0.01109010074287653 0.02919013239443302
v -0.003171140095219016 -0.011090110056102276 0.029998360201716423
v 0.0024503502063453197 -0.01109010074287653 0.02919013239443302
v -0.002470819978043437 -0.01109010074287653 0.02919013239443302
v 0.0015506300842389464 -0.01109010074287653 0.02861200086772442
v -0.0015711000887677073 -0.01109010074287653 0.02861200086772442
v 0.0015506300842389464 -0.01109010074287653 0.02861200086772442
v -0.002470819978043437 -0.01109010074287653 0.02919013239443302
v 0.0015506300842389464 -0.01109010074287653 0.02861200086772442
v -0.0015711000887677073 -0.01109010074287653 0.02861200086772442
v 0.0005244800122454762 -0.01109010074287653 0.028310632333159447
v -0.0009030900546349585 -0.011036801151931286 0.02780258096754551
v 0.0005244800122454762 -0.01109010074287653 0.028310632333159447
v -0.0015711000887677073 -0.01109010074287653 0.02861200086772442
v -0.003767590271309018 -0.011090110056102276 0.03202980011701584
v -0.004905810113996267 -0.010838060639798641 0.03202974051237106
v -0.003615350229665637 -0.011090110056102276 0.030971191823482513
v -0.004546890500932932 -0.010861709713935852 0.030163681134581566
v -0.003615350229665637 -0.011090110056102276 0.030971191823482513
v -0.004905810113996267 -0.010838060639798641 0.03202974051237106
v -0.004546890500932932 -0.010861709713935852 0.030163681134581566
v -0.004905810113996267 -0.010838060639798641 0.03202974051237106
v -0.005888910032808781 -0.01021140068769455 0.03202980011701584
v -0.004546890500932932 -0.010861709713935852 0.030163681134581566
v -0.005888910032808781 -0.01021140068769455 0.03202980011701584
v -0.0057544102892279625 -0.01021140068769455 0.0307796411216259
v -0.005427380558103323 -0.009925900027155876 0.02897489070892334
v -0.004546890500932932 -0.010861709713935852 0.030163681134581566
v -0.0057544102892279625 -0.01021140068769455 0.0307796411216259
v -0.003615350229665637 -0.011090110056102276 0.030971191823482513
v -0.004546890500932932 -0.010861709713935852 0.030163681134581566
v -0.003171140095219016 -0.011090110056102276 0.029998360201716423
v -0.0037564102094620466 -0.01080780103802681 0.02867628075182438
v -0.003171140095219016 -0.011090110056102276 0.029998360201716423
v -0.004546890500932932 -0.010861709713935852 0.030163681134581566
v -0.003171140095219016 -0.011090110056102276 0.029998360201716423
v -0.0037564102094620466 -0.01080780103802681 0.02867628075182438
v -0.002470819978043437 -0.01109010074287653 0.02919013239443302
v -0.0034136001486331224 -0.010766579769551754 0.027956951409578323
v -0.002470819978043437 -0.01109010074287653 0.02919013239443302
v -0.0037564102094620466 -0.01080780103802681 0.02867628075182438
v -0.002470819978043437 -0.01109010074287653 0.02919013239443302
v -0.0034136001486331224 -0.010766579769551754 0.027956951409578323
v -0.0015711000887677073 -0.01109010074287653 0.02861200086772442
v -0.0009030900546349585 -0.011036801151931286 0.02780258096754551
v -0.0002246300136903301 -0.011036300100386143 0.027712281793355942
v 0.0005244800122454762 -0.01109010074287653 0.028310632333159447
v 0.0015506300842389464 -0.01109010074287653 0.02861200086772442
v 0.0005244800122454762 -0.01109010074287653 0.028310632333159447
v 0.002856450155377388 -0.010714900679886341 0.02698417194187641
v 0.0034854202531278133 -0.010907410643994808 0.028477761894464493
v 0.0015506300842389464 -0.01109010074287653 0.02861200086772442
v 0.002856450155377388 -0.010714900679886341 0.02698417194187641
v 0.0015506300842389464 -0.01109010074287653 0.02861200086772442
v 0.0034854202531278133 -0.010907410643994808 0.028477761894464493
v 0.0024503502063453197 -0.01109010074287653 0.02919013239443302
v 0.0024503502063453197 -0.01109010074287653 0.02919013239443302
v 0.0034854202531278133 -0.010907410643994808 0.028477761894464493
v 0.003150670090690255 -0.01109010074287653 0.029998360201716423
v 0.004526770208030939 -0.010861700400710106 0.03016474097967148
v 0.0034854202531278133 -0.010907410643994808 0.028477761894464493
v 0.005324040073901415 -0.010211600922048092 0.029559532180428505
v 0.004526770208030939 -0.010861700400710106 0.03016474097967148
v 0.003150670090690255 -0.01109010074287653 0.029998360201716423
v 0.0034854202531278133 -0.010907410643994808 0.028477761894464493
v 0.003150670090690255 -0.01109010074287653 0.029998360201716423
v 0.004526770208030939 -0.010861700400710106 0.03016474097967148
v 0.003594880225136876 -0.01109010074287653 0.030971191823482513
v 0.005730840377509594 -0.01021140068769455 0.030765071511268616
v 0.004526770208030939 -0.010861700400710106 0.03016474097967148
v 0.005324040073901415 -0.010211600922048092 0.029559532180428505
v 0.004526770208030939 -0.010861700400710106 0.03016474097967148
v 0.005730840377509594 -0.01021140068769455 0.030765071511268616
v 0.004885350354015827 -0.01083805039525032 0.03202972188591957
v 0.004526770208030939 -0.010861700400710106 0.03016474097967148
v 0.004885350354015827 -0.01083805039525032 0.03202972188591957
v 0.0037471200339496136 -0.01109010074287653 0.03202980011701584
v 0.004526770208030939 -0.010861700400710106 0.03016474097967148
v 0.0037471200339496136 -0.01109010074287653 0.03202980011701584
v 0.003594880225136876 -0.01109010074287653 0.030971191823482513
v 0.005868440493941307 -0.01021140068769455 0.03202980011701584
v 0.004885350354015827 -0.01083805039525032 0.03202972188591957
v 0.005730840377509594 -0.01021140068769455 0.030765071511268616
v 0.005730840377509594 -0.01021140068769455 0.030765071511268616
v 0.005324040073901415 -0.010211600922048092 0.029559532180428505
v 0.007137550041079521 -0.008121500723063946 0.02836388163268566
v 0.008009269833564758 -0.007968800142407417 0.030747821554541588
v 0.005730840377509594 -0.01021140068769455 0.030765071511268616
v 0.007137550041079521 -0.008121500723063946 0.02836388163268566
v 0.005730840377509594 -0.01021140068769455 0.030765071511268616
v 0.008009269833564758 -0.007968800142407417 0.030747821554541588
v 0.005868440493941307 -0.01021140068769455 0.03202980011701584
v 0.00809009000658989 -0.007968800142407417 0.03261324018239975
v 0.005868440493941307 -0.01021140068769455 0.03202980011701584
v 0.008009269833564758 -0.007968800142407417 0.030747821554541588
v 0.005868440493941307 -0.01021140068769455 0.03202980011701584
v 0.00809009000658989 -0.007968800142407417 0.03261324018239975
v 0.005668110214173794 -0.01021140068769455 0.033551283180713654
v 0.00774269038811326 -0.007968800142407417 0.034447818994522095
v 0.005668110214173794 -0.01021140068769455 0.033551283180713654
v 0.00809009000658989 -0.007968800142407417 0.03261324018239975
v 0.005668110214173794 -0.01021140068769455 0.033551283180713654
v 0.00774269038811326 -0.007968800142407417 0.034447818994522095
v 0.005080860573798418 -0.01021140068769455 0.03496910259127617
v 0.006985600106418133 -0.007968800142407417 0.03615456074476242
v 0.005080860573798418 -0.01021140068769455 0.03496910259127617
v 0.00774269038811326 -0.007968800142407417 0.034447818994522095
v 0.005080860573798418 -0.01021140068769455 0.03496910259127617
v 0.006985600106418133 -0.007968800142407417 0.03615456074476242
v 0.004146629944443703 -0.01021140068769455 0.03618660196661949
v 0.004146629944443703 -0.01021140068769455 0.03618660196661949
v 0.006985600106418133 -0.007968800142407417 0.03615456074476242
v 0.005858610384166241 -0.007968800142407417 0.03764331340789795
v 0.004421490244567394 -0.007968800142407417 0.038835350424051285
v 0.004146629944443703 -0.01021140068769455 0.03618660196661949
v 0.005858610384166241 -0.007968800142407417 0.03764331340789795
v 0.004146629944443703 -0.01021140068769455 0.03618660196661949
v 0.004421490244567394 -0.007968800142407417 0.038835350424051285
v 0.0029291401151567698 -0.010211410000920296 0.03712083399295807
v 0.002750030253082514 -0.007968800142407417 0.03966762498021126
v 0.0029291401151567698 -0.010211410000920296 0.03712083399295807
v 0.004421490244567394 -0.007968800142407417 0.038835350424051285
v 0.0029291401151567698 -0.010211410000920296 0.03712083399295807
v 0.002750030253082514 -0.007968800142407417 0.03966762498021126
v 0.0015112400287762284 -0.010211410000920296 0.03770815208554268
v 0.0009326900471933186 -0.007968800142407417 0.04009619355201721
v 0.0015112400287762284 -0.010211410000920296 0.03770815208554268
v 0.002750030253082514 -0.007968800142407417 0.03966762498021126
v 0.0015112400287762284 -0.010211410000920296 0.03770815208554268
v 0.0009326900471933186 -0.007968800142407417 0.04009619355201721
v -1.0230000953015406e-05 -0.010211410000920296 0.03790848329663277
v -0.0009347100858576596 -0.007968800142407417 0.04009867459535599
v -1.0230000953015406e-05 -0.010211410000920296 0.03790848329663277
v 0.0009326900471933186 -0.007968800142407417 0.04009619355201721
v -1.0230000953015406e-05 -0.010211410000920296 0.03790848329663277
v -0.0009347100858576596 -0.007968800142407417 0.04009867459535599
v -0.0015317101497203112 -0.010211410000920296 0.03770815208554268
v -0.0027525401674211025 -0.007968800142407417 0.03967384248971939
v -0.0015317101497203112 -0.010211410000920296 0.03770815208554268
v -0.0009347100858576596 -0.007968800142407417 0.04009867459535599
v -0.0015317101497203112 -0.010211410000920296 0.03770815208554268
v -0.0027525401674211025 -0.007968800142407417 0.03967384248971939
v -0.0029496001079678535 -0.010211410000920296 0.03712083399295807
v -0.004426260013133287 -0.007968800142407417 0.03884582221508026
v -0.0029496001079678535 -0.010211410000920296 0.03712083399295807
v -0.0027525401674211025 -0.007968800142407417 0.03967384248971939
v -0.0029496001079678535 -0.010211410000920296 0.03712083399295807
v -0.004426260013133287 -0.007968800142407417 0.03884582221508026
v -0.004167099948972464 -0.010211410000920296 0.03618660196661949
v -0.005865710321813822 -0.007968810386955738 0.037656672298908234
v -0.004167099948972464 -0.010211410000920296 0.03618660196661949
v -0.004426260013133287 -0.007968800142407417 0.03884582221508026
v -0.004167099948972464 -0.010211410000920296 0.03618660196661949
v -0.005865710321813822 -0.007968810386955738 0.037656672298908234
v -0.005101330112665892 -0.01021140068769455 0.03496910259127617
v -0.005101330112665892 -0.01021140068769455 0.03496910259127617
v -0.005865710321813822 -0.007968810386955738 0.037656672298908234
v -0.006996520329266787 -0.007968810386955738 0.036170899868011475
v -0.007757930085062981 -0.007968800142407417 0.0344662107527256
v -0.005101330112665892 -0.01021140068769455 0.03496910259127617
v -0.006996520329266787 -0.007968810386955738 0.036170899868011475
v -0.005101330112665892 -0.01021140068769455 0.03496910259127617
v -0.007757930085062981 -0.007968800142407417 0.0344662107527256
v -0.005688580218702555 -0.01021140068769455 0.033551283180713654
v -0.008109220303595066 -0.007968810386955738 0.032631970942020416
v -0.005688580218702555 -0.01021140068769455 0.033551283180713654
v -0.007757930085062981 -0.007968800142407417 0.0344662107527256
v -0.005688580218702555 -0.01021140068769455 0.033551283180713654
v -0.008109220303595066 -0.007968810386955738 0.032631970942020416
v -0.005888910032808781 -0.01021140068769455 0.03202980011701584
v -0.008032640442252159 -0.007968810386955738 0.030766280367970467
v -0.005888910032808781 -0.01021140068769455 0.03202980011701584
v -0.008109220303595066 -0.007968810386955738 0.032631970942020416
v -0.005888910032808781 -0.01021140068769455 0.03202980011701584
v -0.008032640442252159 -0.007968810386955738 0.030766280367970467
v -0.0057544102892279625 -0.01021140068769455 0.0307796411216259
v -0.008032640442252159 -0.007968810386955738 0.030766280367970467
v -0.007389810401946306 -0.008035000413656235 0.028762411326169968
v -0.0057544102892279625 -0.01021140068769455 0.0307796411216259
v -0.005427380558103323 -0.009925900027155876 0.02897489070892334
v -0.0057544102892279625 -0.01021140068769455 0.0307796411216259
v -0.007389810401946306 -0.008035000413656235 0.028762411326169968
v 0.007137550041079521 -0.008121500723063946 0.02836388163268566
v 0.008354980498552322 -0.006506800651550293 0.028913941234350204
v 0.008009269833564758 -0.007968800142407417 0.030747821554541588
v 0.008761280216276646 -0.006995500531047583 0.032078951597213745
v 0.008354980498552322 -0.006506800651550293 0.028913941234350204
v 0.008959770202636719 -0.005847500171512365 0.031295690685510635
v 0.008761280216276646 -0.006995500531047583 0.032078951597213745
v 0.008009269833564758 -0.007968800142407417 0.030747821554541588
v 0.008354980498552322 -0.006506800651550293 0.028913941234350204
v 0.008009269833564758 -0.007968800142407417 0.030747821554541588
v 0.008761280216276646 -0.006995500531047583 0.032078951597213745
v 0.00809009000658989 -0.007968800142407417 0.03261324018239975
v 0.008903060108423233 -0.005847500171512365 0.03327615186572075
v 0.008761280216276646 -0.006995500531047583 0.032078951597213745
v 0.008959770202636719 -0.005847500171512365 0.031295690685510635
v 0.008761280216276646 -0.006995500531047583 0.032078951597213745
v 0.008903060108423233 -0.005847500171512365 0.03327615186572075
v 0.008075949735939503 -0.006995500531047583 0.035429082810878754
v 0.008075949735939503 -0.006995500531047583 0.035429082810878754
v 0.008903060108423233 -0.005847500171512365 0.03327615186572075
v 0.008414310403168201 -0.005847500171512365 0.03519623354077339
v 0.008075949735939503 -0.006995500531047583 0.035429082810878754
v 0.00774269038811326 -0.007968800142407417 0.034447818994522095
v 0.008761280216276646 -0.006995500531047583 0.032078951597213745
v 0.008761280216276646 -0.006995500531047583 0.032078951597213745
v 0.00774269038811326 -0.007968800142407417 0.034447818994522095
v 0.00809009000658989 -0.007968800142407417 0.03261324018239975
v 0.00774269038811326 -0.007968800142407417 0.034447818994522095
v 0.008075949735939503 -0.006995500531047583 0.035429082810878754
v 0.006985600106418133 -0.007968800142407417 0.03615456074476242
v 0.0075173405930399895 -0.005847500171512365 0.03696279227733612
v 0.008075949735939503 -0.006995500531047583 0.035429082810878754
v 0.008414310403168201 -0.005847500171512365 0.03519623354077339
v 0.008075949735939503 -0.006995500531047583 0.035429082810878754
v 0.0075173405930399895 -0.005847500171512365 0.03696279227733612
v 0.006161750294268131 -0.006995500531047583 0.03826266899704933
v 0.006161750294268131 -0.006995500531047583 0.03826266899704933
v 0.005858610384166241 -0.007968800142407417 0.03764331340789795
v 0.008075949735939503 -0.006995500531047583 0.035429082810878754
v 0.008075949735939503 -0.006995500531047583 0.035429082810878754
v 0.005858610384166241 -0.007968800142407417 0.03764331340789795
v 0.006985600106418133 -0.007968800142407417 0.03615456074476242
v 0.00625565042719245 -0.005847500171512365 0.03849036246538162
v 0.006161750294268131 -0.006995500531047583 0.03826266899704933
v 0.0075173405930399895 -0.005847500171512365 0.03696279227733612
v 0.005858610384166241 -0.007968800142407417 0.03764331340789795
v 0.006161750294268131 -0.006995500531047583 0.03826266899704933
v 0.004421490244567394 -0.007968800142407417 0.038835350424051285
v 0.0033094901591539383 -0.006995500531047583 0.0401490218937397
v 0.004421490244567394 -0.007968800142407417 0.038835350424051285
v 0.006161750294268131 -0.006995500531047583 0.03826266899704933
v 0.006161750294268131 -0.006995500531047583 0.03826266899704933
v 0.00625565042719245 -0.005847500171512365 0.03849036246538162
v 0.0033094901591539383 -0.006995500531047583 0.0401490218937397
v 0.0033094901591539383 -0.006995500531047583 0.0401490218937397
v 0.00625565042719245 -0.005847500171512365 0.03849036246538162
v 0.004690260160714388 -0.005847500171512365 0.03970473259687424
v 0.004421490244567394 -0.007968800142407417 0.038835350424051285
v 0.0033094901591539383 -0.006995500531047583 0.0401490218937397
v 0.002750030253082514 -0.007968800142407417 0.03966762498021126
v 0.0028970399871468544 -0.005847500171512365 0.04054732993245125
v 0.0033094901591539383 -0.006995500531047583 0.0401490218937397
v 0.004690260160714388 -0.005847500171512365 0.03970473259687424
v -4.7220000851666555e-05 -0.006995500531047583 0.04080132022500038
v 0.0009326900471933186 -0.007968800142407417 0.04009619355201721
v 0.0033094901591539383 -0.006995500531047583 0.0401490218937397
v 0.0033094901591539383 -0.006995500531047583 0.0401490218937397
v 0.0009326900471933186 -0.007968800142407417 0.04009619355201721
v 0.002750030253082514 -0.007968800142407417 0.03966762498021126
v 0.0033094901591539383 -0.006995500531047583 0.0401490218937397
v 0.0028970399871468544 -0.005847500171512365 0.04054732993245125
v -4.7220000851666555e-05 -0.006995500531047583 0.04080132022500038
v -4.7220000851666555e-05 -0.006995500531047583 0.04080132022500038
v 0.0028970399871468544 -0.005847500171512365 0.04054732993245125
v 0.0009629500564187765 -0.005847500171512365 0.040976960211992264
v 0.0009326900471933186 -0.007968800142407417 0.04009619355201721
v -4.7220000851666555e-05 -0.006995500531047583 0.04080132022500038
v -0.0009347100858576596 -0.007968800142407417 0.04009867459535599
v -0.0010180000681430101 -0.005847500171512365 0.04097280278801918
v -4.7220000851666555e-05 -0.006995500531047583 0.04080132022500038
v 0.0009629500564187765 -0.005847500171512365 0.040976960211992264
v -0.0033986202906817198 -0.006995510309934616 0.04012094438076019
v -0.0027525401674211025 -0.007968800142407417 0.03967384248971939
v -4.7220000851666555e-05 -0.006995500531047583 0.04080132022500038
v -4.7220000851666555e-05 -0.006995500531047583 0.04080132022500038
v -0.0027525401674211025 -0.007968800142407417 0.03967384248971939
v -0.0009347100858576596 -0.007968800142407417 0.04009867459535599
v -4.7220000851666555e-05 -0.006995500531047583 0.04080132022500038
v -0.0010180000681430101 -0.005847500171512365 0.04097280278801918
v -0.0033986202906817198 -0.006995510309934616 0.04012094438076019
v -0.0033986202906817198 -0.006995510309934616 0.04012094438076019
v -0.0010180000681430101 -0.005847500171512365 0.04097280278801918
v -0.0029509502928704023 -0.005847500171512365 0.04053607955574989
v -0.004740850068628788 -0.005847500171512365 0.039686642587184906
v -0.0033986202906817198 -0.006995510309934616 0.04012094438076019
v -0.0029509502928704023 -0.005847500171512365 0.04053607955574989
v -0.0027525401674211025 -0.007968800142407417 0.03967384248971939
v -0.0033986202906817198 -0.006995510309934616 0.04012094438076019
v -0.004426260013133287 -0.007968800142407417 0.03884582221508026
v -0.006234330590814352 -0.006995510309934616 0.038210123777389526
v -0.004426260013133287 -0.007968800142407417 0.03884582221508026
v -0.0033986202906817198 -0.006995510309934616 0.04012094438076019
v -0.0033986202906817198 -0.006995510309934616 0.04012094438076019
v -0.004740850068628788 -0.005847500171512365 0.039686642587184906
v -0.006234330590814352 -0.006995510309934616 0.038210123777389526
v -0.006234330590814352 -0.006995510309934616 0.038210123777389526
v -0.004740850068628788 -0.005847500171512365 0.039686642587184906
v -0.006301150191575289 -0.005847500171512365 0.03846575319766998
v -0.004426260013133287 -0.007968800142407417 0.03884582221508026
v -0.006234330590814352 -0.006995510309934616 0.038210123777389526
v -0.005865710321813822 -0.007968810386955738 0.037656672298908234
v -0.007557400036603212 -0.005847500171512365 0.03693373128771782
v -0.006234330590814352 -0.006995510309934616 0.038210123777389526
v -0.006301150191575289 -0.005847500171512365 0.03846575319766998
v -0.006234330590814352 -0.006995510309934616 0.038210123777389526
v -0.007557400036603212 -0.005847500171512365 0.03693373128771782
v -0.008124850690364838 -0.006995500531047583 0.03536077216267586
v -0.008124850690364838 -0.006995500531047583 0.03536077216267586
v -0.006996520329266787 -0.007968810386955738 0.036170899868011475
v -0.006234330590814352 -0.006995510309934616 0.038210123777389526
v -0.006234330590814352 -0.006995510309934616 0.038210123777389526
v -0.006996520329266787 -0.007968810386955738 0.036170899868011475
v -0.005865710321813822 -0.007968810386955738 0.037656672298908234
v -0.008446870371699333 -0.005847500171512365 0.03516320139169693
v -0.008124850690364838 -0.006995500531047583 0.03536077216267586
v -0.007557400036603212 -0.005847500171512365 0.03693373128771782
v -0.006996520329266787 -0.007968810386955738 0.036170899868011475
v -0.008124850690364838 -0.006995500531047583 0.03536077216267586
v -0.007757930085062981 -0.007968800142407417 0.0344662107527256
v -0.00878182053565979 -0.006995500531047583 0.032004911452531815
v -0.008109220303595066 -0.007968810386955738 0.032631970942020416
v -0.008124850690364838 -0.006995500531047583 0.03536077216267586
v -0.008124850690364838 -0.006995500531047583 0.03536077216267586
v -0.008109220303595066 -0.007968810386955738 0.032631970942020416
v -0.007757930085062981 -0.007968800142407417 0.0344662107527256
v -0.008124850690364838 -0.006995500531047583 0.03536077216267586
v -0.008446870371699333 -0.005847500171512365 0.03516320139169693
v -0.00878182053565979 -0.006995500531047583 0.032004911452531815
v -0.00878182053565979 -0.006995500531047583 0.032004911452531815
v -0.008446870371699333 -0.005847500171512365 0.03516320139169693
v -0.008927990682423115 -0.005847500171512365 0.03324101120233536
v -0.008977340534329414 -0.005847500171512365 0.031260401010513306
v -0.00878182053565979 -0.006995500531047583 0.032004911452531815
v -0.008927990682423115 -0.005847500171512365 0.03324101120233536
v -0.008109220303595066 -0.007968810386955738 0.032631970942020416
v -0.00878182053565979 -0.006995500531047583 0.032004911452531815
v -0.008032640442252159 -0.007968810386955738 0.030766280367970467
v -0.00878182053565979 -0.006995500531047583 0.032004911452531815
v -0.008977340534329414 -0.005847500171512365 0.031260401010513306
v -0.008315280079841614 -0.006583200301975012 0.02880709245800972
v -0.008315280079841614 -0.006583200301975012 0.02880709245800972
v -0.008977340534329414 -0.005847500171512365 0.031260401010513306
v -0.008625339716672897 -0.005228099878877401 0.029425740242004395
v 0.008354980498552322 -0.006506800651550293 0.028913941234350204
v 0.008612650446593761 -0.005223700311034918 0.029451772570610046
v 0.008959770202636719 -0.005847500171512365 0.031295690685510635
v 0.008959770202636719 -0.005847500171512365 0.031295690685510635
v 0.008612650446593761 -0.005223700311034918 0.029451772570610046
v 0.0086402902379632 -0.004002600442618132 0.029546160250902176
v 0.008959770202636719 -0.005847500171512365 0.031295690685510635
v 0.0086402902379632 -0.004002600442618132 0.029546160250902176
v 0.008656560443341732 -0.0019371801754459739 0.029603581875562668
v 0.008959770202636719 -0.005847500171512365 0.031295690685510635
v 0.008656560443341732 -0.0019371801754459739 0.029603581875562668
v 0.008663630113005638 -9.010000212583691e-05 0.029628902673721313
v -0.006657460704445839 -0.008514100685715675 -0.0023889699950814247
v -0.00354577018879354 -0.010426700115203857 -0.0012564699864014983
v -0.007062280550599098 -0.008490300737321377 2.9830000130459666e-05
v -0.007062280550599098 -0.008490300737321377 2.9830000130459666e-05
v -0.009532060474157333 -0.0055978004820644855 2.9830000130459666e-05
v -0.006657460704445839 -0.008514100685715675 -0.0023889699950814247
v -1.0230000953015406e-05 -0.01109010074287653 2.975999996124301e-05
v -0.003756060265004635 -0.01038410048931837 2.975999996124301e-05
v -0.00354577018879354 -0.010426700115203857 -0.0012564699864014983
v -0.00354577018879354 -0.010426700115203857 -0.0012564699864014983
v -0.003756060265004635 -0.01038410048931837 2.975999996124301e-05
v -0.007062280550599098 -0.008490300737321377 2.9830000130459666e-05
v -0.008965600281953812 -0.005583399906754494 -0.0032297202851623297
v -0.006657460704445839 -0.008514100685715675 -0.0023889699950814247
v -0.009532060474157333 -0.0055978004820644855 2.9830000130459666e-05
v -0.0028929701074957848 -0.010426700115203857 -0.0023876901250332594
v -1.0230000953015406e-05 -0.01109010074287653 2.975999996124301e-05
v -0.00354577018879354 -0.010426700115203857 -0.0012564699864014983
v -0.00354577018879354 -0.010426700115203857 -0.0012564699864014983
v -0.006657460704445839 -0.008514100685715675 -0.0023889699950814247
v -0.0028929701074957848 -0.010426700115203857 -0.0023876901250332594
v -0.005429710261523724 -0.008514100685715675 -0.004516160115599632
v -0.0028929701074957848 -0.010426700115203857 -0.0023876901250332594
v -0.006657460704445839 -0.008514100685715675 -0.0023889699950814247
v -0.006657460704445839 -0.008514100685715675 -0.0023889699950814247
v -0.008965600281953812 -0.005583399906754494 -0.0032297202851623297
v -0.005429710261523724 -0.008514100685715675 -0.004516160115599632
v -0.008965600281953812 -0.005583399906754494 -0.0032297202851623297
v -0.010191651061177254 -0.001988880103453994 -0.003675970248878002
v -0.007310680113732815 -0.005583399906754494 -0.006096050143241882
v -0.007310680113732815 -0.005583399906754494 -0.006096050143241882
v -0.005429710261523724 -0.008514100685715675 -0.004516160115599632
v -0.008965600281953812 -0.005583399906754494 -0.0032297202851623297
v -0.00831018015742302 -0.001988880103453994 -0.0069347405806183815
v -0.007310680113732815 -0.005583399906754494 -0.006096050143241882
v -0.010191651061177254 -0.001988880103453994 -0.003675970248878002
v -0.0018926900811493397 -0.010426700115203857 -0.003227600362151861
v -1.0230000953015406e-05 -0.01109010074287653 2.975999996124301e-05
v -0.0028929701074957848 -0.010426700115203857 -0.0023876901250332594
v -0.0028929701074957848 -0.010426700115203857 -0.0023876901250332594
v -0.005429710261523724 -0.008514100685715675 -0.004516160115599632
v -0.0018926900811493397 -0.010426700115203857 -0.003227600362151861
v -0.003548520151525736 -0.008514100685715675 -0.006095270626246929
v -0.0018926900811493397 -0.010426700115203857 -0.003227600362151861
v -0.005429710261523724 -0.008514100685715675 -0.004516160115599632
v -0.005429710261523724 -0.008514100685715675 -0.004516160115599632
v -0.007310680113732815 -0.005583399906754494 -0.006096050143241882
v -0.003548520151525736 -0.008514100685715675 -0.006095270626246929
v -0.007310680113732815 -0.005583399906754494 -0.006096050143241882
v -0.00831018015742302 -0.001988880103453994 -0.0069347405806183815
v -0.004775280132889748 -0.005583399906754494 -0.0082235811278224
v -0.004775280132889748 -0.005583399906754494 -0.0082235811278224
v -0.003548520151525736 -0.008514100685715675 -0.006095270626246929
v -0.007310680113732815 -0.005583399906754494 -0.006096050143241882
v -0.005427660420536995 -0.001988880103453994 -0.00935354083776474
v -0.004775280132889748 -0.005583399906754494 -0.0082235811278224
v -0.00831018015742302 -0.001988880103453994 -0.0069347405806183815
v -0.0018926900811493397 -0.010426700115203857 -0.003227600362151861
v -0.003548520151525736 -0.008514100685715675 -0.006095270626246929
v -0.0006655799807049334 -0.010426700115203857 -0.003674910170957446
v -0.0006655799807049334 -0.010426700115203857 -0.003674910170957446
v -1.0230000953015406e-05 -0.01109010074287653 2.975999996124301e-05
v -0.0018926900811493397 -0.010426700115203857 -0.003227600362151861
v -0.0012407400645315647 -0.008514100685715675 -0.00693594990298152
v -0.0006655799807049334 -0.010426700115203857 -0.003674910170957446
v -0.003548520151525736 -0.008514100685715675 -0.006095270626246929
v -0.003548520151525736 -0.008514100685715675 -0.006095270626246929
v -0.004775280132889748 -0.005583399906754494 -0.0082235811278224
v -0.0012407400645315647 -0.008514100685715675 -0.00693594990298152
v -0.004775280132889748 -0.005583399906754494 -0.0082235811278224
v -0.005427660420536995 -0.001988880103453994 -0.00935354083776474
v -0.0016651400364935398 -0.005583399906754494 -0.009355520829558372
v -0.0016651400364935398 -0.005583399906754494 -0.009355520829558372
v -0.0012407400645315647 -0.008514100685715675 -0.00693594990298152
v -0.004775280132889748 -0.005583399906754494 -0.0082235811278224
v -0.0018917000852525234 -0.001988880103453994 -0.010640480555593967
v -0.0016651400364935398 -0.005583399906754494 -0.009355520829558372
v -0.005427660420536995 -0.001988880103453994 -0.00935354083776474
v 0.000640450045466423 -0.010426700115203857 -0.0036757602356374264
v -1.0230000953015406e-05 -0.01109010074287653 2.975999996124301e-05
v -0.0006655799807049334 -0.010426700115203857 -0.003674910170957446
v -0.0006655799807049334 -0.010426700115203857 -0.003674910170957446
v -0.0012407400645315647 -0.008514100685715675 -0.00693594990298152
v 0.000640450045466423 -0.010426700115203857 -0.0036757602356374264
v 0.0012153200805187225 -0.008514100685715675 -0.006936800200492144
v 0.000640450045466423 -0.010426700115203857 -0.0036757602356374264
v -0.0012407400645315647 -0.008514100685715675 -0.00693594990298152
v -0.0012407400645315647 -0.008514100685715675 -0.00693594990298152
v -0.0016651400364935398 -0.005583399906754494 -0.009355520829558372
v 0.0012153200805187225 -0.008514100685715675 -0.006936800200492144
v 0.001644680043682456 -0.005583399906754494 -0.009355520829558372
v 0.0012153200805187225 -0.008514100685715675 -0.006936800200492144
v -0.0016651400364935398 -0.005583399906754494 -0.009355520829558372
v -0.0016651400364935398 -0.005583399906754494 -0.009355520829558372
v -0.0018917000852525234 -0.001988880103453994 -0.010640480555593967
v 0.001644680043682456 -0.005583399906754494 -0.009355520829558372
v 0.0018712300807237625 -0.001988880103453994 -0.010640471242368221
v 0.001644680043682456 -0.005583399906754494 -0.009355520829558372
v -0.0018917000852525234 -0.001988880103453994 -0.010640480555593967
v 0.000640450045466423 -0.010426700115203857 -0.0036757602356374264
v 0.0012153200805187225 -0.008514100685715675 -0.006936800200492144
v 0.001868130057118833 -0.010426700115203857 -0.0032300001475960016
v 0.001868130057118833 -0.010426700115203857 -0.0032300001475960016
v -1.0230000953015406e-05 -0.01109010074287653 2.975999996124301e-05
v 0.000640450045466423 -0.010426700115203857 -0.0036757602356374264
v 0.0012153200805187225 -0.008514100685715675 -0.006936800200492144
v 0.001644680043682456 -0.005583399906754494 -0.009355520829558372
v 0.0035236801486462355 -0.008514100685715675 -0.006097820121794939
v 0.0035236801486462355 -0.008514100685715675 -0.006097820121794939
v 0.001868130057118833 -0.010426700115203857 -0.0032300001475960016
v 0.0012153200805187225 -0.008514100685715675 -0.006936800200492144
v 0.00475481990724802 -0.005583399906754494 -0.0082235811278224
v 0.0035236801486462355 -0.008514100685715675 -0.006097820121794939
v 0.001644680043682456 -0.005583399906754494 -0.009355520829558372
v 0.001644680043682456 -0.005583399906754494 -0.009355520829558372
v 0.0018712300807237625 -0.001988880103453994 -0.010640471242368221
v 0.00475481990724802 -0.005583399906754494 -0.0082235811278224
v 0.005407189950346947 -0.001988880103453994 -0.00935354083776474
v 0.00475481990724802 -0.005583399906754494 -0.0082235811278224
v 0.0018712300807237625 -0.001988880103453994 -0.010640471242368221
v 0.002869390184059739 -0.010426700115203857 -0.0023913702461868525
v -1.0230000953015406e-05 -0.01109010074287653 2.975999996124301e-05
v 0.001868130057118833 -0.010426700115203857 -0.0032300001475960016
v 0.001868130057118833 -0.010426700115203857 -0.0032300001475960016
v 0.0035236801486462355 -0.008514100685715675 -0.006097820121794939
v 0.002869390184059739 -0.010426700115203857 -0.0023913702461868525
v 0.005405990406870842 -0.008514100685715675 -0.004519970156252384
v 0.002869390184059739 -0.010426700115203857 -0.0023913702461868525
v 0.0035236801486462355 -0.008514100685715675 -0.006097820121794939
v 0.0035236801486462355 -0.008514100685715675 -0.006097820121794939
v 0.00475481990724802 -0.005583399906754494 -0.0082235811278224
v 0.005405990406870842 -0.008514100685715675 -0.004519970156252384
v 0.007290220353752375 -0.005583399906754494 -0.0060960398986935616
v 0.005405990406870842 -0.008514100685715675 -0.004519970156252384
v 0.00475481990724802 -0.005583399906754494 -0.0082235811278224
v 0.00475481990724802 -0.005583399906754494 -0.0082235811278224
v 0.005407189950346947 -0.001988880103453994 -0.00935354083776474
v 0.007290220353752375 -0.005583399906754494 -0.0060960398986935616
v 0.008289710618555546 -0.001988880103453994 -0.0069347405806183815
v 0.007290220353752375 -0.005583399906754494 -0.0060960398986935616
v 0.005407189950346947 -0.001988880103453994 -0.00935354083776474
v 0.002869390184059739 -0.010426700115203857 -0.0023913702461868525
v 0.005405990406870842 -0.008514100685715675 -0.004519970156252384
v 0.0035236701369285583 -0.010426700115203857 -0.0012609200784936547
v 0.0035236701369285583 -0.010426700115203857 -0.0012609200784936547
v -1.0230000953015406e-05 -0.01109010074287653 2.975999996124301e-05
v 0.002869390184059739 -0.010426700115203857 -0.0023913702461868525
v 0.006635230500251055 -0.008514100685715675 -0.0023937001824378967
v 0.0035236701369285583 -0.010426700115203857 -0.0012609200784936547
v 0.005405990406870842 -0.008514100685715675 -0.004519970156252384
v 0.005405990406870842 -0.008514100685715675 -0.004519970156252384
v 0.007290220353752375 -0.005583399906754494 -0.0060960398986935616
v 0.006635230500251055 -0.008514100685715675 -0.0023937001824378967
v 0.007290220353752375 -0.005583399906754494 -0.0060960398986935616
v 0.008289710618555546 -0.001988880103453994 -0.0069347405806183815
v 0.008945130743086338 -0.005583399906754494 -0.0032297202851623297
v 0.008945130743086338 -0.005583399906754494 -0.0032297202851623297
v 0.006635230500251055 -0.008514100685715675 -0.0023937001824378967
v 0.007290220353752375 -0.005583399906754494 -0.0060960398986935616
v 0.010171180590987206 -0.001988880103453994 -0.003675970248878002
v 0.008945130743086338 -0.005583399906754494 -0.0032297202851623297
v 0.008289710618555546 -0.001988880103453994 -0.0069347405806183815
v 0.0035236701369285583 -0.010426700115203857 -0.0012609200784936547
v 0.006635230500251055 -0.008514100685715675 -0.0023937001824378967
v 0.0037459901068359613 -0.010409200564026833 2.4599999960628338e-05
v 0.0037459901068359613 -0.010409200564026833 2.4599999960628338e-05
v -1.0230000953015406e-05 -0.01109010074287653 2.975999996124301e-05
v 0.0035236701369285583 -0.010426700115203857 -0.0012609200784936547
v 0.006635230500251055 -0.008514100685715675 -0.0023937001824378967
v 0.008945130743086338 -0.005583399906754494 -0.0032297202851623297
v 0.007062110118567944 -0.008512700907886028 2.4810000468278304e-05
v 0.007062110118567944 -0.008512700907886028 2.4810000468278304e-05
v 0.0037459901068359613 -0.010409200564026833 2.4599999960628338e-05
v 0.006635230500251055 -0.008514100685715675 -0.0023937001824378967
v 0.008945130743086338 -0.005583399906754494 -0.0032297202851623297
v 0.010171180590987206 -0.001988880103453994 -0.003675970248878002
v 0.009506430476903915 -0.005576200317591429 2.975999996124301e-05
v 0.008945130743086338 -0.005583399906754494 -0.0032297202851623297
v 0.009506430476903915 -0.005576200317591429 2.975999996124301e-05
v 0.007062110118567944 -0.008512700907886028 2.4810000468278304e-05
v 0.010171180590987206 -0.001988880103453994 -0.003675970248878002
v 0.010808920487761497 -0.0019857001025229692 2.975999996124301e-05
v 0.009506430476903915 -0.005576200317591429 2.975999996124301e-05
v 0.008283840492367744 -0.0038031002040952444 0.024134190753102303
v 0.008324360474944115 -0.0017310600960627198 0.02606027200818062
v 0.008256830275058746 -0.0038527001161128283 0.026515290141105652
v 0.008324360474944115 -0.0017310600960627198 0.02606027200818062
v 0.008609470911324024 -0.0023354003205895424 0.021806180477142334
v 0.008356320671737194 -5.477000377140939e-05 0.025913331657648087
v 0.008324360474944115 -0.0017310600960627198 0.02606027200818062
v 0.008283840492367744 -0.0038031002040952444 0.024134190753102303
v 0.008609470911324024 -0.0023354003205895424 0.021806180477142334
v 0.008356320671737194 -5.477000377140939e-05 0.025913331657648087
v 0.008609470911324024 -0.0023354003205895424 0.021806180477142334
v 0.008780520409345627 -0.000892960058990866 0.021668922156095505
v 0.008257400244474411 -0.004047900438308716 0.021484091877937317
v 0.008609470911324024 -0.0023354003205895424 0.021806180477142334
v 0.008283840492367744 -0.0038031002040952444 0.024134190753102303
v 0.008609470911324024 -0.0023354003205895424 0.021806180477142334
v 0.008257400244474411 -0.004047900438308716 0.021484091877937317
v 0.008928020484745502 -0.0028824000619351864 0.017450889572501183
v 0.008928020484745502 -0.0028824000619351864 0.017450889572501183
v 0.008257400244474411 -0.004047900438308716 0.021484091877937317
v 0.008235270157456398 -0.004507299978286028 0.018534110859036446
v 0.008928020484745502 -0.0028824000619351864 0.017450889572501183
v 0.008780520409345627 -0.000892960058990866 0.021668922156095505
v 0.008609470911324024 -0.0023354003205895424 0.021806180477142334
v 0.008780520409345627 -0.000892960058990866 0.021668922156095505
v 0.008928020484745502 -0.0028824000619351864 0.017450889572501183
v 0.009253930300474167 -0.0012134200660511851 0.01734108105301857
v 0.008325209841132164 -0.004994899965822697 0.015263460576534271
v 0.008928020484745502 -0.0028824000619351864 0.017450889572501183
v 0.008235270157456398 -0.004507299978286028 0.018534110859036446
v 0.008928020484745502 -0.0028824000619351864 0.017450889572501183
v 0.008325209841132164 -0.004994899965822697 0.015263460576534271
v 0.009355750866234303 -0.003289200132712722 0.013095609843730927
v 0.009355750866234303 -0.003289200132712722 0.013095609843730927
v 0.009253930300474167 -0.0012134200660511851 0.01734108105301857
v 0.008928020484745502 -0.0028824000619351864 0.017450889572501183
v 0.009253930300474167 -0.0012134200660511851 0.01734108105301857
v 0.009355750866234303 -0.003289200132712722 0.013095609843730927
v 0.009781500324606895 -0.0013685200829058886 0.013013230636715889
v 0.00861378014087677 -0.005310200620442629 0.011685000732541084
v 0.009355750866234303 -0.003289200132712722 0.013095609843730927
v 0.008325209841132164 -0.004994899965822697 0.015263460576534271
v 0.009355750866234303 -0.003289200132712722 0.013095609843730927
v 0.00861378014087677 -0.005310200620442629 0.011685000732541084
v 0.009836509823799133 -0.0034607001580297947 0.00874033011496067
v 0.009836509823799133 -0.0034607001580297947 0.00874033011496067
v 0.009781500324606895 -0.0013685200829058886 0.013013230636715889
v 0.009355750866234303 -0.003289200132712722 0.013095609843730927
v 0.009781500324606895 -0.0013685200829058886 0.013013230636715889
v 0.009836509823799133 -0.0034607001580297947 0.00874033011496067
v 0.010306030511856079 -0.001325129996985197 0.008685450069606304
v 0.00900644063949585 -0.005478000268340111 0.007876170799136162
v 0.009836509823799133 -0.0034607001580297947 0.00874033011496067
v 0.00861378014087677 -0.005310200620442629 0.011685000732541084
v 0.009836509823799133 -0.0034607001580297947 0.00874033011496067
v 0.00900644063949585 -0.005478000268340111 0.007876170799136162
v 0.010220110416412354 -0.0035647002514451742 0.004385049920529127
v 0.010220110416412354 -0.0035647002514451742 0.004385049920529127
v 0.010306030511856079 -0.001325129996985197 0.008685450069606304
v 0.009836509823799133 -0.0034607001580297947 0.00874033011496067
v 0.010306030511856079 -0.001325129996985197 0.008685450069606304
v 0.010220110416412354 -0.0035647002514451742 0.004385049920529127
v 0.010726050473749638 -0.0012774000642821193 0.0043541500344872475
v 0.009326400235295296 -0.0056048003025352955 0.003953069914132357
v 0.010220110416412354 -0.0035647002514451742 0.004385049920529127
v 0.00900644063949585 -0.005478000268340111 0.007876170799136162
v 0.010220110416412354 -0.0035647002514451742 0.004385049920529127
v 0.009326400235295296 -0.0056048003025352955 0.003953069914132357
v 0.009506430476903915 -0.005576200317591429 2.975999996124301e-05
v 0.009506430476903915 -0.005576200317591429 2.975999996124301e-05
v 0.010808920487761497 -0.0019857001025229692 2.975999996124301e-05
v 0.010220110416412354 -0.0035647002514451742 0.004385049920529127
v 0.010220110416412354 -0.0035647002514451742 0.004385049920529127
v 0.010808920487761497 -0.0019857001025229692 2.975999996124301e-05
v 0.010726050473749638 -0.0012774000642821193 0.0043541500344872475
v 0.005012070294469595 -0.010000260546803474 0.028286881744861603
v 0.005020050331950188 -0.009812600910663605 0.027177920565009117
v 0.006867790594696999 -0.007983600720763206 0.026516420766711235
v 0.004935550037771463 -0.009541400708258152 0.024909742176532745
v 0.005020050331950188 -0.009812600910663605 0.027177920565009117
v 0.002856450155377388 -0.010714900679886341 0.02698417194187641
v 0.004935550037771463 -0.009541400708258152 0.024909742176532745
v 0.006867790594696999 -0.007983600720763206 0.026516420766711235
v 0.005020050331950188 -0.009812600910663605 0.027177920565009117
v 0.0028480403125286102 -0.010421300306916237 0.024737481027841568
v 0.004935550037771463 -0.009541400708258152 0.024909742176532745
v 0.002856450155377388 -0.010714900679886341 0.02698417194187641
v 0.002856450155377388 -0.010714900679886341 0.02698417194187641
v 0.0012252901215106249 -0.010887700133025646 0.026750260964035988
v 0.0028480403125286102 -0.010421300306916237 0.024737481027841568
v 0.0013004600768908858 -0.01062680035829544 0.024500031024217606
v 0.0028480403125286102 -0.010421300306916237 0.024737481027841568
v 0.0012252901215106249 -0.010887700133025646 0.026750260964035988
v 0.006867790594696999 -0.007983600720763206 0.026516420766711235
v 0.0067870402708649635 -0.00774200027808547 0.024308690801262856
v 0.007963250391185284 -0.00571200018748641 0.025970401242375374
v 0.006867790594696999 -0.007983600720763206 0.026516420766711235
v 0.004935550037771463 -0.009541400708258152 0.024909742176532745
v 0.0067870402708649635 -0.00774200027808547 0.024308690801262856
v 0.007879520766437054 -0.005619800183922052 0.023808350786566734
v 0.008283840492367744 -0.0038031002040952444 0.024134190753102303
v 0.007963250391185284 -0.00571200018748641 0.025970401242375374
v 0.007963250391185284 -0.00571200018748641 0.025970401242375374
v 0.008283840492367744 -0.0038031002040952444 0.024134190753102303
v 0.008256830275058746 -0.0038527001161128283 0.026515290141105652
v 0.007879520766437054 -0.005619800183922052 0.023808350786566734
v 0.007963250391185284 -0.00571200018748641 0.025970401242375374
v 0.0067870402708649635 -0.00774200027808547 0.024308690801262856
v 0.004988160450011492 -0.00914010126143694 0.02264770120382309
v 0.0067870402708649635 -0.00774200027808547 0.024308690801262856
v 0.004935550037771463 -0.009541400708258152 0.024909742176532745
v 0.004935550037771463 -0.009541400708258152 0.024909742176532745
v 0.0028480403125286102 -0.010421300306916237 0.024737481027841568
v 0.004988160450011492 -0.00914010126143694 0.02264770120382309
v 0.0028480403125286102 -0.010421300306916237 0.024737481027841568
v 0.0013004600768908858 -0.01062680035829544 0.024500031024217606
v 0.0030960901640355587 -0.009983500465750694 0.022490721195936203
v 0.0030960901640355587 -0.009983500465750694 0.022490721195936203
v 0.0013004600768908858 -0.01062680035829544 0.024500031024217606
v 0.0016639900859445333 -0.0102315004914999 0.02207600139081478
v 0.0030960901640355587 -0.009983500465750694 0.022490721195936203
v 0.004988160450011492 -0.00914010126143694 0.02264770120382309
v 0.0028480403125286102 -0.010421300306916237 0.024737481027841568
v 0.0067870402708649635 -0.00774200027808547 0.024308690801262856
v 0.004988160450011492 -0.00914010126143694 0.02264770120382309
v 0.0066836001351475716 -0.0075227003544569016 0.022101040929555893
v 0.0066836001351475716 -0.0075227003544569016 0.022101040929555893
v 0.007879520766437054 -0.005619800183922052 0.023808350786566734
v 0.0067870402708649635 -0.00774200027808547 0.024308690801262856
v 0.007879520766437054 -0.005619800183922052 0.023808350786566734
v 0.0066836001351475716 -0.0075227003544569016 0.022101040929555893
v 0.007737680338323116 -0.0056767999194562435 0.021646300330758095
v 0.007737680338323116 -0.0056767999194562435 0.021646300330758095
v 0.008283840492367744 -0.0038031002040952444 0.024134190753102303
v 0.007879520766437054 -0.005619800183922052 0.023808350786566734
v 0.008283840492367744 -0.0038031002040952444 0.024134190753102303
v 0.007737680338323116 -0.0056767999194562435 0.021646300330758095
v 0.008257400244474411 -0.004047900438308716 0.021484091877937317
v 0.004988160450011492 -0.00914010126143694 0.02264770120382309
v 0.0030960901640355587 -0.009983500465750694 0.022490721195936203
v 0.005121940281242132 -0.0087098004296422 0.020385660231113434
v 0.005121940281242132 -0.0087098004296422 0.020385660231113434
v 0.0066836001351475716 -0.0075227003544569016 0.022101040929555893
v 0.004988160450011492 -0.00914010126143694 0.02264770120382309
v 0.0034920002799481153 -0.00950700044631958 0.02024403028190136
v 0.005121940281242132 -0.0087098004296422 0.020385660231113434
v 0.0030960901640355587 -0.009983500465750694 0.022490721195936203
v 0.0030960901640355587 -0.009983500465750694 0.022490721195936203
v 0.0016639900859445333 -0.0102315004914999 0.02207600139081478
v 0.0034920002799481153 -0.00950700044631958 0.02024403028190136
v 0.0034920002799481153 -0.00950700044631958 0.02024403028190136
v 0.0016639900859445333 -0.0102315004914999 0.02207600139081478
v 0.002212280174717307 -0.009797700680792332 0.019473709166049957
v 0.0066836001351475716 -0.0075227003544569016 0.022101040929555893
v 0.005121940281242132 -0.0087098004296422 0.020385660231113434
v 0.006588630378246307 -0.007350500673055649 0.019893379881978035
v 0.006588630378246307 -0.007350500673055649 0.019893379881978035
v 0.007737680338323116 -0.0056767999194562435 0.021646300330758095
v 0.0066836001351475716 -0.0075227003544569016 0.022101040929555893
v 0.007591370493173599 -0.005832800175994635 0.019484320655465126
v 0.008235270157456398 -0.004507299978286028 0.018534110859036446
v 0.007737680338323116 -0.0056767999194562435 0.021646300330758095
v 0.007737680338323116 -0.0056767999194562435 0.021646300330758095
v 0.008235270157456398 -0.004507299978286028 0.018534110859036446
v 0.008257400244474411 -0.004047900438308716 0.021484091877937317
v 0.007737680338323116 -0.0056767999194562435 0.021646300330758095
v 0.006588630378246307 -0.007350500673055649 0.019893379881978035
v 0.007591370493173599 -0.005832800175994635 0.019484320655465126
v 0.005299150012433529 -0.008340900763869286 0.01812349073588848
v 0.006588630378246307 -0.007350500673055649 0.019893379881978035
v 0.005121940281242132 -0.0087098004296422 0.020385660231113434
v 0.005121940281242132 -0.0087098004296422 0.020385660231113434
v 0.0034920002799481153 -0.00950700044631958 0.02024403028190136
v 0.005299150012433529 -0.008340900763869286 0.01812349073588848
v 0.0034920002799481153 -0.00950700044631958 0.02024403028190136
v 0.002212280174717307 -0.009797700680792332 0.019473709166049957
v 0.00392878009006381 -0.009095700457692146 0.017997339367866516
v 0.00392878009006381 -0.009095700457692146 0.017997339367866516
v 0.002212280174717307 -0.009797700680792332 0.019473709166049957
v 0.002777680056169629 -0.00947130098938942 0.016661550849676132
v 0.00392878009006381 -0.009095700457692146 0.017997339367866516
v 0.005299150012433529 -0.008340900763869286 0.01812349073588848
v 0.0034920002799481153 -0.00950700044631958 0.02024403028190136
v 0.006588630378246307 -0.007350500673055649 0.019893379881978035
v 0.005299150012433529 -0.008340900763869286 0.01812349073588848
v 0.006532550323754549 -0.007249500136822462 0.017685720697045326
v 0.006532550323754549 -0.007249500136822462 0.017685720697045326
v 0.007591370493173599 -0.005832800175994635 0.019484320655465126
v 0.006588630378246307 -0.007350500673055649 0.019893379881978035
v 0.007591370493173599 -0.005832800175994635 0.019484320655465126
v 0.006532550323754549 -0.007249500136822462 0.017685720697045326
v 0.007491530384868383 -0.0060384999960660934 0.017322270199656487
v 0.007491530384868383 -0.0060384999960660934 0.017322270199656487
v 0.008235270157456398 -0.004507299978286028 0.018534110859036446
v 0.007591370493173599 -0.005832800175994635 0.019484320655465126
v 0.008235270157456398 -0.004507299978286028 0.018534110859036446
v 0.007491530384868383 -0.0060384999960660934 0.017322270199656487
v 0.008325209841132164 -0.004994899965822697 0.015263460576534271
v 0.005482220556586981 -0.008123700506985188 0.015861380845308304
v 0.006532550323754549 -0.007249500136822462 0.017685720697045326
v 0.005299150012433529 -0.008340900763869286 0.01812349073588848
v 0.005299150012433529 -0.008340900763869286 0.01812349073588848
v 0.00392878009006381 -0.009095700457692146 0.017997339367866516
v 0.005482220556586981 -0.008123700506985188 0.015861380845308304
v 0.00392878009006381 -0.009095700457692146 0.017997339367866516
v 0.002777680056169629 -0.00947130098938942 0.016661550849676132
v 0.00429923040792346 -0.008853600360453129 0.015750650316476822
v 0.00429923040792346 -0.008853600360453129 0.015750650316476822
v 0.005482220556586981 -0.008123700506985188 0.015861380845308304
v 0.00392878009006381 -0.009095700457692146 0.017997339367866516
v 0.006532550323754549 -0.007249500136822462 0.017685720697045326
v 0.005482220556586981 -0.008123700506985188 0.015861380845308304
v 0.0065452102571725845 -0.007243600208312273 0.015478060580790043
v 0.0065452102571725845 -0.007243600208312273 0.015478060580790043
v 0.007491530384868383 -0.0060384999960660934 0.017322270199656487
v 0.006532550323754549 -0.007249500136822462 0.017685720697045326
v 0.007487710565328598 -0.006245700176805258 0.015160220675170422
v 0.008325209841132164 -0.004994899965822697 0.015263460576534271
v 0.007491530384868383 -0.0060384999960660934 0.017322270199656487
v 0.007491530384868383 -0.0060384999960660934 0.017322270199656487
v 0.0065452102571725845 -0.007243600208312273 0.015478060580790043
v 0.007487710565328598 -0.006245700176805258 0.015160220675170422
v 0.003125570248812437 -0.009448000229895115 0.013612920418381691
v 0.00429923040792346 -0.008853600360453129 0.015750650316476822
v 0.002777680056169629 -0.00947130098938942 0.016661550849676132
v 0.0056408303789794445 -0.008116700686514378 0.013599281199276447
v 0.0065452102571725845 -0.007243600208312273 0.015478060580790043
v 0.005482220556586981 -0.008123700506985188 0.015861380845308304
v 0.005482220556586981 -0.008123700506985188 0.015861380845308304
v 0.00429923040792346 -0.008853600360453129 0.015750650316476822
v 0.0056408303789794445 -0.008116700686514378 0.013599281199276447
v 0.004528890363872051 -0.008843600749969482 0.013503890484571457
v 0.0056408303789794445 -0.008116700686514378 0.013599281199276447
v 0.00429923040792346 -0.008853600360453129 0.015750650316476822
v 0.00429923040792346 -0.008853600360453129 0.015750650316476822
v 0.003125570248812437 -0.009448000229895115 0.013612920418381691
v 0.004528890363872051 -0.008843600749969482 0.013503890484571457
v 0.0065452102571725845 -0.007243600208312273 0.015478060580790043
v 0.0056408303789794445 -0.008116700686514378 0.013599281199276447
v 0.006637420505285263 -0.007339300587773323 0.013270480558276176
v 0.006637420505285263 -0.007339300587773323 0.013270480558276176
v 0.007487710565328598 -0.006245700176805258 0.015160220675170422
v 0.0065452102571725845 -0.007243600208312273 0.015478060580790043
v 0.008325209841132164 -0.004994899965822697 0.015263460576534271
v 0.007487710565328598 -0.006245700176805258 0.015160220675170422
v 0.00861378014087677 -0.005310200620442629 0.011685000732541084
v 0.007487710565328598 -0.006245700176805258 0.015160220675170422
v 0.006637420505285263 -0.007339300587773323 0.013270480558276176
v 0.007592220325022936 -0.006428100634366274 0.012998170219361782
v 0.007592220325022936 -0.006428100634366274 0.012998170219361782
v 0.00861378014087677 -0.005310200620442629 0.011685000732541084
v 0.007487710565328598 -0.006245700176805258 0.015160220675170422
v 0.0031908401288092136 -0.00974200014024973 0.010357760824263096
v 0.004528890363872051 -0.008843600749969482 0.013503890484571457
v 0.003125570248812437 -0.009448000229895115 0.013612920418381691
v 0.005768950097262859 -0.00827690027654171 0.011337250471115112
v 0.006637420505285263 -0.007339300587773323 0.013270480558276176
v 0.0056408303789794445 -0.008116700686514378 0.013599281199276447
v 0.0056408303789794445 -0.008116700686514378 0.013599281199276447
v 0.004528890363872051 -0.008843600749969482 0.013503890484571457
v 0.005768950097262859 -0.00827690027654171 0.011337250471115112
v 0.004528890363872051 -0.008843600749969482 0.013503890484571457
v 0.0031908401288092136 -0.00974200014024973 0.010357760824263096
v 0.004634750075638294 -0.009015199728310108 0.011257210746407509
v 0.004634750075638294 -0.009015199728310108 0.011257210746407509
v 0.005768950097262859 -0.00827690027654171 0.011337250471115112
v 0.004528890363872051 -0.008843600749969482 0.013503890484571457
v 0.006637420505285263 -0.007339300587773323 0.013270480558276176
v 0.005768950097262859 -0.00827690027654171 0.011337250471115112
v 0.006782240234315395 -0.007509500253945589 0.011062750592827797
v 0.006782240234315395 -0.007509500253945589 0.011062750592827797
v 0.007592220325022936 -0.006428100634366274 0.012998170219361782
v 0.006637420505285263 -0.007339300587773323 0.013270480558276176
v 0.0077690002508461475 -0.00658860057592392 0.010836119763553143
v 0.00861378014087677 -0.005310200620442629 0.011685000732541084
v 0.007592220325022936 -0.006428100634366274 0.012998170219361782
v 0.007592220325022936 -0.006428100634366274 0.012998170219361782
v 0.006782240234315395 -0.007509500253945589 0.011062750592827797
v 0.0077690002508461475 -0.00658860057592392 0.010836119763553143
v 0.00861378014087677 -0.005310200620442629 0.011685000732541084
v 0.0077690002508461475 -0.00658860057592392 0.010836119763553143
v 0.00900644063949585 -0.005478000268340111 0.007876170799136162
v 0.0058652604930102825 -0.008540800772607327 0.009075210429728031
v 0.006782240234315395 -0.007509500253945589 0.011062750592827797
v 0.005768950097262859 -0.00827690027654171 0.011337250471115112
v 0.005768950097262859 -0.00827690027654171 0.011337250471115112
v 0.004634750075638294 -0.009015199728310108 0.011257210746407509
v 0.0058652604930102825 -0.008540800772607327 0.009075210429728031
v 0.004634750075638294 -0.009015199728310108 0.011257210746407509
v 0.0031908401288092136 -0.00974200014024973 0.010357760824263096
v 0.004649170208722353 -0.00929850060492754 0.009010440669953823
v 0.004649170208722353 -0.00929850060492754 0.009010440669953823
v 0.0058652604930102825 -0.008540800772607327 0.009075210429728031
v 0.004634750075638294 -0.009015199728310108 0.011257210746407509
v 0.006948480382561684 -0.007723200134932995 0.008855090476572514
v 0.0077690002508461475 -0.00658860057592392 0.010836119763553143
v 0.006782240234315395 -0.007509500253945589 0.011062750592827797
v 0.006782240234315395 -0.007509500253945589 0.011062750592827797
v 0.0058652604930102825 -0.008540800772607327 0.009075210429728031
v 0.006948480382561684 -0.007723200134932995 0.008855090476572514
v 0.0077690002508461475 -0.00658860057592392 0.010836119763553143
v 0.006948480382561684 -0.007723200134932995 0.008855090476572514
v 0.007978870533406734 -0.006731700152158737 0.008674071170389652
v 0.007978870533406734 -0.006731700152158737 0.008674071170389652
v 0.00900644063949585 -0.005478000268340111 0.007876170799136162
v 0.0077690002508461475 -0.00658860057592392 0.010836119763553143
v 0.0030608002562075853 -0.010198300704360008 0.006978850346058607
v 0.004649170208722353 -0.00929850060492754 0.009010440669953823
v 0.0031908401288092136 -0.00974200014024973 0.010357760824263096
v 0.00592833012342453 -0.008844900876283646 0.006813030689954758
v 0.006948480382561684 -0.007723200134932995 0.008855090476572514
v 0.0058652604930102825 -0.008540800772607327 0.009075210429728031
v 0.0058652604930102825 -0.008540800772607327 0.009075210429728031
v 0.004649170208722353 -0.00929850060492754 0.009010440669953823
v 0.00592833012342453 -0.008844900876283646 0.006813030689954758
v 0.004604560323059559 -0.009623500518500805 0.006763750221580267
v 0.00592833012342453 -0.008844900876283646 0.006813030689954758
v 0.004649170208722353 -0.00929850060492754 0.009010440669953823
v 0.004649170208722353 -0.00929850060492754 0.009010440669953823
v 0.0030608002562075853 -0.010198300704360008 0.006978850346058607
v 0.004604560323059559 -0.009623500518500805 0.006763750221580267
v 0.006948480382561684 -0.007723200134932995 0.008855090476572514
v 0.00592833012342453 -0.008844900876283646 0.006813030689954758
v 0.007104960270226002 -0.00794950034469366 0.00664743036031723
v 0.007104960270226002 -0.00794950034469366 0.00664743036031723
v 0.007978870533406734 -0.006731700152158737 0.008674071170389652
v 0.006948480382561684 -0.007723200134932995 0.008855090476572514
v 0.00818243995308876 -0.006862200330942869 0.006512090563774109
v 0.00900644063949585 -0.005478000268340111 0.007876170799136162
v 0.007978870533406734 -0.006731700152158737 0.008674071170389652
v 0.007978870533406734 -0.006731700152158737 0.008674071170389652
v 0.007104960270226002 -0.00794950034469366 0.00664743036031723
v 0.00818243995308876 -0.006862200330942869 0.006512090563774109
v 0.00900644063949585 -0.005478000268340111 0.007876170799136162
v 0.00818243995308876 -0.006862200330942869 0.006512090563774109
v 0.009326400235295296 -0.0056048003025352955 0.003953069914132357
v 0.0028701000846922398 -0.010606900788843632 0.0035216002725064754
v 0.004604560323059559 -0.009623500518500805 0.006763750221580267
v 0.0030608002562075853 -0.010198300704360008 0.006978850346058607
v 0.00592833012342453 -0.008844900876283646 0.006813030689954758
v 0.004604560323059559 -0.009623500518500805 0.006763750221580267
v 0.0059569706209003925 -0.009125800803303719 0.0045509301126003265
v 0.0059569706209003925 -0.009125800803303719 0.0045509301126003265
v 0.007104960270226002 -0.00794950034469366 0.00664743036031723
v 0.00592833012342453 -0.008844900876283646 0.006813030689954758
v 0.004604560323059559 -0.009623500518500805 0.006763750221580267
v 0.0028701000846922398 -0.010606900788843632 0.0035216002725064754
v 0.004533430095762014 -0.009920299984514713 0.004516990389674902
v 0.004533430095762014 -0.009920299984514713 0.004516990389674902
v 0.0059569706209003925 -0.009125800803303719 0.0045509301126003265
v 0.004604560323059559 -0.009623500518500805 0.006763750221580267
v 0.007104960270226002 -0.00794950034469366 0.00664743036031723
v 0.0059569706209003925 -0.009125800803303719 0.0045509301126003265
v 0.0072205704636871815 -0.008157400414347649 0.004439770244061947
v 0.0072205704636871815 -0.008157400414347649 0.004439770244061947
v 0.00818243995308876 -0.006862200330942869 0.006512090563774109
v 0.007104960270226002 -0.00794950034469366 0.00664743036031723
v 0.008340410888195038 -0.006984800100326538 0.004350040107965469
v 0.009326400235295296 -0.0056048003025352955 0.003953069914132357
v 0.00818243995308876 -0.006862200330942869 0.006512090563774109
v 0.00818243995308876 -0.006862200330942869 0.006512090563774109
v 0.0072205704636871815 -0.008157400414347649 0.004439770244061947
v 0.008340410888195038 -0.006984800100326538 0.004350040107965469
v 0.0059569706209003925 -0.009125800803303719 0.0045509301126003265
v 0.004533430095762014 -0.009920299984514713 0.004516990389674902
v 0.005949750076979399 -0.009320000186562538 0.0022889000829309225
v 0.005949750076979399 -0.009320000186562538 0.0022889000829309225
v 0.0072205704636871815 -0.008157400414347649 0.004439770244061947
v 0.0059569706209003925 -0.009125800803303719 0.0045509301126003265
v 0.004468150436878204 -0.010118800215423107 0.002270299941301346
v 0.005949750076979399 -0.009320000186562538 0.0022889000829309225
v 0.004533430095762014 -0.009920299984514713 0.004516990389674902
v 0.004533430095762014 -0.009920299984514713 0.004516990389674902
v 0.0028701000846922398 -0.010606900788843632 0.0035216002725064754
v 0.004468150436878204 -0.010118800215423107 0.002270299941301346
v 0.0072205704636871815 -0.008157400414347649 0.004439770244061947
v 0.005949750076979399 -0.009320000186562538 0.0022889000829309225
v 0.0072640604339540005 -0.00831579975783825 0.0022321201395243406
v 0.0072640604339540005 -0.00831579975783825 0.0022321201395243406
v 0.008340410888195038 -0.006984800100326538 0.004350040107965469
v 0.0072205704636871815 -0.008157400414347649 0.004439770244061947
v 0.008413450792431831 -0.0071040005423128605 0.002188060199841857
v 0.009326400235295296 -0.0056048003025352955 0.003953069914132357
v 0.008340410888195038 -0.006984800100326538 0.004350040107965469
v 0.008340410888195038 -0.006984800100326538 0.004350040107965469
v 0.0072640604339540005 -0.00831579975783825 0.0022321201395243406
v 0.008413450792431831 -0.0071040005423128605 0.002188060199841857
v 0.009326400235295296 -0.0056048003025352955 0.003953069914132357
v 0.008413450792431831 -0.0071040005423128605 0.002188060199841857
v 0.009506430476903915 -0.005576200317591429 2.975999996124301e-05
v 0.0037459901068359613 -0.010409200564026833 2.4599999960628338e-05
v 0.004468150436878204 -0.010118800215423107 0.002270299941301346
v 0.0028701000846922398 -0.010606900788843632 0.0035216002725064754
v 0.0072640604339540005 -0.00831579975783825 0.0022321201395243406
v 0.007062110118567944 -0.008512700907886028 2.4810000468278304e-05
v 0.008413450792431831 -0.0071040005423128605 0.002188060199841857
v 0.008413450792431831 -0.0071040005423128605 0.002188060199841857
v 0.007062110118567944 -0.008512700907886028 2.4810000468278304e-05
v 0.009506430476903915 -0.005576200317591429 2.975999996124301e-05
v 0.0012252901215106249 -0.010887700133025646 0.026750260964035988
v 0.0006386000313796103 -0.010878600180149078 0.02655729092657566
v 0.0013004600768908858 -0.01062680035829544 0.024500031024217606
v -0.0011383501114323735 -0.010608401149511337 0.02418891154229641
v -0.0002699500182643533 -0.010877599939703941 0.026467841118574142
v -0.001224620034918189 -0.010886500589549541 0.026704661548137665
v 0.0008039300446398556 -0.010449500754475594 0.022751500830054283
v 0.0013004600768908858 -0.01062680035829544 0.024500031024217606
v 0.0006386000313796103 -0.010878600180149078 0.02655729092657566
v -0.0002699500182643533 -0.010877599939703941 0.026467841118574142
v -0.0011383501114323735 -0.010608401149511337 0.02418891154229641
v -0.0004678000113926828 -0.010470899753272533 0.022734610363841057
v -0.0002699500182643533 -0.010877599939703941 0.026467841118574142
v -0.0004678000113926828 -0.010470899753272533 0.022734610363841057
v 0.0006386000313796103 -0.010878600180149078 0.02655729092657566
v 0.0006386000313796103 -0.010878600180149078 0.02655729092657566
v -0.0004678000113926828 -0.010470899753272533 0.022734610363841057
v 0.00017213000683113933 -0.010488200932741165 0.02268821932375431
v 0.00017213000683113933 -0.010488200932741165 0.02268821932375431
v 0.0008039300446398556 -0.010449500754475594 0.022751500830054283
v 0.0006386000313796103 -0.010878600180149078 0.02655729092657566
v 0.0013004600768908858 -0.01062680035829544 0.024500031024217606
v 0.0008039300446398556 -0.010449500754475594 0.022751500830054283
v 0.0016639900859445333 -0.0102315004914999 0.02207600139081478
v -0.0013342901365831494 -0.010177800431847572 0.02140864171087742
v -0.0004678000113926828 -0.010470899753272533 0.022734610363841057
v -0.0011383501114323735 -0.010608401149511337 0.02418891154229641
v 0.0008039300446398556 -0.010449500754475594 0.022751500830054283
v 0.00017213000683113933 -0.010488200932741165 0.02268821932375431
v 0.0013491000281646848 -0.009934700094163418 0.01896451972424984
v 0.0013491000281646848 -0.009934700094163418 0.01896451972424984
v 0.002212280174717307 -0.009797700680792332 0.019473709166049957
v 0.0008039300446398556 -0.010449500754475594 0.022751500830054283
v 0.0008039300446398556 -0.010449500754475594 0.022751500830054283
v 0.002212280174717307 -0.009797700680792332 0.019473709166049957
v 0.0016639900859445333 -0.0102315004914999 0.02207600139081478
v -0.0004678000113926828 -0.010470899753272533 0.022734610363841057
v -0.0013342901365831494 -0.010177800431847572 0.02140864171087742
v -0.000658230041153729 -0.009979999624192715 0.01895052008330822
v -0.000658230041153729 -0.009979999624192715 0.01895052008330822
v 0.00017213000683113933 -0.010488200932741165 0.02268821932375431
v -0.0004678000113926828 -0.010470899753272533 0.022734610363841057
v 0.00017213000683113933 -0.010488200932741165 0.02268821932375431
v -0.000658230041153729 -0.009979999624192715 0.01895052008330822
v 0.00034962003701366484 -0.010025800205767155 0.018911700695753098
v 0.00034962003701366484 -0.010025800205767155 0.018911700695753098
v 0.0013491000281646848 -0.009934700094163418 0.01896451972424984
v 0.00017213000683113933 -0.010488200932741165 0.02268821932375431
v -0.0017276600701734424 -0.009733100421726704 0.01833506114780903
v -0.000658230041153729 -0.009979999624192715 0.01895052008330822
v -0.0013342901365831494 -0.010177800431847572 0.02140864171087742
v 0.002212280174717307 -0.009797700680792332 0.019473709166049957
v 0.0013491000281646848 -0.009934700094163418 0.01896451972424984
v 0.002777680056169629 -0.00947130098938942 0.016661550849676132
v 0.0013491000281646848 -0.009934700094163418 0.01896451972424984
v 0.00034962003701366484 -0.010025800205767155 0.018911700695753098
v 0.00178511010017246 -0.009704001247882843 0.015177540481090546
v 0.00178511010017246 -0.009704001247882843 0.015177540481090546
v 0.002777680056169629 -0.00947130098938942 0.016661550849676132
v 0.0013491000281646848 -0.009934700094163418 0.01896451972424984
v -0.000658230041153729 -0.009979999624192715 0.01895052008330822
v -0.0017276600701734424 -0.009733100421726704 0.01833506114780903
v -0.0008999200072139502 -0.009761900641024113 0.015166371129453182
v -0.0008999200072139502 -0.009761900641024113 0.015166371129453182
v 0.00034962003701366484 -0.010025800205767155 0.018911700695753098
v -0.000658230041153729 -0.009979999624192715 0.01895052008330822
v 0.00034962003701366484 -0.010025800205767155 0.018911700695753098
v -0.0008999200072139502 -0.009761900641024113 0.015166371129453182
v 0.00044522000825963914 -0.009834600612521172 0.015135331079363823
v 0.00044522000825963914 -0.009834600612521172 0.015135331079363823
v 0.00178511010017246 -0.009704001247882843 0.015177540481090546
v 0.00034962003701366484 -0.010025800205767155 0.018911700695753098
v -0.0021385501604527235 -0.009523000568151474 0.014942430891096592
v -0.0008999200072139502 -0.009761900641024113 0.015166371129453182
v -0.0017276600701734424 -0.009733100421726704 0.01833506114780903
v 0.002777680056169629 -0.00947130098938942 0.016661550849676132
v 0.00178511010017246 -0.009704001247882843 0.015177540481090546
v 0.003125570248812437 -0.009448000229895115 0.013612920418381691
v 0.0018861601129174232 -0.009935600683093071 0.011390630155801773
v 0.003125570248812437 -0.009448000229895115 0.013612920418381691
v 0.00178511010017246 -0.009704001247882843 0.015177540481090546
v 0.00178511010017246 -0.009704001247882843 0.015177540481090546
v 0.00044522000825963914 -0.009834600612521172 0.015135331079363823
v 0.0018861601129174232 -0.009935600683093071 0.011390630155801773
v -0.0008999200072139502 -0.009761900641024113 0.015166371129453182
v -0.0021385501604527235 -0.009523000568151474 0.014942430891096592
v -0.0010756299598142505 -0.009985900484025478 0.011382290162146091
v -0.0010756299598142505 -0.009985900484025478 0.011382290162146091
v 0.00044522000825963914 -0.009834600612521172 0.015135331079363823
v -0.0008999200072139502 -0.009761900641024113 0.015166371129453182
v 0.00044522000825963914 -0.009834600612521172 0.015135331079363823
v -0.0010756299598142505 -0.009985900484025478 0.011382290162146091
v 0.00040633001481182873 -0.010074500925838947 0.011358960531651974
v 0.00040633001481182873 -0.010074500925838947 0.011358960531651974
v 0.0018861601129174232 -0.009935600683093071 0.011390630155801773
v 0.00044522000825963914 -0.009834600612521172 0.015135331079363823
v -0.0024055601097643375 -0.00973219983279705 0.011242000386118889
v -0.0010756299598142505 -0.009985900484025478 0.011382290162146091
v -0.0021385501604527235 -0.009523000568151474 0.014942430891096592
v 0.003125570248812437 -0.009448000229895115 0.013612920418381691
v 0.0018861601129174232 -0.009935600683093071 0.011390630155801773
v 0.0031908401288092136 -0.00974200014024973 0.010357760824263096
v 0.0018861601129174232 -0.009935600683093071 0.011390630155801773
v 0.00040633001481182873 -0.010074500925838947 0.011358960531651974
v 0.001756330137141049 -0.010408801026642323 0.007603650446981192
v 0.001756330137141049 -0.010408801026642323 0.007603650446981192
v 0.0031908401288092136 -0.00974200014024973 0.010357760824263096
v 0.0018861601129174232 -0.009935600683093071 0.011390630155801773
v -0.0012234901078045368 -0.01043620053678751 0.007598070427775383
v 0.00040633001481182873 -0.010074500925838947 0.011358960531651974
v -0.0010756299598142505 -0.009985900484025478 0.011382290162146091
v -0.0010756299598142505 -0.009985900484025478 0.011382290162146091
v -0.0024055601097643375 -0.00973219983279705 0.011242000386118889
v -0.0012234901078045368 -0.01043620053678751 0.007598070427775383
v -0.0012234901078045368 -0.01043620053678751 0.007598070427775383
v -0.0024055601097643375 -0.00973219983279705 0.011242000386118889
v -0.002575760008767247 -0.01018540095537901 0.0074150701984763145
v 0.00040633001481182873 -0.010074500925838947 0.011358960531651974
v -0.0012234901078045368 -0.01043620053678751 0.007598070427775383
v 0.0002664600033313036 -0.010534199886023998 0.007582580670714378
v 0.0002664600033313036 -0.010534199886023998 0.007582580670714378
v 0.001756330137141049 -0.010408801026642323 0.007603650446981192
v 0.00040633001481182873 -0.010074500925838947 0.011358960531651974
v 0.0031908401288092136 -0.00974200014024973 0.010357760824263096
v 0.001756330137141049 -0.010408801026642323 0.007603650446981192
v 0.0030608002562075853 -0.010198300704360008 0.006978850346058607
v 0.001756330137141049 -0.010408801026642323 0.007603650446981192
v 0.0002664600033313036 -0.010534199886023998 0.007582580670714378
v 0.001541019999422133 -0.010853300802409649 0.003816740121692419
v 0.001541019999422133 -0.010853300802409649 0.003816740121692419
v 0.0030608002562075853 -0.010198300704360008 0.006978850346058607
v 0.001756330137141049 -0.010408801026642323 0.007603650446981192
v -0.0014011800521984696 -0.010849300771951675 0.0038139803800731897
v 0.0002664600033313036 -0.010534199886023998 0.007582580670714378
v -0.0012234901078045368 -0.01043620053678751 0.007598070427775383
v -0.0012234901078045368 -0.01043620053678751 0.007598070427775383
v -0.002575760008767247 -0.01018540095537901 0.0074150701984763145
v -0.0014011800521984696 -0.010849300771951675 0.0038139803800731897
v 0.0002664600033313036 -0.010534199886023998 0.007582580670714378
v -0.0014011800521984696 -0.010849300771951675 0.0038139803800731897
v 6.932000542292371e-05 -0.010957700200378895 0.003806200111284852
v 6.932000542292371e-05 -0.010957700200378895 0.003806200111284852
v 0.001541019999422133 -0.010853300802409649 0.003816740121692419
v 0.0002664600033313036 -0.010534199886023998 0.007582580670714378
v -0.002758400049060583 -0.010585900396108627 0.0036232101265341043
v -0.0014011800521984696 -0.010849300771951675 0.0038139803800731897
v -0.002575760008767247 -0.01018540095537901 0.0074150701984763145
v 0.0030608002562075853 -0.010198300704360008 0.006978850346058607
v 0.001541019999422133 -0.010853300802409649 0.003816740121692419
v 0.0028701000846922398 -0.010606900788843632 0.0035216002725064754
v 0.001541019999422133 -0.010853300802409649 0.003816740121692419
v -1.0230000953015406e-05 -0.01109010074287653 2.975999996124301e-05
v 0.0037459901068359613 -0.010409200564026833 2.4599999960628338e-05
v 0.001541019999422133 -0.010853300802409649 0.003816740121692419
v 0.0037459901068359613 -0.010409200564026833 2.4599999960628338e-05
v 0.0028701000846922398 -0.010606900788843632 0.0035216002725064754
v 0.001541019999422133 -0.010853300802409649 0.003816740121692419
v 6.932000542292371e-05 -0.010957700200378895 0.003806200111284852
v -1.0230000953015406e-05 -0.01109010074287653 2.975999996124301e-05
v -0.003756060265004635 -0.01038410048931837 2.975999996124301e-05
v -1.0230000953015406e-05 -0.01109010074287653 2.975999996124301e-05
v -0.0014011800521984696 -0.010849300771951675 0.0038139803800731897
v -0.0014011800521984696 -0.010849300771951675 0.0038139803800731897
v -1.0230000953015406e-05 -0.01109010074287653 2.975999996124301e-05
v 6.932000542292371e-05 -0.010957700200378895 0.003806200111284852
v -0.0014011800521984696 -0.010849300771951675 0.0038139803800731897
v -0.002758400049060583 -0.010585900396108627 0.0036232101265341043
v -0.003756060265004635 -0.01038410048931837 2.975999996124301e-05
v -0.005427380558103323 -0.009925900027155876 0.02897489070892334
v -0.006928279995918274 -0.007934100925922394 0.026710592210292816
v -0.00511936005204916 -0.009788000956177711 0.027344441041350365
v -0.00511936005204916 -0.009788000956177711 0.027344441041350365
v -0.006928279995918274 -0.007934100925922394 0.026710592210292816
v -0.004799820017069578 -0.009575200267136097 0.024830050766468048
v -0.00511936005204916 -0.009788000956177711 0.027344441041350365
v -0.004799820017069578 -0.009575200267136097 0.024830050766468048
v -0.0031240202952176332 -0.010639960877597332 0.02698725089430809
v -0.0026961800176650286 -0.010426700115203857 0.024545790627598763
v -0.001224620034918189 -0.010886500589549541 0.026704661548137665
v -0.0031240202952176332 -0.010639960877597332 0.02698725089430809
v -0.0026961800176650286 -0.010426700115203857 0.024545790627598763
v -0.0031240202952176332 -0.010639960877597332 0.02698725089430809
v -0.004799820017069578 -0.009575200267136097 0.024830050766468048
v -0.008184040896594524 -0.0038483000826090574 0.024933991953730583
v -0.007873330265283585 -0.005982300266623497 0.026223471388220787
v -0.008258630521595478 -0.0038925001863390207 0.02686290070414543
v -0.006623950321227312 -0.007817800156772137 0.024352962151169777
v -0.004799820017069578 -0.009575200267136097 0.024830050766468048
v -0.006928279995918274 -0.007934100925922394 0.026710592210292816
v -0.001224620034918189 -0.010886500589549541 0.026704661548137665
v -0.0026961800176650286 -0.010426700115203857 0.024545790627598763
v -0.0011383501114323735 -0.010608401149511337 0.02418891154229641
v -0.007696410641074181 -0.005717100575566292 0.023897092789411545
v -0.006623950321227312 -0.007817800156772137 0.024352962151169777
v -0.007873330265283585 -0.005982300266623497 0.026223471388220787
v -0.007873330265283585 -0.005982300266623497 0.026223471388220787
v -0.006623950321227312 -0.007817800156772137 0.024352962151169777
v -0.006928279995918274 -0.007934100925922394 0.026710592210292816
v -0.007873330265283585 -0.005982300266623497 0.026223471388220787
v -0.008184040896594524 -0.0038483000826090574 0.024933991953730583
v -0.007696410641074181 -0.005717100575566292 0.023897092789411545
v -0.00802359078079462 -0.004034700337797403 0.02284328266978264
v -0.007696410641074181 -0.005717100575566292 0.023897092789411545
v -0.008184040896594524 -0.0038483000826090574 0.024933991953730583
v -0.004648920148611069 -0.009190300479531288 0.02235008217394352
v -0.0026961800176650286 -0.010426700115203857 0.024545790627598763
v -0.004799820017069578 -0.009575200267136097 0.024830050766468048
v -0.004799820017069578 -0.009575200267136097 0.024830050766468048
v -0.006623950321227312 -0.007817800156772137 0.024352962151169777
v -0.004648920148611069 -0.009190300479531288 0.02235008217394352
v -0.0026961800176650286 -0.010426700115203857 0.024545790627598763
v -0.004648920148611069 -0.009190300479531288 0.02235008217394352
v -0.0027682301588356495 -0.009984400123357773 0.022094180807471275
v -0.0027682301588356495 -0.009984400123357773 0.022094180807471275
v -0.0013342901365831494 -0.010177800431847572 0.02140864171087742
v -0.0026961800176650286 -0.010426700115203857 0.024545790627598763
v -0.0026961800176650286 -0.010426700115203857 0.024545790627598763
v -0.0013342901365831494 -0.010177800431847572 0.02140864171087742
v -0.0011383501114323735 -0.010608401149511337 0.02418891154229641
v -0.006623950321227312 -0.007817800156772137 0.024352962151169777
v -0.007696410641074181 -0.005717100575566292 0.023897092789411545
v -0.00630171038210392 -0.007650800049304962 0.021920589730143547
v -0.00630171038210392 -0.007650800049304962 0.021920589730143547
v -0.004648920148611069 -0.009190300479531288 0.02235008217394352
v -0.006623950321227312 -0.007817800156772137 0.024352962151169777
v -0.007696410641074181 -0.005717100575566292 0.023897092789411545
v -0.00802359078079462 -0.004034700337797403 0.02284328266978264
v -0.0073437802493572235 -0.005864900536835194 0.02151039056479931
v -0.0073437802493572235 -0.005864900536835194 0.02151039056479931
v -0.00630171038210392 -0.007650800049304962 0.021920589730143547
v -0.007696410641074181 -0.005717100575566292 0.023897092789411545
v -0.007821070961654186 -0.0044087003916502 0.02058139070868492
v -0.0073437802493572235 -0.005864900536835194 0.02151039056479931
v -0.00802359078079462 -0.004034700337797403 0.02284328266978264
v -0.004586130380630493 -0.008784500882029533 0.01986997202038765
v -0.0027682301588356495 -0.009984400123357773 0.022094180807471275
v -0.004648920148611069 -0.009190300479531288 0.02235008217394352
v -0.004648920148611069 -0.009190300479531288 0.02235008217394352
v -0.00630171038210392 -0.007650800049304962 0.021920589730143547
v -0.004586130380630493 -0.008784500882029533 0.01986997202038765
v -0.0029955701902508736 -0.009516401216387749 0.019642570987343788
v -0.0017276600701734424 -0.009733100421726704 0.01833506114780903
v -0.0027682301588356495 -0.009984400123357773 0.022094180807471275
v -0.0027682301588356495 -0.009984400123357773 0.022094180807471275
v -0.0017276600701734424 -0.009733100421726704 0.01833506114780903
v -0.0013342901365831494 -0.010177800431847572 0.02140864171087742
v -0.0027682301588356495 -0.009984400123357773 0.022094180807471275
v -0.004586130380630493 -0.008784500882029533 0.01986997202038765
v -0.0029955701902508736 -0.009516401216387749 0.019642570987343788
v -0.00630171038210392 -0.007650800049304962 0.021920589730143547
v -0.0073437802493572235 -0.005864900536835194 0.02151039056479931
v -0.005997300613671541 -0.007539800368249416 0.019488351419568062
v -0.005997300613671541 -0.007539800368249416 0.019488351419568062
v -0.004586130380630493 -0.008784500882029533 0.01986997202038765
v -0.00630171038210392 -0.007650800049304962 0.021920589730143547
v -0.0070000602863729 -0.00612260028719902 0.019123690202832222
v -0.005997300613671541 -0.007539800368249416 0.019488351419568062
v -0.0073437802493572235 -0.005864900536835194 0.02151039056479931
v -0.0073437802493572235 -0.005864900536835194 0.02151039056479931
v -0.007821070961654186 -0.0044087003916502 0.02058139070868492
v -0.0070000602863729 -0.00612260028719902 0.019123690202832222
v -0.007649890147149563 -0.004885100293904543 0.018136709928512573
v -0.0070000602863729 -0.00612260028719902 0.019123690202832222
v -0.007821070961654186 -0.0044087003916502 0.02058139070868492
v -0.004586130380630493 -0.008784500882029533 0.01986997202038765
v -0.005997300613671541 -0.007539800368249416 0.019488351419568062
v -0.004611090291291475 -0.008462300524115562 0.017389941960573196
v -0.004611090291291475 -0.008462300524115562 0.017389941960573196
v -0.0029955701902508736 -0.009516401216387749 0.019642570987343788
v -0.004586130380630493 -0.008784500882029533 0.01986997202038765
v -0.0032886702101677656 -0.009147199802100658 0.0171909611672163
v -0.0017276600701734424 -0.009733100421726704 0.01833506114780903
v -0.0029955701902508736 -0.009516401216387749 0.019642570987343788
v -0.0029955701902508736 -0.009516401216387749 0.019642570987343788
v -0.004611090291291475 -0.008462300524115562 0.017389941960573196
v -0.0032886702101677656 -0.009147199802100658 0.0171909611672163
v -0.005997300613671541 -0.007539800368249416 0.019488351419568062
v -0.0070000602863729 -0.00612260028719902 0.019123690202832222
v -0.005795640405267477 -0.007500600069761276 0.017056040465831757
v -0.005795640405267477 -0.007500600069761276 0.017056040465831757
v -0.004611090291291475 -0.008462300524115562 0.017389941960573196
v -0.005997300613671541 -0.007539800368249416 0.019488351419568062
v -0.0067735705524683 -0.006406000349670649 0.01673700101673603
v -0.005795640405267477 -0.007500600069761276 0.017056040465831757
v -0.0070000602863729 -0.00612260028719902 0.019123690202832222
v -0.0070000602863729 -0.00612260028719902 0.019123690202832222
v -0.007649890147149563 -0.004885100293904543 0.018136709928512573
v -0.0067735705524683 -0.006406000349670649 0.01673700101673603
v -0.0067735705524683 -0.006406000349670649 0.01673700101673603
v -0.007649890147149563 -0.004885100293904543 0.018136709928512573
v -0.007622880395501852 -0.005321200005710125 0.015496380627155304
v -0.0017276600701734424 -0.009733100421726704 0.01833506114780903
v -0.0032886702101677656 -0.009147199802100658 0.0171909611672163
v -0.0021385501604527235 -0.009523000568151474 0.014942430891096592
v -0.004723380319774151 -0.008325300179421902 0.014909970574080944
v -0.0032886702101677656 -0.009147199802100658 0.0171909611672163
v -0.004611090291291475 -0.008462300524115562 0.017389941960573196
v -0.004611090291291475 -0.008462300524115562 0.017389941960573196
v -0.005795640405267477 -0.007500600069761276 0.017056040465831757
v -0.004723380319774151 -0.008325300179421902 0.014909970574080944
v -0.0032886702101677656 -0.009147199802100658 0.0171909611672163
v -0.004723380319774151 -0.008325300179421902 0.014909970574080944
v -0.003560260171070695 -0.008995900861918926 0.014739351347088814
v -0.003560260171070695 -0.008995900861918926 0.014739351347088814
v -0.0021385501604527235 -0.009523000568151474 0.014942430891096592
v -0.0032886702101677656 -0.009147199802100658 0.0171909611672163
v -0.005795640405267477 -0.007500600069761276 0.017056040465831757
v -0.0067735705524683 -0.006406000349670649 0.01673700101673603
v -0.00577711034566164 -0.00754710054025054 0.014623740687966347
v -0.00577711034566164 -0.00754710054025054 0.014623740687966347
v -0.004723380319774151 -0.008325300179421902 0.014909970574080944
v -0.005795640405267477 -0.007500600069761276 0.017056040465831757
v -0.0067735705524683 -0.006406000349670649 0.01673700101673603
v -0.007622880395501852 -0.005321200005710125 0.015496380627155304
v -0.006761900149285793 -0.006636700592935085 0.014350300654768944
v -0.006761900149285793 -0.006636700592935085 0.014350300654768944
v -0.00577711034566164 -0.00754710054025054 0.014623740687966347
v -0.0067735705524683 -0.006406000349670649 0.01673700101673603
v -0.0021385501604527235 -0.009523000568151474 0.014942430891096592
v -0.003560260171070695 -0.008995900861918926 0.014739351347088814
v -0.0024055601097643375 -0.00973219983279705 0.011242000386118889
v -0.00491141015663743 -0.00839420035481453 0.012429940514266491
v -0.003560260171070695 -0.008995900861918926 0.014739351347088814
v -0.004723380319774151 -0.008325300179421902 0.014909970574080944
v -0.004723380319774151 -0.008325300179421902 0.014909970574080944
v -0.00577711034566164 -0.00754710054025054 0.014623740687966347
v -0.00491141015663743 -0.00839420035481453 0.012429940514266491
v -0.0037774902302771807 -0.009077800437808037 0.012287810444831848
v -0.0024055601097643375 -0.00973219983279705 0.011242000386118889
v -0.003560260171070695 -0.008995900861918926 0.014739351347088814
v -0.003560260171070695 -0.008995900861918926 0.014739351347088814
v -0.00491141015663743 -0.00839420035481453 0.012429940514266491
v -0.0037774902302771807 -0.009077800437808037 0.012287810444831848
v -0.00577711034566164 -0.00754710054025054 0.014623740687966347
v -0.006761900149285793 -0.006636700592935085 0.014350300654768944
v -0.0059442706406116486 -0.007667700294405222 0.012191430665552616
v -0.0059442706406116486 -0.007667700294405222 0.012191430665552616
v -0.00491141015663743 -0.00839420035481453 0.012429940514266491
v -0.00577711034566164 -0.00754710054025054 0.014623740687966347
v -0.006956850178539753 -0.006795100402086973 0.011963600292801857
v -0.0059442706406116486 -0.007667700294405222 0.012191430665552616
v -0.006761900149285793 -0.006636700592935085 0.014350300654768944
v -0.006761900149285793 -0.006636700592935085 0.014350300654768944
v -0.007622880395501852 -0.005321200005710125 0.015496380627155304
v -0.006956850178539753 -0.006795100402086973 0.011963600292801857
v -0.006956850178539753 -0.006795100402086973 0.011963600292801857
v -0.007622880395501852 -0.005321200005710125 0.015496380627155304
v -0.008046290837228298 -0.005619000177830458 0.011159130372107029
v -0.00491141015663743 -0.00839420035481453 0.012429940514266491
v -0.0059442706406116486 -0.007667700294405222 0.012191430665552616
v -0.00515147065743804 -0.008597400039434433 0.009949900209903717
v -0.00515147065743804 -0.008597400039434433 0.009949900209903717
v -0.0037774902302771807 -0.009077800437808037 0.012287810444831848
v -0.00491141015663743 -0.00839420035481453 0.012429940514266491
v -0.0037774902302771807 -0.009077800437808037 0.012287810444831848
v -0.00515147065743804 -0.008597400039434433 0.009949900209903717
v -0.003957870416343212 -0.009310799650847912 0.009836200624704361
v -0.003957870416343212 -0.009310799650847912 0.009836200624704361
v -0.0024055601097643375 -0.00973219983279705 0.011242000386118889
v -0.0037774902302771807 -0.009077800437808037 0.012287810444831848
v -0.006237010471522808 -0.007829500362277031 0.009759120643138885
v -0.00515147065743804 -0.008597400039434433 0.009949900209903717
v -0.0059442706406116486 -0.007667700294405222 0.012191430665552616
v -0.0059442706406116486 -0.007667700294405222 0.012191430665552616
v -0.006956850178539753 -0.006795100402086973 0.011963600292801857
v -0.006237010471522808 -0.007829500362277031 0.009759120643138885
v -0.006956850178539753 -0.006795100402086973 0.011963600292801857
v -0.008046290837228298 -0.005619000177830458 0.011159130372107029
v -0.007287990301847458 -0.00689590023830533 0.009576910175383091
v -0.007287990301847458 -0.00689590023830533 0.009576910175383091
v -0.006237010471522808 -0.007829500362277031 0.009759120643138885
v -0.006956850178539753 -0.006795100402086973 0.011963600292801857
v -0.0024055601097643375 -0.00973219983279705 0.011242000386118889
v -0.003957870416343212 -0.009310799650847912 0.009836200624704361
v -0.002575760008767247 -0.01018540095537901 0.0074150701984763145
v -0.00541925011202693 -0.008858200162649155 0.007469870615750551
v -0.003957870416343212 -0.009310799650847912 0.009836200624704361
v -0.00515147065743804 -0.008597400039434433 0.009949900209903717
v -0.00515147065743804 -0.008597400039434433 0.009949900209903717
v -0.006237010471522808 -0.007829500362277031 0.009759120643138885
v -0.00541925011202693 -0.008858200162649155 0.007469870615750551
v -0.003957870416343212 -0.009310799650847912 0.009836200624704361
v -0.00541925011202693 -0.008858200162649155 0.007469870615750551
v -0.004120860248804092 -0.009609299711883068 0.0073845903389155865
v -0.004120860248804092 -0.009609299711883068 0.0073845903389155865
v -0.002575760008767247 -0.01018540095537901 0.0074150701984763145
v -0.003957870416343212 -0.009310799650847912 0.009836200624704361
v -0.006593110505491495 -0.007999000139534473 0.007326820399612188
v -0.00541925011202693 -0.008858200162649155 0.007469870615750551
v -0.006237010471522808 -0.007829500362277031 0.009759120643138885
v -0.006237010471522808 -0.007829500362277031 0.009759120643138885
v -0.007287990301847458 -0.00689590023830533 0.009576910175383091
v -0.006593110505491495 -0.007999000139534473 0.007326820399612188
v -0.008769161067903042 -0.005631300155073404 0.006529200356453657
v -0.007287990301847458 -0.00689590023830533 0.009576910175383091
v -0.008046290837228298 -0.005619000177830458 0.011159130372107029
v -0.007287990301847458 -0.00689590023830533 0.009576910175383091
v -0.008769161067903042 -0.005631300155073404 0.006529200356453657
v -0.0076840403489768505 -0.006954100448638201 0.0071902102790772915
v -0.0076840403489768505 -0.006954100448638201 0.0071902102790772915
v -0.006593110505491495 -0.007999000139534473 0.007326820399612188
v -0.007287990301847458 -0.00689590023830533 0.009576910175383091
v -0.00541925011202693 -0.008858200162649155 0.007469870615750551
v -0.006593110505491495 -0.007999000139534473 0.007326820399612188
v -0.005690280348062515 -0.009100199677050114 0.004989830311387777
v -0.005690280348062515 -0.009100199677050114 0.004989830311387777
v -0.004120860248804092 -0.009609299711883068 0.0073845903389155865
v -0.00541925011202693 -0.008858200162649155 0.007469870615750551
v -0.002575760008767247 -0.01018540095537901 0.0074150701984763145
v -0.004120860248804092 -0.009609299711883068 0.0073845903389155865
v -0.002758400049060583 -0.010585900396108627 0.0036232101265341043
v -0.004120860248804092 -0.009609299711883068 0.0073845903389155865
v -0.005690280348062515 -0.009100199677050114 0.004989830311387777
v -0.004285680130124092 -0.00988760031759739 0.004932980518788099
v -0.004285680130124092 -0.00988760031759739 0.004932980518788099
v -0.002758400049060583 -0.010585900396108627 0.0036232101265341043
v -0.004120860248804092 -0.009609299711883068 0.0073845903389155865
v -0.00695048039779067 -0.008143000304698944 0.00489450991153717
v -0.005690280348062515 -0.009100199677050114 0.004989830311387777
v -0.006593110505491495 -0.007999000139534473 0.007326820399612188
v -0.006593110505491495 -0.007999000139534473 0.007326820399612188
v -0.0076840403489768505 -0.006954100448638201 0.0071902102790772915
v -0.00695048039779067 -0.008143000304698944 0.00489450991153717
v -0.00807380024343729 -0.006984700448811054 0.004803580231964588
v -0.00695048039779067 -0.008143000304698944 0.00489450991153717
v -0.0076840403489768505 -0.006954100448638201 0.0071902102790772915
v -0.0076840403489768505 -0.006954100448638201 0.0071902102790772915
v -0.008769161067903042 -0.005631300155073404 0.006529200356453657
v -0.00807380024343729 -0.006984700448811054 0.004803580231964588
v -0.005690280348062515 -0.009100199677050114 0.004989830311387777
v -0.00695048039779067 -0.008143000304698944 0.00489450991153717
v -0.005940100643783808 -0.009246700443327427 0.0025098000187426805
v -0.005940100643783808 -0.009246700443327427 0.0025098000187426805
v -0.004285680130124092 -0.00988760031759739 0.004932980518788099
v -0.005690280348062515 -0.009100199677050114 0.004989830311387777
v -0.004471940454095602 -0.010060001164674759 0.002481440082192421
v -0.002758400049060583 -0.010585900396108627 0.0036232101265341043
v -0.004285680130124092 -0.00988760031759739 0.004932980518788099
v -0.004285680130124092 -0.00988760031759739 0.004932980518788099
v -0.005940100643783808 -0.009246700443327427 0.0025098000187426805
v -0.004471940454095602 -0.010060001164674759 0.002481440082192421
v -0.009247380308806896 -0.005575500428676605 0.0033095302060246468
v -0.00807380024343729 -0.006984700448811054 0.004803580231964588
v -0.008769161067903042 -0.005631300155073404 0.006529200356453657
v -0.007246830500662327 -0.008227800950407982 0.0024622802156955004
v -0.005940100643783808 -0.009246700443327427 0.0025098000187426805
v -0.00695048039779067 -0.008143000304698944 0.00489450991153717
v -0.00695048039779067 -0.008143000304698944 0.00489450991153717
v -0.00807380024343729 -0.006984700448811054 0.004803580231964588
v -0.007246830500662327 -0.008227800950407982 0.0024622802156955004
v -0.008386200293898582 -0.00700290035456419 0.002416820265352726
v -0.007246830500662327 -0.008227800950407982 0.0024622802156955004
v -0.00807380024343729 -0.006984700448811054 0.004803580231964588
v -0.00807380024343729 -0.006984700448811054 0.004803580231964588
v -0.009247380308806896 -0.005575500428676605 0.0033095302060246468
v -0.008386200293898582 -0.00700290035456419 0.002416820265352726
v -0.002758400049060583 -0.010585900396108627 0.0036232101265341043
v -0.004471940454095602 -0.010060001164674759 0.002481440082192421
v -0.003756060265004635 -0.01038410048931837 2.975999996124301e-05
v -0.009532060474157333 -0.0055978004820644855 2.9830000130459666e-05
v -0.008386200293898582 -0.00700290035456419 0.002416820265352726
v -0.009247380308806896 -0.005575500428676605 0.0033095302060246468
v -0.005940100643783808 -0.009246700443327427 0.0025098000187426805
v -0.007246830500662327 -0.008227800950407982 0.0024622802156955004
v -0.007062280550599098 -0.008490300737321377 2.9830000130459666e-05
v -0.007062280550599098 -0.008490300737321377 2.9830000130459666e-05
v -0.003756060265004635 -0.01038410048931837 2.975999996124301e-05
v -0.005940100643783808 -0.009246700443327427 0.0025098000187426805
v -0.005940100643783808 -0.009246700443327427 0.0025098000187426805
v -0.003756060265004635 -0.01038410048931837 2.975999996124301e-05
v -0.004471940454095602 -0.010060001164674759 0.002481440082192421
v -0.007246830500662327 -0.008227800950407982 0.0024622802156955004
v -0.008386200293898582 -0.00700290035456419 0.002416820265352726
v -0.007062280550599098 -0.008490300737321377 2.9830000130459666e-05
v -0.007062280550599098 -0.008490300737321377 2.9830000130459666e-05
v -0.008386200293898582 -0.00700290035456419 0.002416820265352726
v -0.009532060474157333 -0.0055978004820644855 2.9830000130459666e-05
v -0.008258630521595478 -0.0038925001863390207 0.02686290070414543
v -0.008282179944217205 -0.0022390002850443125 0.0265022125095129
v -0.008184040896594524 -0.0038483000826090574 0.024933991953730583
v -0.008315770886838436 -0.0025019000750035048 0.02209022082388401
v -0.008282179944217205 -0.0022390002850443125 0.0265022125095129
v -0.008305380120873451 -0.0007906200480647385 0.026287391781806946
v -0.008315770886838436 -0.0025019000750035048 0.02209022082388401
v -0.00802359078079462 -0.004034700337797403 0.02284328266978264
v -0.008282179944217205 -0.0022390002850443125 0.0265022125095129
v -0.008282179944217205 -0.0022390002850443125 0.0265022125095129
v -0.00802359078079462 -0.004034700337797403 0.02284328266978264
v -0.008184040896594524 -0.0038483000826090574 0.024933991953730583
v -0.008533130399882793 -0.0009657000191509724 0.02191118150949478
v -0.008315770886838436 -0.0025019000750035048 0.02209022082388401
v -0.008305380120873451 -0.0007906200480647385 0.026287391781806946
v -0.00802359078079462 -0.004034700337797403 0.02284328266978264
v -0.008315770886838436 -0.0025019000750035048 0.02209022082388401
v -0.007821070961654186 -0.0044087003916502 0.02058139070868492
v -0.008362090215086937 -0.0032154000364243984 0.017678089439868927
v -0.007649890147149563 -0.004885100293904543 0.018136709928512573
v -0.008315770886838436 -0.0025019000750035048 0.02209022082388401
v -0.008315770886838436 -0.0025019000750035048 0.02209022082388401
v -0.007649890147149563 -0.004885100293904543 0.018136709928512573
v -0.007821070961654186 -0.0044087003916502 0.02058139070868492
v -0.008315770886838436 -0.0025019000750035048 0.02209022082388401
v -0.008533130399882793 -0.0009657000191509724 0.02191118150949478
v -0.008362090215086937 -0.0032154000364243984 0.017678089439868927
v -0.008796180598437786 -0.0012910800287500024 0.01753488928079605
v -0.008362090215086937 -0.0032154000364243984 0.017678089439868927
v -0.008533130399882793 -0.0009657000191509724 0.02191118150949478
v -0.007649890147149563 -0.004885100293904543 0.018136709928512573
v -0.008362090215086937 -0.0032154000364243984 0.017678089439868927
v -0.007622880395501852 -0.005321200005710125 0.015496380627155304
v -0.008362090215086937 -0.0032154000364243984 0.017678089439868927
v -0.008796180598437786 -0.0012910800287500024 0.01753488928079605
v -0.008712460286915302 -0.003662800183519721 0.013266091234982014
v -0.008712460286915302 -0.003662800183519721 0.013266091234982014
v -0.007622880395501852 -0.005321200005710125 0.015496380627155304
v -0.008362090215086937 -0.0032154000364243984 0.017678089439868927
v -0.009264711290597916 -0.001457340084016323 0.01315861102193594
v -0.008712460286915302 -0.003662800183519721 0.013266091234982014
v -0.008796180598437786 -0.0012910800287500024 0.01753488928079605
v -0.007622880395501852 -0.005321200005710125 0.015496380627155304
v -0.008712460286915302 -0.003662800183519721 0.013266091234982014
v -0.008046290837228298 -0.005619000177830458 0.011159130372107029
v -0.009345239959657192 -0.0037027003709226847 0.008853960782289505
v -0.008046290837228298 -0.005619000177830458 0.011159130372107029
v -0.008712460286915302 -0.003662800183519721 0.013266091234982014
v -0.008712460286915302 -0.003662800183519721 0.013266091234982014
v -0.009264711290597916 -0.001457340084016323 0.01315861102193594
v -0.009345239959657192 -0.0037027003709226847 0.008853960782289505
v -0.009899340569972992 -0.0014176900731399655 0.008782400749623775
v -0.009345239959657192 -0.0037027003709226847 0.008853960782289505
v -0.009264711290597916 -0.001457340084016323 0.01315861102193594
v -0.008046290837228298 -0.005619000177830458 0.011159130372107029
v -0.009345239959657192 -0.0037027003709226847 0.008853960782289505
v -0.008769161067903042 -0.005631300155073404 0.006529200356453657
v -0.01001191046088934 -0.0035751000978052616 0.00444190064445138
v -0.008769161067903042 -0.005631300155073404 0.006529200356453657
v -0.009345239959657192 -0.0037027003709226847 0.008853960782289505
v -0.009345239959657192 -0.0037027003709226847 0.008853960782289505
v -0.009899340569972992 -0.0014176900731399655 0.008782400749623775
v -0.01001191046088934 -0.0035751000978052616 0.00444190064445138
v -0.010522790253162384 -0.0012865799944847822 0.004406040534377098
v -0.01001191046088934 -0.0035751000978052616 0.00444190064445138
v -0.009899340569972992 -0.0014176900731399655 0.008782400749623775
v -0.008769161067903042 -0.005631300155073404 0.006529200356453657
v -0.01001191046088934 -0.0035751000978052616 0.00444190064445138
v -0.009247380308806896 -0.005575500428676605 0.0033095302060246468
v -0.010437720455229282 -0.0035147001035511494 2.9830000130459666e-05
v -0.009532060474157333 -0.0055978004820644855 2.9830000130459666e-05
v -0.01001191046088934 -0.0035751000978052616 0.00444190064445138
v -0.01001191046088934 -0.0035751000978052616 0.00444190064445138
v -0.009532060474157333 -0.0055978004820644855 2.9830000130459666e-05
v -0.009247380308806896 -0.005575500428676605 0.0033095302060246468
v -0.01001191046088934 -0.0035751000978052616 0.00444190064445138
v -0.010522790253162384 -0.0012865799944847822 0.004406040534377098
v -0.010437720455229282 -0.0035147001035511494 2.9830000130459666e-05
v -0.010522790253162384 -0.0012865799944847822 0.004406040534377098
v -0.010822110809385777 -0.0019846102222800255 2.984000093420036e-05
v -0.010437720455229282 -0.0035147001035511494 2.9830000130459666e-05
v -0.008625339716672897 -0.005228099878877401 0.029425740242004395
v -0.008977340534329414 -0.005847500171512365 0.031260401010513306
v -0.008653771132230759 -0.0039425999857485294 0.029521910473704338
v -0.008671590127050877 3.160000233037863e-06 0.02958427183330059
v -0.008653771132230759 -0.0039425999857485294 0.029521910473704338
v -0.008977340534329414 -0.005847500171512365 0.031260401010513306
v -0.008653771132230759 -0.0039425999857485294 0.029521910473704338
v -0.008282179944217205 -0.0022390002850443125 0.0265022125095129
v -0.008258630521595478 -0.0038925001863390207 0.02686290070414543
v -0.008671590127050877 3.160000233037863e-06 0.02958427183330059
v -0.008282179944217205 -0.0022390002850443125 0.0265022125095129
v -0.008653771132230759 -0.0039425999857485294 0.029521910473704338
v -0.008671590127050877 3.160000233037863e-06 0.02958427183330059
v -0.008305380120873451 -0.0007906200480647385 0.026287391781806946
v -0.008282179944217205 -0.0022390002850443125 0.0265022125095129
v -0.008305380120873451 -0.0007906200480647385 0.026287391781806946
v -0.008671590127050877 3.160000233037863e-06 0.02958427183330059
v -0.008305380120873451 0.0007005200022831559 0.026287401095032692
v -0.008305380120873451 0.0007005200022831559 0.026287401095032692
v -0.008671590127050877 3.160000233037863e-06 0.02958427183330059
v -0.008288539946079254 0.0016986799892038107 0.026404062286019325
v -0.008288539946079254 0.0016986799892038107 0.026404062286019325
v -0.008671590127050877 3.160000233037863e-06 0.02958427183330059
v -0.008653771132230759 0.0038524901028722525 0.029521910473704338
v -0.008288539946079254 0.0016986799892038107 0.026404062286019325
v -0.008653771132230759 0.0038524901028722525 0.029521910473704338
v -0.008258630521595478 0.003802400315180421 0.026862910017371178
f 1 2 3
f 4 5 6
f 7 8 9
f 10 11 12
f 13 14 15
f 16 17 18
f 19 20 21
f 22 23 24
f 25 26 27
f 28 29 30
f 31 32 33
f 34 35 36
f 37 38 39
f 40 41 42
f 43 44 45
f 46 47 48
f 49 50 51
f 52 53 54
f 55 56 57
f 58 59 60
f 61 62 63
f 64 65 66
f 67 68 69
f 70 71 72
f 73 74 75
f 76 77 78
f 79 80 81
f 82 83 84
f 85 86 87
f 88 89 90
f 91 92 93
f 94 95 96
f 97 98 99
f 100 101 102
f 103 104 105
f 106 107 108
f 109 110 111
f 112 113 114
f 115 116 117
f 118 119 120
f 121 122 123
f 124 125 126
f 127 128 129
f 130 131 132
f 133 134 135
f 136 137 138
f 139 140 141
f 142 143 144
f 145 146 147
f 148 149 150
f 151 152 153
f 154 155 156
f 157 158 159
f 160 161 162
f 163 164 165
f 166 167 168
f 169 170 171
f 172 173 174
f 175 176 177
f 178 179 180
f 181 182 183
f 184 185 186
f 187 188 189
f 190 191 192
f 193 194 195
f 196 197 198
f 199 200 201
f 202 203 204
f 205 206 207
f 208 209 210
f 211 212 213
f 214 215 216
f 217 218 219
f 220 221 222
f 223 224 225
f 226 227 228
f 229 230 231
f 232 233 234
f 235 236 237
f 238 239 240
f 241 242 243
f 244 245 246
f 247 248 249
f 250 251 252
f 253 254 255
f 256 257 258
f 259 260 261
f 262 263 264
f 265 266 267
f 268 269 270
f 271 272 273
f 274 275 276
f 277 278 279
f 280 281 282
f 283 284 285
f 286 287 288
f 289 290 291
f 292 293 294
f 295 296 297
f 298 299 300
f 301 302 303
f 304 305 306
f 307 308 309
f 310 311 312
f 313 314 315
f 316 317 318
f 319 320 321
f 322 323 324
f 325 326 327
f 328 329 330
f 331 332 333
f 334 335 336
f 337 338 339
f 340 341 342
f 343 344 345
f 346 347 348
f 349 350 351
f 352 353 354
f 355 356 357
f 358 359 360
f 361 362 363
f 364 365 366
f 367 368 369
f 370 371 372
f 373 374 375
f 376 377 378
f 379 380 381
f 382 383 384
f 385 386 387
f 388 389 390
f 391 392 393
f 394 395 396
f 397 398 399
f 400 401 402
f 403 404 405
f 406 407 408
f 409 410 411
f 412 413 414
f 415 416 417
f 418 419 420
f 421 422 423
f 424 425 426
f 427 428 429
f 430 431 432
f 433 434 435
f 436 437 438
f 439 440 441
f 442 443 444
f 445 446 447
f 448 449 450
f 451 452 453
f 454 455 456
f 457 458 459
f 460 461 462
f 463 464 465
f 466 467 468
f 469 470 471
f 472 473 474
f 475 476 477
f 478 479 480
f 481 482 483
f 484 485 486
f 487 488 489
f 490 491 492
f 493 494 495
f 496 497 498
f 499 500 501
f 502 503 504
f 505 506 507
f 508 509 510
f 511 512 513
f 514 515 516
f 517 518 519
f 520 521 522
f 523 524 525
f 526 527 528
f 529 530 531
f 532 533 534
f 535 536 537
f 538 539 540
f 541 542 543
f 544 545 546
f 547 548 549
f 550 551 552
f 553 554 555
f 556 557 558
f 559 560 561
f 562 563 564
f 565 566 567
f 568 569 570
f 571 572 573
f 574 575 576
f 577 578 579
f 580 581 582
f 583 584 585
f 586 587 588
f 589 590 591
f 592 593 594
f 595 596 597
f 598 599 600
f 601 602 603
f 604 605 606
f 607 608 609
f 610 611 612
f 613 614 615
f 616 617 618
f 619 620 621
f 622 623 624
f 625 626 627
f 628 629 630
f 631 632 633
f 634 635 636
f 637 638 639
f 640 641 642
f 643 644 645
f 646 647 648
f 649 650 651
f 652 653 654
f 655 656 657
f 658 659 660
f 661 662 663
f 664 665 666
f 667 668 669
f 670 671 672
f 673 674 675
f 676 677 678
f 679 680 681
f 682 683 684
f 685 686 687
f 688 689 690
f 691 692 693
f 694 695 696
f 697 698 699
f 700 701 702
f 703 704 705
f 706 707 708
f 709 710 711
f 712 713 714
f 715 716 717
f 718 719 720
f 721 722 723
f 724 725 726
f 727 728 729
f 730 731 732
f 733 734 735
f 736 737 738
f 739 740 741
f 742 743 744
f 745 746 747
f 748 749 750
f 751 752 753
f 754 755 756
f 757 758 759
f 760 761 762
f 763 764 765
f 766 767 768
f 769 770 771
f 772 773 774
f 775 776 777
f 778 779 780
f 781 782 783
f 784 785 786
f 787 788 789
f 790 791 792
f 793 794 795
f 796 797 798
f 799 800 801
f 802 803 804
f 805 806 807
f 808 809 810
f 811 812 813
f 814 815 816
f 817 818 819
f 820 821 822
f 823 824 825
f 826 827 828
f 829 830 831
f 832 833 834
f 835 836 837
f 838 839 840
f 841 842 843
f 844 845 846
f 847 848 849
f 850 851 852
f 853 854 855
f 856 857 858
f 859 860 861
f 862 863 864
f 865 866 867
f 868 869 870
f 871 872 873
f 874 875 876
f 877 878 879
f 880 881 882
f 883 884 885
f 886 887 888
f 889 890 891
f 892 893 894
f 895 896 897
f 898 899 900
f 901 902 903
f 904 905 906
f 907 908 909
f 910 911 912
f 913 914 915
f 916 917 918
f 919 920 921
f 922 923 924
f 925 926 927
f 928 929 930
f 931 932 933
f 934 935 936
f 937 938 939
f 940 941 942
f 943 944 945
f 946 947 948
f 949 950 951
f 952 953 954
f 955 956 957
f 958 959 960
f 961 962 963
f 964 965 966
f 967 968 969
f 970 971 972
f 973 974 975
f 976 977 978
f 979 980 981
f 982 983 984
f 985 986 987
f 988 989 990
f 991 992 993
f 994 995 996
f 997 998 999
f 1000 1001 1002
f 1003 1004 1005
f 1006 1007 1008
f 1009 1010 1011
f 1012 1013 1014
f 1015 1016 1017
f 1018 1019 1020
f 1021 1022 1023
f 1024 1025 1026
f 1027 1028 1029
f 1030 1031 1032
f 1033 1034 1035
f 1036 1037 1038
f 1039 1040 1041
f 1042 1043 1044
f 1045 1046 1047
f 1048 1049 1050
f 1051 1052 1053
f 1054 1055 1056
f 1057 1058 1059
f 1060 1061 1062
f 1063 1064 1065
f 1066 1067 1068
f 1069 1070 1071
f 1072 1073 1074
f 1075 1076 1077
f 1078 1079 1080
f 1081 1082 1083
f 1084 1085 1086
f 1087 1088 1089
f 1090 1091 1092
f 1093 1094 1095
f 1096 1097 1098
f 1099 1100 1101
f 1102 1103 1104
f 1105 1106 1107
f 1108 1109 1110
f 1111 1112 1113
f 1114 1115 1116
f 1117 1118 1119
f 1120 1121 1122
f 1123 1124 1125
f 1126 1127 1128
f 1129 1130 1131
f 1132 1133 1134
f 1135 1136 1137
f 1138 1139 1140
f 1141 1142 1143
f 1144 1145 1146
f 1147 1148 1149
f 1150 1151 1152
f 1153 1154 1155
f 1156 1157 1158
f 1159 1160 1161
f 1162 1163 1164
f 1165 1166 1167
f 1168 1169 1170
f 1171 1172 1173
f 1174 1175 1176
f 1177 1178 1179
f 1180 1181 1182
f 1183 1184 1185
f 1186 1187 1188
f 1189 1190 1191
f 1192 1193 1194
f 1195 1196 1197
f 1198 1199 1200
f 1201 1202 1203
f 1204 1205 1206
f 1207 1208 1209
f 1210 1211 1212
f 1213 1214 1215
f 1216 1217 1218
f 1219 1220 1221
f 1222 1223 1224
f 1225 1226 1227
f 1228 1229 1230
f 1231 1232 1233
f 1234 1235 1236
f 1237 1238 1239
f 1240 1241 1242
f 1243 1244 1245
f 1246 1247 1248
f 1249 1250 1251
f 1252 1253 1254
f 1255 1256 1257
f 1258 1259 1260
f 1261 1262 1263
f 1264 1265 1266
f 1267 1268 1269
f 1270 1271 1272
f 1273 1274 1275
f 1276 1277 1278
f 1279 1280 1281
f 1282 1283 1284
f 1285 1286 1287
f 1288 1289 1290
f 1291 1292 1293
f 1294 1295 1296
f 1297 1298 1299
f 1300 1301 1302
f 1303 1304 1305
f 1306 1307 1308
f 1309 1310 1311
f 1312 1313 1314
f 1315 1316 1317
f 1318 1319 1320
f 1321 1322 1323
f 1324 1325 1326
f 1327 1328 1329
f 1330 1331 1332
f 1333 1334 1335
f 1336 1337 1338
f 1339 1340 1341
f 1342 1343 1344
f 1345 1346 1347
f 1348 1349 1350
f 1351 1352 1353
f 1354 1355 1356
f 1357 1358 1359
f 1360 1361 1362
f 1363 1364 1365
f 1366 1367 1368
f 1369 1370 1371
f 1372 1373 1374
f 1375 1376 1377
f 1378 1379 1380
f 1381 1382 1383
f 1384 1385 1386
f 1387 1388 1389
f 1390 1391 1392
f 1393 1394 1395
f 1396 1397 1398
f 1399 1400 1401
f 1402 1403 1404
f 1405 1406 1407
f 1408 1409 1410
f 1411 1412 1413
f 1414 1415 1416
f 1417 1418 1419
f 1420 1421 1422
f 1423 1424 1425
f 1426 1427 1428
f 1429 1430 1431
f 1432 1433 1434
f 1435 1436 1437
f 1438 1439 1440
f 1441 1442 1443
f 1444 1445 1446
f 1447 1448 1449
f 1450 1451 1452
f 1453 1454 1455
f 1456 1457 1458
f 1459 1460 1461
f 1462 1463 1464
f 1465 1466 1467
f 1468 1469 1470
f 1471 1472 1473
f 1474 1475 1476
f 1477 1478 1479
f 1480 1481 1482
f 1483 1484 1485
f 1486 1487 1488
f 1489 1490 1491
f 1492 1493 1494
f 1495 1496 1497
f 1498 1499 1500
f 1501 1502 1503
f 1504 1505 1506
f 1507 1508 1509
f 1510 1511 1512
f 1513 1514 1515
f 1516 1517 1518
f 1519 1520 1521
f 1522 1523 1524
f 1525 1526 1527
f 1528 1529 1530
f 1531 1532 1533
f 1534 1535 1536
f 1537 1538 1539
f 1540 1541 1542
f 1543 1544 1545
f 1546 1547 1548
f 1549 1550 1551
f 1552 1553 1554
f 1555 1556 1557
f 1558 1559 1560
f 1561 1562 1563
f 1564 1565 1566
f 1567 1568 1569
f 1570 1571 1572
f 1573 1574 1575
f 1576 1577 1578
f 1579 1580 1581
f 1582 1583 1584
f 1585 1586 1587
f 1588 1589 1590
f 1591 1592 1593
f 1594 1595 1596
f 1597 1598 1599
f 1600 1601 1602
f 1603 1604 1605
f 1606 1607 1608
f 1609 1610 1611
f 1612 1613 1614
f 1615 1616 1617
f 1618 1619 1620
f 1621 1622 1623
f 1624 1625 1626
f 1627 1628 1629
f 1630 1631 1632
f 1633 1634 1635
f 1636 1637 1638
f 1639 1640 1641
f 1642 1643 1644
f 1645 1646 1647
f 1648 1649 1650
f 1651 1652 1653
f 1654 1655 1656
f 1657 1658 1659
f 1660 1661 1662
f 1663 1664 1665
f 1666 1667 1668
f 1669 1670 1671
f 1672 1673 1674
f 1675 1676 1677
f 1678 1679 1680
f 1681 1682 1683
f 1684 1685 1686
f 1687 1688 1689
f 1690 1691 1692
f 1693 1694 1695
f 1696 1697 1698
f 1699 1700 1701
f 1702 1703 1704
f 1705 1706 1707
f 1708 1709 1710
f 1711 1712 1713
f 1714 1715 1716
f 1717 1718 1719
f 1720 1721 1722
f 1723 1724 1725
f 1726 1727 1728
f 1729 1730 1731
f 1732 1733 1734
f 1735 1736 1737
f 1738 1739 1740
f 1741 1742 1743
f 1744 1745 1746
f 1747 1748 1749
f 1750 1751 1752
f 1753 1754 1755
f 1756 1757 1758
f 1759 1760 1761
f 1762 1763 1764
f 1765 1766 1767
f 1768 1769 1770
f 1771 1772 1773
f 1774 1775 1776
f 1777 1778 1779
f 1780 1781 1782
f 1783 1784 1785
f 1786 1787 1788
f 1789 1790 1791
f 1792 1793 1794
f 1795 1796 1797
f 1798 1799 1800
f 1801 1802 1803
f 1804 1805 1806
f 1807 1808 1809
f 1810 1811 1812
f 1813 1814 1815
f 1816 1817 1818
f 1819 1820 1821
f 1822 1823 1824
f 1825 1826 1827
f 1828 1829 1830
f 1831 1832 1833
f 1834 1835 1836
f 1837 1838 1839
f 1840 1841 1842
f 1843 1844 1845
f 1846 1847 1848
f 1849 1850 1851
f 1852 1853 1854
f 1855 1856 1857
f 1858 1859 1860
f 1861 1862 1863
f 1864 1865 1866
f 1867 1868 1869
f 1870 1871 1872
f 1873 1874 1875
f 1876 1877 1878
f 1879 1880 1881
f 1882 1883 1884
f 1885 1886 1887
f 1888 1889 1890
f 1891 1892 1893
f 1894 1895 1896
f 1897 1898 1899
f 1900 1901 1902
f 1903 1904 1905
f 1906 1907 1908
f 1909 1910 1911
f 1912 1913 1914
f 1915 1916 1917
f 1918 1919 1920
f 1921 1922 1923
f 1924 1925 1926
f 1927 1928 1929
f 1930 1931 1932
f 1933 1934 1935
f 1936 1937 1938
f 1939 1940 1941
f 1942 1943 1944
f 1945 1946 1947
f 1948 1949 1950
f 1951 1952 1953
f 1954 1955 1956
f 1957 1958 1959
f 1960 1961 1962
f 1963 1964 1965
f 1966 1967 1968
f 1969 1970 1971
f 1972 1973 1974
f 1975 1976 1977
f 1978 1979 1980
f 1981 1982 1983
f 1984 1985 1986
f 1987 1988 1989
f 1990 1991 1992
f 1993 1994 1995
f 1996 1997 1998
f 1999 2000 2001
f 2002 2003 2004
f 2005 2006 2007
f 2008 2009 2010
f 2011 2012 2013
f 2014 2015 2016
f 2017 2018 2019
f 2020 2021 2022
f 2023 2024 2025
f 2026 2027 2028
f 2029 2030 2031
f 2032 2033 2034
f 2035 2036 2037
f 2038 2039 2040
f 2041 2042 2043
f 2044 2045 2046
f 2047 2048 2049
f 2050 2051 2052
f 2053 2054 2055
f 2056 2057 2058
f 2059 2060 2061
f 2062 2063 2064
f 2065 2066 2067
f 2068 2069 2070
f 2071 2072 2073
f 2074 2075 2076
f 2077 2078 2079
f 2080 2081 2082
f 2083 2084 2085
f 2086 2087 2088
f 2089 2090 2091
f 2092 2093 2094
f 2095 2096 2097
f 2098 2099 2100
f 2101 2102 2103
f 2104 2105 2106
f 2107 2108 2109
f 2110 2111 2112
f 2113 2114 2115
f 2116 2117 2118
f 2119 2120 2121
f 2122 2123 2124
f 2125 2126 2127
f 2128 2129 2130
f 2131 2132 2133
f 2134 2135 2136
f 2137 2138 2139
f 2140 2141 2142
f 2143 2144 2145
f 2146 2147 2148
f 2149 2150 2151
f 2152 2153 2154
f 2155 2156 2157
f 2158 2159 2160
f 2161 2162 2163
f 2164 2165 2166
f 2167 2168 2169
f 2170 2171 2172
f 2173 2174 2175
f 2176 2177 2178
f 2179 2180 2181
f 2182 2183 2184
f 2185 2186 2187
f 2188 2189 2190
f 2191 2192 2193
f 2194 2195 2196
f 2197 2198 2199
f 2200 2201 2202
f 2203 2204 2205
f 2206 2207 2208
f 2209 2210 2211
f 2212 2213 2214
f 2215 2216 2217
f 2218 2219 2220
f 2221 2222 2223
f 2224 2225 2226
f 2227 2228 2229
f 2230 2231 2232
f 2233 2234 2235
f 2236 2237 2238
f 2239 2240 2241
f 2242 2243 2244
f 2245 2246 2247
f 2248 2249 2250
f 2251 2252 2253
f 2254 2255 2256
f 2257 2258 2259
f 2260 2261 2262
f 2263 2264 2265
f 2266 2267 2268
f 2269 2270 2271
f 2272 2273 2274
f 2275 2276 2277
f 2278 2279 2280
f 2281 2282 2283
f 2284 2285 2286
f 2287 2288 2289
f 2290 2291 2292
f 2293 2294 2295
f 2296 2297 2298
f 2299 2300 2301
f 2302 2303 2304
f 2305 2306 2307
f 2308 2309 2310
f 2311 2312 2313
f 2314 2315 2316
f 2317 2318 2319
f 2320 2321 2322
f 2323 2324 2325
f 2326 2327 2328
f 2329 2330 2331
f 2332 2333 2334
f 2335 2336 2337
f 2338 2339 2340
f 2341 2342 2343
f 2344 2345 2346
f 2347 2348 2349
f 2350 2351 2352
f 2353 2354 2355
f 2356 2357 2358
f 2359 2360 2361
f 2362 2363 2364
f 2365 2366 2367
f 2368 2369 2370
f 2371 2372 2373
f 2374 2375 2376
f 2377 2378 2379
f 2380 2381 2382
f 2383 2384 2385
f 2386 2387 2388
f 2389 2390 2391
f 2392 2393 2394
f 2395 2396 2397
f 2398 2399 2400
f 2401 2402 2403
f 2404 2405 2406
f 2407 2408 2409
f 2410 2411 2412
f 2413 2414 2415
f 2416 2417 2418
f 2419 2420 2421
f 2422 2423 2424
f 2425 2426 2427
f 2428 2429 2430
f 2431 2432 2433
f 2434 2435 2436
f 2437 2438 2439
f 2440 2441 2442
f 2443 2444 2445
f 2446 2447 2448
f 2449 2450 2451
f 2452 2453 2454
f 2455 2456 2457
f 2458 2459 2460
f 2461 2462 2463
f 2464 2465 2466
f 2467 2468 2469
f 2470 2471 2472
f 2473 2474 2475
f 2476 2477 2478
f 2479 2480 2481
f 2482 2483 2484
f 2485 2486 2487
f 2488 2489 2490
f 2491 2492 2493
f 2494 2495 2496
f 2497 2498 2499
f 2500 2501 2502
f 2503 2504 2505
f 2506 2507 2508
f 2509 2510 2511
f 2512 2513 2514
f 2515 2516 2517
f 2518 2519 2520
f 2521 2522 2523
f 2524 2525 2526
f 2527 2528 2529
f 2530 2531 2532
f 2533 2534 2535
f 2536 2537 2538
f 2539 2540 2541
f 2542 2543 2544
f 2545 2546 2547
f 2548 2549 2550
f 2551 2552 2553
f 2554 2555 2556
f 2557 2558 2559
f 2560 2561 2562
f 2563 2564 2565
f 2566 2567 2568
f 2569 2570 2571
f 2572 2573 2574
f 2575 2576 2577
f 2578 2579 2580
f 2581 2582 2583
f 2584 2585 2586
f 2587 2588 2589
f 2590 2591 2592
f 2593 2594 2595
f 2596 2597 2598
f 2599 2600 2601
f 2602 2603 2604
f 2605 2606 2607
f 2608 2609 2610
f 2611 2612 2613
f 2614 2615 2616
f 2617 2618 2619
f 2620 2621 2622
f 2623 2624 2625
f 2626 2627 2628
f 2629 2630 2631
f 2632 2633 2634
f 2635 2636 2637
f 2638 2639 2640
f 2641 2642 2643
f 2644 2645 2646
f 2647 2648 2649
f 2650 2651 2652
f 2653 2654 2655
f 2656 2657 2658
f 2659 2660 2661
f 2662 2663 2664
f 2665 2666 2667
f 2668 2669 2670
f 2671 2672 2673
f 2674 2675 2676
f 2677 2678 2679
f 2680 2681 2682
f 2683 2684 2685
f 2686 2687 2688
f 2689 2690 2691
f 2692 2693 2694
f 2695 2696 2697
f 2698 2699 2700
f 2701 2702 2703
f 2704 2705 2706
f 2707 2708 2709
f 2710 2711 2712
f 2713 2714 2715
f 2716 2717 2718
f 2719 2720 2721
f 2722 2723 2724
f 2725 2726 2727
f 2728 2729 2730
f 2731 2732 2733
f 2734 2735 2736
f 2737 2738 2739
f 2740 2741 2742
f 2743 2744 2745
f 2746 2747 2748
f 2749 2750 2751
f 2752 2753 2754
f 2755 2756 2757
f 2758 2759 2760
f 2761 2762 2763
f 2764 2765 2766
f 2767 2768 2769
f 2770 2771 2772
f 2773 2774 2775
f 2776 2777 2778
f 2779 2780 2781
f 2782 2783 2784
f 2785 2786 2787
f 2788 2789 2790
f 2791 2792 2793
f 2794 2795 2796
f 2797 2798 2799
f 2800 2801 2802
f 2803 2804 2805
f 2806 2807 2808
f 2809 2810 2811
f 2812 2813 2814
f 2815 2816 2817
f 2818 2819 2820
f 2821 2822 2823
f 2824 2825 2826
f 2827 2828 2829
f 2830 2831 2832
f 2833 2834 2835
f 2836 2837 2838
f 2839 2840 2841
f 2842 2843 2844
f 2845 2846 2847
f 2848 2849 2850
f 2851 2852 2853
f 2854 2855 2856
f 2857 2858 2859
f 2860 2861 2862
f 2863 2864 2865
f 2866 2867 2868
f 2869 2870 2871
f 2872 2873 2874
f 2875 2876 2877
f 2878 2879 2880
f 2881 2882 2883
f 2884 2885 2886
f 2887 2888 2889
f 2890 2891 2892
f 2893 2894 2895
f 2896 2897 2898
f 2899 2900 2901
f 2902 2903 2904
f 2905 2906 2907
f 2908 2909 2910
f 2911 2912 2913
f 2914 2915 2916
f 2917 2918 2919
f 2920 2921 2922
f 2923 2924 2925
f 2926 2927 2928
f 2929 2930 2931
f 2932 2933 2934
f 2935 2936 2937
f 2938 2939 2940
f 2941 2942 2943
f 2944 2945 2946
f 2947 2948 2949
f 2950 2951 2952
f 2953 2954 2955
f 2956 2957 2958
f 2959 2960 2961
f 2962 2963 2964
f 2965 2966 2967
f 2968 2969 2970
f 2971 2972 2973
f 2974 2975 2976
f 2977 2978 2979
f 2980 2981 2982
f 2983 2984 2985
f 2986 2987 2988
f 2989 2990 2991
f 2992 2993 2994
f 2995 2996 2997
f 2998 2999 3000
f 3001 3002 3003
f 3004 3005 3006
f 3007 3008 3009
f 3010 3011 3012
f 3013 3014 3015
f 3016 3017 3018
f 3019 3020 3021
f 3022 3023 3024
f 3025 3026 3027
f 3028 3029 3030
f 3031 3032 3033
f 3034 3035 3036
f 3037 3038 3039
f 3040 3041 3042
f 3043 3044 3045
f 3046 3047 3048
f 3049 3050 3051
f 3052 3053 3054
f 3055 3056 3057
f 3058 3059 3060
f 3061 3062 3063
f 3064 3065 3066
f 3067 3068 3069
f 3070 3071 3072
f 3073 3074 3075
f 3076 3077 3078
f 3079 3080 3081
f 3082 3083 3084
f 3085 3086 3087
f 3088 3089 3090
f 3091 3092 3093
f 3094 3095 3096
f 3097 3098 3099
f 3100 3101 3102
f 3103 3104 3105
f 3106 3107 3108
f 3109 3110 3111
f 3112 3113 3114
f 3115 3116 3117
f 3118 3119 3120
f 3121 3122 3123
f 3124 3125 3126
f 3127 3128 3129
f 3130 3131 3132
f 3133 3134 3135
f 3136 3137 3138
f 3139 3140 3141
f 3142 3143 3144
f 3145 3146 3147
f 3148 3149 3150
f 3151 3152 3153
f 3154 3155 3156
f 3157 3158 3159
f 3160 3161 3162
f 3163 3164 3165
f 3166 3167 3168
f 3169 3170 3171
f 3172 3173 3174
f 3175 3176 3177
f 3178 3179 3180
f 3181 3182 3183
f 3184 3185 3186
f 3187 3188 3189
f 3190 3191 3192
f 3193 3194 3195
f 3196 3197 3198
f 3199 3200 3201
f 3202 3203 3204
f 3205 3206 3207
f 3208 3209 3210
f 3211 3212 3213
f 3214 3215 3216
f 3217 3218 3219
f 3220 3221 3222
f 3223 3224 3225
f 3226 3227 3228
f 3229 3230 3231
f 3232 3233 3234
f 3235 3236 3237
f 3238 3239 3240
f 3241 3242 3243
f 3244 3245 3246
f 3247 3248 3249
f 3250 3251 3252
f 3253 3254 3255
f 3256 3257 3258
f 3259 3260 3261
f 3262 3263 3264
f 3265 3266 3267
f 3268 3269 3270
f 3271 3272 3273
f 3274 3275 3276
f 3277 3278 3279
f 3280 3281 3282
f 3283 3284 3285
f 3286 3287 3288
f 3289 3290 3291
f 3292 3293 3294
f 3295 3296 3297
f 3298 3299 3300
f 3301 3302 3303
f 3304 3305 3306
f 3307 3308 3309
f 3310 3311 3312
f 3313 3314 3315
f 3316 3317 3318
f 3319 3320 3321
f 3322 3323 3324
f 3325 3326 3327
f 3328 3329 3330
f 3331 3332 3333
f 3334 3335 3336
f 3337 3338 3339
f 3340 3341 3342
f 3343 3344 3345
f 3346 3347 3348
f 3349 3350 3351
f 3352 3353 3354
f 3355 3356 3357
f 3358 3359 3360
f 3361 3362 3363
f 3364 3365 3366
f 3367 3368 3369
f 3370 3371 3372
f 3373 3374 3375
f 3376 3377 3378
f 3379 3380 3381
f 3382 3383 3384
f 3385 3386 3387
f 3388 3389 3390
f 3391 3392 3393
f 3394 3395 3396
f 3397 3398 3399
f 3400 3401 3402
f 3403 3404 3405
f 3406 3407 3408
f 3409 3410 3411
f 3412 3413 3414
f 3415 3416 3417
f 3418 3419 3420
f 3421 3422 3423
f 3424 3425 3426
f 3427 3428 3429
f 3430 3431 3432
f 3433 3434 3435
f 3436 3437 3438
f 3439 3440 3441
f 3442 3443 3444
f 3445 3446 3447
f 3448 3449 3450
f 3451 3452 3453
f 3454 3455 3456
f 3457 3458 3459
f 3460 3461 3462
f 3463 3464 3465
f 3466 3467 3468
f 3469 3470 3471
f 3472 3473 3474
f 3475 3476 3477
f 3478 3479 3480
f 3481 3482 3483
f 3484 3485 3486
f 3487 3488 3489
f 3490 3491 3492
f 3493 3494 3495
f 3496 3497 3498
f 3499 3500 3501
f 3502 3503 3504
f 3505 3506 3507
f 3508 3509 3510
f 3511 3512 3513
f 3514 3515 3516
f 3517 3518 3519
f 3520 3521 3522
f 3523 3524 3525
f 3526 3527 3528
f 3529 3530 3531
f 3532 3533 3534
f 3535 3536 3537
f 3538 3539 3540
f 3541 3542 3543
f 3544 3545 3546
f 3547 3548 3549
f 3550 3551 3552
f 3553 3554 3555
f 3556 3557 3558
f 3559 3560 3561
f 3562 3563 3564
f 3565 3566 3567
f 3568 3569 3570
f 3571 3572 3573
f 3574 3575 3576
f 3577 3578 3579
f 3580 3581 3582
f 3583 3584 3585
f 3586 3587 3588
f 3589 3590 3591
f 3592 3593 3594
f 3595 3596 3597
f 3598 3599 3600
f 3601 3602 3603
f 3604 3605 3606
f 3607 3608 3609
f 3610 3611 3612
f 3613 3614 3615
f 3616 3617 3618
f 3619 3620 3621
f 3622 3623 3624
f 3625 3626 3627
f 3628 3629 3630
f 3631 3632 3633
f 3634 3635 3636
f 3637 3638 3639
f 3640 3641 3642
f 3643 3644 3645
f 3646 3647 3648
f 3649 3650 3651
f 3652 3653 3654
f 3655 3656 3657
f 3658 3659 3660
f 3661 3662 3663
f 3664 3665 3666
f 3667 3668 3669
f 3670 3671 3672
f 3673 3674 3675
f 3676 3677 3678
f 3679 3680 3681
f 3682 3683 3684
f 3685 3686 3687
f 3688 3689 3690
f 3691 3692 3693
f 3694 3695 3696
f 3697 3698 3699
f 3700 3701 3702
f 3703 3704 3705
f 3706 3707 3708
f 3709 3710 3711
f 3712 3713 3714
f 3715 3716 3717
f 3718 3719 3720
f 3721 3722 3723
f 3724 3725 3726
f 3727 3728 3729
f 3730 3731 3732
f 3733 3734 3735
f 3736 3737 3738
f 3739 3740 3741
f 3742 3743 3744
f 3745 3746 3747
f 3748 3749 3750
f 3751 3752 3753
f 3754 3755 3756
f 3757 3758 3759
f 3760 3761 3762
f 3763 3764 3765
f 3766 3767 3768
f 3769 3770 3771
f 3772 3773 3774
f 3775 3776 3777
f 3778 3779 3780
f 3781 3782 3783
f 3784 3785 3786
